Time (UTC +02:00 yyyy-MM-dd HH:mm:ss);Frequency (A) (Hz)
2026-05-13 10:24:41;180288,47
2026-05-13 10:24:41;168918,92
2026-05-13 10:24:41;203804,34
2026-05-13 10:24:41;115740,75
2026-05-13 10:24:41;132978,73
2026-05-13 10:24:41;NaN
2026-05-13 10:24:41;367647,06
2026-05-13 10:24:41;97656,25
2026-05-13 10:24:41;294811,3
2026-05-13 10:24:41;231481,47
2026-05-13 10:24:41;191326,52
2026-05-13 10:24:41;71839,08
2026-05-13 10:24:41;178571,44
2026-05-13 10:24:41;290697,7
2026-05-13 10:24:41;403225,78
2026-05-13 10:24:41;176886,8
2026-05-13 10:24:41;154958,67
2026-05-13 10:24:41;132042,25
2026-05-13 10:24:41;192307,69
2026-05-13 10:24:41;NaN
2026-05-13 10:24:41;267094,03
2026-05-13 10:24:41;133928,56
2026-05-13 10:24:41;64432,992
2026-05-13 10:24:41;192307,69
2026-05-13 10:24:41;97656,25
2026-05-13 10:24:41;151209,67
2026-05-13 10:24:41;292056,1
2026-05-13 10:24:41;245098,03
2026-05-13 10:24:41;277777,78
2026-05-13 10:24:41;307377,06
2026-05-13 10:24:41;179856,12
2026-05-13 10:24:41;NaN
2026-05-13 10:24:41;277777,78
2026-05-13 10:24:41;290697,7
2026-05-13 10:24:41;147058,83
2026-05-13 10:24:41;244140,62
2026-05-13 10:24:41;162337,67
2026-05-13 10:24:41;199044,58
2026-05-13 10:24:41;245098,03
2026-05-13 10:24:41;156250
2026-05-13 10:24:41;362318,84
2026-05-13 10:24:41;151209,67
2026-05-13 10:24:41;93283,58
2026-05-13 10:24:41;263157,9
2026-05-13 10:24:41;210674,14
2026-05-13 10:24:41;178571,44
2026-05-13 10:24:41;229779,42
2026-05-13 10:24:41;NaN
2026-05-13 10:24:41;240384,61
2026-05-13 10:24:41;271739,12
2026-05-13 10:24:41;161637,92
2026-05-13 10:24:41;38580,25
2026-05-13 10:24:41;97656,25
2026-05-13 10:24:41;165929,2
2026-05-13 10:24:41;130208,32
2026-05-13 10:24:41;117924,54
2026-05-13 10:24:41;120192,305
2026-05-13 10:24:41;137362,62
2026-05-13 10:24:41;198412,7
2026-05-13 10:24:41;145348,84
2026-05-13 10:24:41;245098,03
2026-05-13 10:24:41;168918,92
2026-05-13 10:24:41;124172,195
2026-05-13 10:24:41;260416,67
2026-05-13 10:24:41;183823,52
2026-05-13 10:24:41;145348,84
2026-05-13 10:24:41;260416,67
2026-05-13 10:24:41;100806,445
2026-05-13 10:24:41;182481,77
2026-05-13 10:24:41;82781,46
2026-05-13 10:24:41;342465,75
2026-05-13 10:24:41;297619,06
2026-05-13 10:24:41;286697,25
2026-05-13 10:24:41;172018,34
2026-05-13 10:24:41;248015,86
2026-05-13 10:24:41;193298,97
2026-05-13 10:24:41;357142,88
2026-05-13 10:24:41;NaN
2026-05-13 10:24:41;260416,67
2026-05-13 10:24:41;260416,67
2026-05-13 10:24:41;160256,4
2026-05-13 10:24:41;120656,375
2026-05-13 10:24:41;125000
2026-05-13 10:24:41;367647,03
2026-05-13 10:24:41;260416,64
2026-05-13 10:24:41;235849,05
2026-05-13 10:24:41;235849,05
2026-05-13 10:24:41;367647,06
2026-05-13 10:24:41;187500
2026-05-13 10:24:41;156250,02
2026-05-13 10:24:41;108695,65
2026-05-13 10:24:41;250000
2026-05-13 10:24:41;73529,414
2026-05-13 10:24:41;201612,9
2026-05-13 10:24:41;213675,2
2026-05-13 10:24:41;390625
2026-05-13 10:24:41;271739,12
2026-05-13 10:24:41;161637,92
2026-05-13 10:24:41;123762,375
2026-05-13 10:24:41;148809,53
2026-05-13 10:24:41;213068,19
2026-05-13 10:24:41;206043,95
2026-05-13 10:24:41;183823,52
2026-05-13 10:24:41;312500
2026-05-13 10:24:41;192307,69
2026-05-13 10:24:41;197368,42
2026-05-13 10:24:41;373134,34
2026-05-13 10:24:41;105042,02
2026-05-13 10:24:41;134892,1
2026-05-13 10:24:41;117924,52
2026-05-13 10:24:41;117924,52
2026-05-13 10:24:41;264084,5
2026-05-13 10:24:41;99206,35
2026-05-13 10:24:41;446428,6
2026-05-13 10:24:41;183823,52
2026-05-13 10:24:41;281954,88
2026-05-13 10:24:41;316455,72
2026-05-13 10:24:41;140449,44
2026-05-13 10:24:41;54347,824
2026-05-13 10:24:41;NaN
2026-05-13 10:24:41;251436,77
2026-05-13 10:24:41;148809,52
2026-05-13 10:24:41;248015,86
2026-05-13 10:24:41;102459,02
2026-05-13 10:24:41;264830,53
2026-05-13 10:24:41;227272,73
2026-05-13 10:24:41;197368,42
2026-05-13 10:24:41;237341,77
2026-05-13 10:24:41;215517,23
2026-05-13 10:24:41;168918,92
2026-05-13 10:24:41;376506,03
2026-05-13 10:24:41;235849,05
2026-05-13 10:24:41;238095,23
2026-05-13 10:24:41;255102,05
2026-05-13 10:24:41;152439,03
2026-05-13 10:24:41;189393,94
2026-05-13 10:24:41;220588,25
2026-05-13 10:24:41;199468,1
2026-05-13 10:24:41;235849,08
2026-05-13 10:24:41;185643,56
2026-05-13 10:24:41;152439,02
2026-05-13 10:24:41;203252,05
2026-05-13 10:24:41;167410,72
2026-05-13 10:24:41;67204,3
2026-05-13 10:24:41;120192,305
2026-05-13 10:24:41;151209,67
2026-05-13 10:24:41;189393,94
2026-05-13 10:24:41;122549,016
2026-05-13 10:24:41;255847,97
2026-05-13 10:24:41;284090,9
2026-05-13 10:24:41;211864,4
2026-05-13 10:24:41;168918,92
2026-05-13 10:24:41;235849,08
2026-05-13 10:24:41;287356,3
2026-05-13 10:24:41;67934,78
2026-05-13 10:24:41;93283,58
2026-05-13 10:24:41;297619,06
2026-05-13 10:24:41;297619,06
2026-05-13 10:24:41;99206,35
2026-05-13 10:24:41;189393,94
2026-05-13 10:24:41;130208,336
2026-05-13 10:24:41;142045,45
2026-05-13 10:24:41;250000
2026-05-13 10:24:41;145348,84
2026-05-13 10:24:41;225903,61
2026-05-13 10:24:41;182038,83
2026-05-13 10:24:41;156250
2026-05-13 10:24:41;152439,02
2026-05-13 10:24:41;122549,016
2026-05-13 10:24:41;153688,53
2026-05-13 10:24:41;194099,38
2026-05-13 10:24:41;227272,73
2026-05-13 10:24:41;189393,94
2026-05-13 10:24:41;145348,84
2026-05-13 10:24:41;160256,4
2026-05-13 10:24:41;195312,5
2026-05-13 10:24:41;178571,44
2026-05-13 10:24:42;224820,16
2026-05-13 10:24:42;231481,47
2026-05-13 10:24:42;223214,3
2026-05-13 10:24:42;189393,94
2026-05-13 10:24:42;264830,53
2026-05-13 10:24:42;201612,89
2026-05-13 10:24:42;247524,75
2026-05-13 10:24:42;130208,336
2026-05-13 10:24:42;41946,31
2026-05-13 10:24:42;390625
2026-05-13 10:24:42;121753,25
2026-05-13 10:24:42;306372,53
2026-05-13 10:24:42;206611,58
2026-05-13 10:24:42;274725,28
2026-05-13 10:24:42;140449,44
2026-05-13 10:24:42;303398,06
2026-05-13 10:24:42;63131,312
2026-05-13 10:24:42;144230,77
2026-05-13 10:24:42;157563,02
2026-05-13 10:24:42;255102,05
2026-05-13 10:24:42;108381,51
2026-05-13 10:24:42;224820,16
2026-05-13 10:24:42;167410,72
2026-05-13 10:24:42;197368,42
2026-05-13 10:24:42;227272,73
2026-05-13 10:24:42;284090,9
2026-05-13 10:24:42;57870,375
2026-05-13 10:24:42;250000
2026-05-13 10:24:42;179856,11
2026-05-13 10:24:42;252016,14
2026-05-13 10:24:42;156250
2026-05-13 10:24:42;210674,17
2026-05-13 10:24:42;197784,8
2026-05-13 10:24:42;229779,42
2026-05-13 10:24:42;301204,8
2026-05-13 10:24:42;157563,02
2026-05-13 10:24:42;77160,49
2026-05-13 10:24:42;125000
2026-05-13 10:24:42;154702,97
2026-05-13 10:24:42;242718,44
2026-05-13 10:24:42;225903,61
2026-05-13 10:24:42;284090,94
2026-05-13 10:24:42;132978,72
2026-05-13 10:24:42;156250
2026-05-13 10:24:42;220588,25
2026-05-13 10:24:42;279850,75
2026-05-13 10:24:42;229357,78
2026-05-13 10:24:42;86805,555
2026-05-13 10:24:42;115740,75
2026-05-13 10:24:42;201612,89
2026-05-13 10:24:42;266768,3
2026-05-13 10:24:42;104166,67
2026-05-13 10:24:42;176056,34
2026-05-13 10:24:42;151209,69
2026-05-13 10:24:42;157563,03
2026-05-13 10:24:42;181159,42
2026-05-13 10:24:42;197368,42
2026-05-13 10:24:42;168918,92
2026-05-13 10:24:42;201612,9
2026-05-13 10:24:42;228658,55
2026-05-13 10:24:42;145348,84
2026-05-13 10:24:42;328947,38
2026-05-13 10:24:42;166666,66
2026-05-13 10:24:42;220588,25
2026-05-13 10:24:42;234962,4
2026-05-13 10:24:42;227272,73
2026-05-13 10:24:42;231481,5
2026-05-13 10:24:42;153688,53
2026-05-13 10:24:42;403225,8
2026-05-13 10:24:42;164473,69
2026-05-13 10:24:42;267094,03
2026-05-13 10:24:42;217391,3
2026-05-13 10:24:42;231481,5
2026-05-13 10:24:42;160256,4
2026-05-13 10:24:42;142045,47
2026-05-13 10:24:42;131578,95
2026-05-13 10:24:42;231481,5
2026-05-13 10:24:42;378787,88
2026-05-13 10:24:42;357142,84
2026-05-13 10:24:42;271739,12
2026-05-13 10:24:42;160256,4
2026-05-13 10:24:42;153688,53
2026-05-13 10:24:42;220588,25
2026-05-13 10:24:42;277777,78
2026-05-13 10:24:42;126262,625
2026-05-13 10:24:42;390625
2026-05-13 10:24:42;143678,16
2026-05-13 10:24:42;297619,06
2026-05-13 10:24:42;215517,23
2026-05-13 10:24:42;357142,88
2026-05-13 10:24:42;446428,6
2026-05-13 10:24:42;189393,94
2026-05-13 10:24:42;183823,53
2026-05-13 10:24:42;225903,61
2026-05-13 10:24:42;107142,86
2026-05-13 10:24:42;275735,28
2026-05-13 10:24:42;217391,33
2026-05-13 10:24:42;82236,836
2026-05-13 10:24:42;161637,92
2026-05-13 10:24:42;231481,5
2026-05-13 10:24:42;152439,03
2026-05-13 10:24:42;375000
2026-05-13 10:24:42;170454,55
2026-05-13 10:24:42;378787,88
2026-05-13 10:24:42;140977,44
2026-05-13 10:24:42;260416,67
2026-05-13 10:24:42;318877,56
2026-05-13 10:24:42;164473,69
2026-05-13 10:24:42;178571,44
2026-05-13 10:24:42;271739,12
2026-05-13 10:24:42;146484,38
2026-05-13 10:24:42;164473,69
2026-05-13 10:24:42;240384,61
2026-05-13 10:24:42;176886,8
2026-05-13 10:24:42;277777,78
2026-05-13 10:24:42;225225,2
2026-05-13 10:24:42;315656,56
2026-05-13 10:24:42;151209,67
2026-05-13 10:24:42;130208,336
2026-05-13 10:24:42;322164,97
2026-05-13 10:24:42;173611,11
2026-05-13 10:24:42;164473,69
2026-05-13 10:24:42;73529,414
2026-05-13 10:24:42;114678,89
2026-05-13 10:24:42;65789,47
2026-05-13 10:24:42;153374,23
2026-05-13 10:24:42;152439,02
2026-05-13 10:24:42;187125,75
2026-05-13 10:24:42;85616,44
2026-05-13 10:24:42;328947,34
2026-05-13 10:24:42;147058,83
2026-05-13 10:24:42;183823,52
2026-05-13 10:24:42;183823,52
2026-05-13 10:24:42;170454,53
2026-05-13 10:24:42;140449,44
2026-05-13 10:24:42;235849,05
2026-05-13 10:24:42;167785,23
2026-05-13 10:24:42;181159,42
2026-05-13 10:24:42;292056,1
2026-05-13 10:24:42;154958,67
2026-05-13 10:24:42;206043,95
2026-05-13 10:24:42;198412,7
2026-05-13 10:24:42;201612,89
2026-05-13 10:24:42;186567,17
2026-05-13 10:24:42;129533,67
2026-05-13 10:24:42;168918,92
2026-05-13 10:24:42;215517,23
2026-05-13 10:24:42;202922,1
2026-05-13 10:24:42;234375
2026-05-13 10:24:42;138888,89
2026-05-13 10:24:42;284090,9
2026-05-13 10:24:42;223214,3
2026-05-13 10:24:42;148221,34
2026-05-13 10:24:42;168918,92
2026-05-13 10:24:42;362318,84
2026-05-13 10:24:42;79113,92
2026-05-13 10:24:42;201612,9
2026-05-13 10:24:42;257731,97
2026-05-13 10:24:42;167410,72
2026-05-13 10:24:42;211864,4
2026-05-13 10:24:42;160256,4
2026-05-13 10:24:42;106837,62
2026-05-13 10:24:42;62500
2026-05-13 10:24:42;71839,08
2026-05-13 10:24:42;148809,53
2026-05-13 10:24:42;146484,38
2026-05-13 10:24:42;78616,35
2026-05-13 10:24:42;96153,84
2026-05-13 10:24:42;210084,03
2026-05-13 10:24:42;208333,34
2026-05-13 10:24:42;200000
2026-05-13 10:24:42;132042,25
2026-05-13 10:24:42;229357,81
2026-05-13 10:24:42;182481,75
2026-05-13 10:24:42;126689,19
2026-05-13 10:24:42;93984,96
2026-05-13 10:24:42;NaN
2026-05-13 10:24:42;181159,42
2026-05-13 10:24:42;279850,75
2026-05-13 10:24:42;185185,17
2026-05-13 10:24:42;110946,74
2026-05-13 10:24:42;201612,9
2026-05-13 10:24:42;NaN
2026-05-13 10:24:42;71839,08
2026-05-13 10:24:42;294117,66
2026-05-13 10:24:42;255102,05
2026-05-13 10:24:42;107758,62
2026-05-13 10:24:42;302419,34
2026-05-13 10:24:42;120967,74
2026-05-13 10:24:42;160256,4
2026-05-13 10:24:42;309405,94
2026-05-13 10:24:42;267857,12
2026-05-13 10:24:42;284090,9
2026-05-13 10:24:42;190839,69
2026-05-13 10:24:42;117924,54
2026-05-13 10:24:42;142045,45
2026-05-13 10:24:42;223214,3
2026-05-13 10:24:42;75301,2
2026-05-13 10:24:42;245098,03
2026-05-13 10:24:42;183823,53
2026-05-13 10:24:42;297619,06
2026-05-13 10:24:42;312500
2026-05-13 10:24:42;183823,53
2026-05-13 10:24:43;200534,77
2026-05-13 10:24:43;173611,11
2026-05-13 10:24:43;88028,17
2026-05-13 10:24:43;275735,3
2026-05-13 10:24:43;446428,6
2026-05-13 10:24:43;217391,3
2026-05-13 10:24:43;NaN
2026-05-13 10:24:43;105042,02
2026-05-13 10:24:43;213068,19
2026-05-13 10:24:43;118670,88
2026-05-13 10:24:43;256147,53
2026-05-13 10:24:43;218023,25
2026-05-13 10:24:43;229779,42
2026-05-13 10:24:43;74404,766
2026-05-13 10:24:43;147058,83
2026-05-13 10:24:43;281954,88
2026-05-13 10:24:43;83333,33
2026-05-13 10:24:43;120192,305
2026-05-13 10:24:43;51229,504
2026-05-13 10:24:43;183823,53
2026-05-13 10:24:43;201612,89
2026-05-13 10:24:43;105932,2
2026-05-13 10:24:43;191326,52
2026-05-13 10:24:43;156250
2026-05-13 10:24:43;113636,36
2026-05-13 10:24:43;223214,3
2026-05-13 10:24:43;150000
2026-05-13 10:24:43;185185,17
2026-05-13 10:24:43;246710,53
2026-05-13 10:24:43;247524,75
2026-05-13 10:24:43;130208,32
2026-05-13 10:24:43;148809,53
2026-05-13 10:24:43;248344,36
2026-05-13 10:24:43;315126,06
2026-05-13 10:24:43;211864,4
2026-05-13 10:24:43;203252,05
2026-05-13 10:24:43;71022,73
2026-05-13 10:24:43;176056,34
2026-05-13 10:24:43;97656,25
2026-05-13 10:24:43;183823,53
2026-05-13 10:24:43;128424,65
2026-05-13 10:24:43;183823,53
2026-05-13 10:24:43;168918,92
2026-05-13 10:24:43;189393,95
2026-05-13 10:24:43;210674,17
2026-05-13 10:24:43;231481,5
2026-05-13 10:24:43;72674,42
2026-05-13 10:24:43;231481,5
2026-05-13 10:24:43;215517,23
2026-05-13 10:24:43;171232,88
2026-05-13 10:24:43;271739,12
2026-05-13 10:24:43;568181,8
2026-05-13 10:24:43;252525,25
2026-05-13 10:24:43;157563,02
2026-05-13 10:24:43;217391,33
2026-05-13 10:24:43;128424,65
2026-05-13 10:24:43;225903,61
2026-05-13 10:24:43;250000
2026-05-13 10:24:43;446428,6
2026-05-13 10:24:43;NaN
2026-05-13 10:24:43;185643,56
2026-05-13 10:24:43;250000
2026-05-13 10:24:43;288461,53
2026-05-13 10:24:43;215517,23
2026-05-13 10:24:43;104166,664
2026-05-13 10:24:43;225903,61
2026-05-13 10:24:43;88028,17
2026-05-13 10:24:43;138888,89
2026-05-13 10:24:43;245098,03
2026-05-13 10:24:43;134892,1
2026-05-13 10:24:43;246710,53
2026-05-13 10:24:43;208333,33
2026-05-13 10:24:43;NaN
2026-05-13 10:24:43;213068,19
2026-05-13 10:24:43;182481,77
2026-05-13 10:24:43;156250
2026-05-13 10:24:43;129310,34
2026-05-13 10:24:43;106534,09
2026-05-13 10:24:43;231481,5
2026-05-13 10:24:43;140977,44
2026-05-13 10:24:43;176886,8
2026-05-13 10:24:43;NaN
2026-05-13 10:24:43;288461,53
2026-05-13 10:24:43;142045,45
2026-05-13 10:24:43;185643,56
2026-05-13 10:24:43;253378,38
2026-05-13 10:24:43;100806,445
2026-05-13 10:24:43;267094,03
2026-05-13 10:24:43;258264,47
2026-05-13 10:24:43;416666,66
2026-05-13 10:24:43;217391,3
2026-05-13 10:24:43;211864,4
2026-05-13 10:24:43;185643,56
2026-05-13 10:24:43;255102,05
2026-05-13 10:24:43;312500,03
2026-05-13 10:24:43;250000
2026-05-13 10:24:43;208333,34
2026-05-13 10:24:43;110294,125
2026-05-13 10:24:43;168918,92
2026-05-13 10:24:43;140449,44
2026-05-13 10:24:43;183823,53
2026-05-13 10:24:43;229779,42
2026-05-13 10:24:43;132978,72
2026-05-13 10:24:43;290697,7
2026-05-13 10:24:43;317796,62
2026-05-13 10:24:43;218023,25
2026-05-13 10:24:43;186567,17
2026-05-13 10:24:43;382653,03
2026-05-13 10:24:43;231481,5
2026-05-13 10:24:43;242718,44
2026-05-13 10:24:43;297619,06
2026-05-13 10:24:43;264830,53
2026-05-13 10:24:43;195312,5
2026-05-13 10:24:43;102459,02
2026-05-13 10:24:43;74404,766
2026-05-13 10:24:43;292968,75
2026-05-13 10:24:43;297619,06
2026-05-13 10:24:43;257731,97
2026-05-13 10:24:43;240384,61
2026-05-13 10:24:43;157563,02
2026-05-13 10:24:43;312500
2026-05-13 10:24:43;213068,19
2026-05-13 10:24:43;187500
2026-05-13 10:24:43;119047,62
2026-05-13 10:24:43;195312,5
2026-05-13 10:24:43;302419,38
2026-05-13 10:24:43;136292,83
2026-05-13 10:24:43;373134,34
2026-05-13 10:24:43;238095,23
2026-05-13 10:24:43;253378,4
2026-05-13 10:24:43;79113,92
2026-05-13 10:24:43;337837,84
2026-05-13 10:24:43;178571,44
2026-05-13 10:24:43;197368,42
2026-05-13 10:24:43;182481,75
2026-05-13 10:24:43;96899,23
2026-05-13 10:24:43;173611,11
2026-05-13 10:24:43;316455,7
2026-05-13 10:24:43;156250
2026-05-13 10:24:43;209731,55
2026-05-13 10:24:43;186011,9
2026-05-13 10:24:43;246710,53
2026-05-13 10:24:43;231481,5
2026-05-13 10:24:43;357142,88
2026-05-13 10:24:43;132978,72
2026-05-13 10:24:43;208333,33
2026-05-13 10:24:43;160256,4
2026-05-13 10:24:43;271739,12
2026-05-13 10:24:43;117924,52
2026-05-13 10:24:43;220588,25
2026-05-13 10:24:43;347222,22
2026-05-13 10:24:43;125000
2026-05-13 10:24:43;168918,92
2026-05-13 10:24:43;114678,89
2026-05-13 10:24:43;123355,266
2026-05-13 10:24:43;240384,61
2026-05-13 10:24:43;238095,23
2026-05-13 10:24:43;173611,11
2026-05-13 10:24:43;115740,75
2026-05-13 10:24:43;294117,66
2026-05-13 10:24:43;152439,03
2026-05-13 10:24:43;300480,78
2026-05-13 10:24:43;173611,11
2026-05-13 10:24:43;130208,336
2026-05-13 10:24:43;87412,586
2026-05-13 10:24:43;126262,625
2026-05-13 10:24:43;164473,67
2026-05-13 10:24:43;76219,516
2026-05-13 10:24:43;154958,67
2026-05-13 10:24:43;244140,62
2026-05-13 10:24:43;315126,06
2026-05-13 10:24:43;80645,164
2026-05-13 10:24:43;339673,9
2026-05-13 10:24:43;192307,7
2026-05-13 10:24:43;127551,02
2026-05-13 10:24:43;119047,62
2026-05-13 10:24:43;220588,22
2026-05-13 10:24:43;210674,17
2026-05-13 10:24:43;213068,19
2026-05-13 10:24:43;185643,56
2026-05-13 10:24:43;132978,72
2026-05-13 10:24:43;253378,38
2026-05-13 10:24:43;198412,7
2026-05-13 10:24:43;150602,4
2026-05-13 10:24:43;125000
2026-05-13 10:24:43;242718,44
2026-05-13 10:24:43;297619,03
2026-05-13 10:24:43;223214,3
2026-05-13 10:24:43;77160,5
2026-05-13 10:24:43;164473,67
2026-05-13 10:24:43;131578,95
2026-05-13 10:24:43;255102,05
2026-05-13 10:24:43;112612,62
2026-05-13 10:24:43;223214,3
2026-05-13 10:24:43;231481,5
2026-05-13 10:24:43;148809,53
2026-05-13 10:24:43;178571,44
2026-05-13 10:24:43;126262,625
2026-05-13 10:24:43;206043,95
2026-05-13 10:24:43;378787,88
2026-05-13 10:24:43;203804,34
2026-05-13 10:24:43;201612,9
2026-05-13 10:24:43;172018,34
2026-05-13 10:24:43;118670,88
2026-05-13 10:24:43;178571,44
2026-05-13 10:24:43;228658,53
2026-05-13 10:24:43;210084,03
2026-05-13 10:24:43;132978,72
2026-05-13 10:24:43;201612,89
2026-05-13 10:24:43;322164,97
2026-05-13 10:24:43;238549,62
2026-05-13 10:24:43;122549,016
2026-05-13 10:24:43;208333,33
2026-05-13 10:24:43;191326,52
2026-05-13 10:24:43;119047,62
2026-05-13 10:24:43;333333,3
2026-05-13 10:24:43;174825,17
2026-05-13 10:24:43;176886,8
2026-05-13 10:24:43;240384,61
2026-05-13 10:24:43;234962,4
2026-05-13 10:24:43;164473,67
2026-05-13 10:24:43;120192,305
2026-05-13 10:24:43;71839,08
2026-05-13 10:24:43;245098,03
2026-05-13 10:24:43;122549,016
2026-05-13 10:24:43;224550,9
2026-05-13 10:24:43;191326,55
2026-05-13 10:24:43;170454,53
2026-05-13 10:24:43;367647,06
2026-05-13 10:24:43;238095,23
2026-05-13 10:24:43;245098,03
2026-05-13 10:24:44;201612,9
2026-05-13 10:24:44;328947,38
2026-05-13 10:24:44;171232,88
2026-05-13 10:24:44;152439,03
2026-05-13 10:24:44;317029
2026-05-13 10:24:44;271739,12
2026-05-13 10:24:44;187125,75
2026-05-13 10:24:44;181159,42
2026-05-13 10:24:44;108695,65
2026-05-13 10:24:44;231481,5
2026-05-13 10:24:44;228658,55
2026-05-13 10:24:44;290697,7
2026-05-13 10:24:44;218023,25
2026-05-13 10:24:44;132978,72
2026-05-13 10:24:44;247524,75
2026-05-13 10:24:44;91911,76
2026-05-13 10:24:44;185185,17
2026-05-13 10:24:44;203804,34
2026-05-13 10:24:44;303398,06
2026-05-13 10:24:44;117924,54
2026-05-13 10:24:44;138888,89
2026-05-13 10:24:44;155279,5
2026-05-13 10:24:44;284090,9
2026-05-13 10:24:44;247524,75
2026-05-13 10:24:44;223214,3
2026-05-13 10:24:44;86405,52
2026-05-13 10:24:44;135869,56
2026-05-13 10:24:44;301204,8
2026-05-13 10:24:44;96153,85
2026-05-13 10:24:44;290697,7
2026-05-13 10:24:44;229357,81
2026-05-13 10:24:44;217013,89
2026-05-13 10:24:44;135869,56
2026-05-13 10:24:44;122549,016
2026-05-13 10:24:44;71839,08
2026-05-13 10:24:44;390625,03
2026-05-13 10:24:44;255102,05
2026-05-13 10:24:44;88652,484
2026-05-13 10:24:44;110619,46
2026-05-13 10:24:44;279850,75
2026-05-13 10:24:44;167410,72
2026-05-13 10:24:44;176886,8
2026-05-13 10:24:44;267857,12
2026-05-13 10:24:44;199468,08
2026-05-13 10:24:44;120192,305
2026-05-13 10:24:44;271739,12
2026-05-13 10:24:44;70224,72
2026-05-13 10:24:44;93984,96
2026-05-13 10:24:44;153688,53
2026-05-13 10:24:44;274122,8
2026-05-13 10:24:44;252525,25
2026-05-13 10:24:44;163398,7
2026-05-13 10:24:44;143678,16
2026-05-13 10:24:44;264830,5
2026-05-13 10:24:44;120967,74
2026-05-13 10:24:44;95419,84
2026-05-13 10:24:44;113636,37
2026-05-13 10:24:44;NaN
2026-05-13 10:24:44;308642
2026-05-13 10:24:44;125838,93
2026-05-13 10:24:44;121753,24
2026-05-13 10:24:44;152439,03
2026-05-13 10:24:44;148809,53
2026-05-13 10:24:44;187500
2026-05-13 10:24:44;255102,05
2026-05-13 10:24:44;144230,77
2026-05-13 10:24:44;195312,5
2026-05-13 10:24:44;176056,34
2026-05-13 10:24:44;225903,61
2026-05-13 10:24:44;204248,36
2026-05-13 10:24:44;260416,67
2026-05-13 10:24:44;90579,71
2026-05-13 10:24:44;122549,016
2026-05-13 10:24:44;140449,44
2026-05-13 10:24:44;125838,93
2026-05-13 10:24:44;250000
2026-05-13 10:24:44;104166,664
2026-05-13 10:24:44;220588,25
2026-05-13 10:24:44;233644,84
2026-05-13 10:24:44;132978,72
2026-05-13 10:24:44;309405,94
2026-05-13 10:24:44;176886,8
2026-05-13 10:24:44;156250
2026-05-13 10:24:44;297619,06
2026-05-13 10:24:44;89285,72
2026-05-13 10:24:44;147058,83
2026-05-13 10:24:44;355113,66
2026-05-13 10:24:44;60096,152
2026-05-13 10:24:44;148809,53
2026-05-13 10:24:44;237341,77
2026-05-13 10:24:44;213675,2
2026-05-13 10:24:44;231481,5
2026-05-13 10:24:44;125000
2026-05-13 10:24:44;318877,56
2026-05-13 10:24:44;208333,33
2026-05-13 10:24:44;250000
2026-05-13 10:24:44;177304,97
2026-05-13 10:24:44;154958,67
2026-05-13 10:24:44;223214,3
2026-05-13 10:24:44;238549,62
2026-05-13 10:24:44;187500
2026-05-13 10:24:44;352112,7
2026-05-13 10:24:44;246063
2026-05-13 10:24:44;109649,125
2026-05-13 10:24:44;136612,03
2026-05-13 10:24:44;229357,78
2026-05-13 10:24:44;109649,125
2026-05-13 10:24:44;237341,77
2026-05-13 10:24:44;328947,38
2026-05-13 10:24:44;138888,89
2026-05-13 10:24:44;303398,03
2026-05-13 10:24:44;206611,58
2026-05-13 10:24:44;292056,1
2026-05-13 10:24:44;231481,47
2026-05-13 10:24:44;119047,62
2026-05-13 10:24:44;177304,97
2026-05-13 10:24:44;260416,64
2026-05-13 10:24:44;145348,84
2026-05-13 10:24:44;292056,1
2026-05-13 10:24:44;171232,88
2026-05-13 10:24:44;224820,12
2026-05-13 10:24:44;367647,03
2026-05-13 10:24:44;186567,16
2026-05-13 10:24:44;51229,504
2026-05-13 10:24:44;192307,7
2026-05-13 10:24:44;69444,445
2026-05-13 10:24:44;172413,81
2026-05-13 10:24:44;187500
2026-05-13 10:24:44;206043,95
2026-05-13 10:24:44;217013,89
2026-05-13 10:24:44;151209,67
2026-05-13 10:24:44;223214,3
2026-05-13 10:24:44;150000
2026-05-13 10:24:44;215517,23
2026-05-13 10:24:44;86805,555
2026-05-13 10:24:44;275735,3
2026-05-13 10:24:44;181159,42
2026-05-13 10:24:44;242718,44
2026-05-13 10:24:44;NaN
2026-05-13 10:24:44;168918,92
2026-05-13 10:24:44;160256,4
2026-05-13 10:24:44;122549,016
2026-05-13 10:24:44;175233,64
2026-05-13 10:24:44;208333,33
2026-05-13 10:24:44;212585,02
2026-05-13 10:24:44;191326,52
2026-05-13 10:24:44;195312,5
2026-05-13 10:24:44;183823,53
2026-05-13 10:24:44;94696,98
2026-05-13 10:24:44;284090,9
2026-05-13 10:24:44;162337,67
2026-05-13 10:24:44;151209,67
2026-05-13 10:24:44;147058,83
2026-05-13 10:24:44;93984,96
2026-05-13 10:24:44;NaN
2026-05-13 10:24:44;107758,62
2026-05-13 10:24:44;312500
2026-05-13 10:24:44;115740,75
2026-05-13 10:24:44;238095,23
2026-05-13 10:24:44;260416,67
2026-05-13 10:24:44;176886,8
2026-05-13 10:24:44;225903,61
2026-05-13 10:24:44;215517,23
2026-05-13 10:24:44;210674,17
2026-05-13 10:24:44;133928,58
2026-05-13 10:24:44;206611,58
2026-05-13 10:24:44;157035,17
2026-05-13 10:24:44;258264,47
2026-05-13 10:24:44;214460,8
2026-05-13 10:24:44;168918,92
2026-05-13 10:24:44;117924,54
2026-05-13 10:24:44;43706,293
2026-05-13 10:24:44;122549,016
2026-05-13 10:24:44;306372,56
2026-05-13 10:24:44;201612,9
2026-05-13 10:24:44;172018,34
2026-05-13 10:24:44;67934,78
2026-05-13 10:24:44;164473,69
2026-05-13 10:24:44;303398,06
2026-05-13 10:24:44;161637,92
2026-05-13 10:24:44;353773,6
2026-05-13 10:24:44;165929,2
2026-05-13 10:24:44;NaN
2026-05-13 10:24:44;218023,25
2026-05-13 10:24:44;134892,08
2026-05-13 10:24:44;175233,64
2026-05-13 10:24:44;156250,02
2026-05-13 10:24:44;231481,47
2026-05-13 10:24:44;353773,6
2026-05-13 10:24:44;304878,06
2026-05-13 10:24:44;203804,34
2026-05-13 10:24:44;227272,73
2026-05-13 10:24:44;203804,34
2026-05-13 10:24:44;190839,69
2026-05-13 10:24:44;142045,45
2026-05-13 10:24:44;91911,766
2026-05-13 10:24:44;213068,19
2026-05-13 10:24:44;165929,2
2026-05-13 10:24:44;238549,61
2026-05-13 10:24:44;154958,67
2026-05-13 10:24:44;264084,5
2026-05-13 10:24:44;178571,44
2026-05-13 10:24:44;64102,562
2026-05-13 10:24:44;235849,08
2026-05-13 10:24:44;93283,586
2026-05-13 10:24:44;97656,25
2026-05-13 10:24:44;109649,125
2026-05-13 10:24:44;125000
2026-05-13 10:24:44;234962,4
2026-05-13 10:24:44;133928,58
2026-05-13 10:24:44;135869,56
2026-05-13 10:24:44;148809,53
2026-05-13 10:24:44;262237,78
2026-05-13 10:24:45;218023,27
2026-05-13 10:24:45;125000
2026-05-13 10:24:45;334821,44
2026-05-13 10:24:45;280898,88
2026-05-13 10:24:45;351123,6
2026-05-13 10:24:45;116822,42
2026-05-13 10:24:45;89285,71
2026-05-13 10:24:45;120192,305
2026-05-13 10:24:45;225903,61
2026-05-13 10:24:45;290697,7
2026-05-13 10:24:45;243506,5
2026-05-13 10:24:45;161082,48
2026-05-13 10:24:45;153688,53
2026-05-13 10:24:45;242718,44
2026-05-13 10:24:45;170454,55
2026-05-13 10:24:45;120967,74
2026-05-13 10:24:45;105042,016
2026-05-13 10:24:45;NaN
2026-05-13 10:24:45;112107,62
2026-05-13 10:24:45;228102,19
2026-05-13 10:24:45;175233,64
2026-05-13 10:24:45;255102,05
2026-05-13 10:24:45;220588,25
2026-05-13 10:24:45;83333,33
2026-05-13 10:24:45;274725,28
2026-05-13 10:24:45;213068,19
2026-05-13 10:24:45;143678,16
2026-05-13 10:24:45;125000
2026-05-13 10:24:45;243506,5
2026-05-13 10:24:45;353773,6
2026-05-13 10:24:45;152439,02
2026-05-13 10:24:45;195312,5
2026-05-13 10:24:45;125000
2026-05-13 10:24:45;215517,23
2026-05-13 10:24:45;121359,22
2026-05-13 10:24:45;148809,53
2026-05-13 10:24:45;221238,94
2026-05-13 10:24:45;187969,92
2026-05-13 10:24:45;173611,11
2026-05-13 10:24:45;173611,11
2026-05-13 10:24:45;127551,02
2026-05-13 10:24:45;367647,06
2026-05-13 10:24:45;307377,03
2026-05-13 10:24:45;231481,5
2026-05-13 10:24:45;152439,03
2026-05-13 10:24:45;131118,89
2026-05-13 10:24:45;189393,94
2026-05-13 10:24:45;208333,33
2026-05-13 10:24:45;306372,53
2026-05-13 10:24:45;126262,625
2026-05-13 10:24:45;94696,98
2026-05-13 10:24:45;128865,984
2026-05-13 10:24:45;223214,3
2026-05-13 10:24:45;171232,88
2026-05-13 10:24:45;191326,55
2026-05-13 10:24:45;189393,95
2026-05-13 10:24:45;235849,05
2026-05-13 10:24:45;255102,05
2026-05-13 10:24:45;294117,66
2026-05-13 10:24:45;237341,77
2026-05-13 10:24:45;120192,32
2026-05-13 10:24:45;201612,89
2026-05-13 10:24:45;186567,17
2026-05-13 10:24:45;142857,16
2026-05-13 10:24:45;134892,08
2026-05-13 10:24:45;179597,7
2026-05-13 10:24:45;196335,06
2026-05-13 10:24:45;275735,28
2026-05-13 10:24:45;166666,66
2026-05-13 10:24:45;61274,508
2026-05-13 10:24:45;242718,44
2026-05-13 10:24:45;156250
2026-05-13 10:24:45;253378,38
2026-05-13 10:24:45;192307,69
2026-05-13 10:24:45;213068,19
2026-05-13 10:24:45;137867,64
2026-05-13 10:24:45;297619,06
2026-05-13 10:24:45;250000
2026-05-13 10:24:45;134408,61
2026-05-13 10:24:45;189393,94
2026-05-13 10:24:45;156250
2026-05-13 10:24:45;NaN
2026-05-13 10:24:45;233644,84
2026-05-13 10:24:45;210674,14
2026-05-13 10:24:45;204918,02
2026-05-13 10:24:45;106837,6
2026-05-13 10:24:45;218023,27
2026-05-13 10:24:45;115740,75
2026-05-13 10:24:45;235849,08
2026-05-13 10:24:45;228658,53
2026-05-13 10:24:45;86206,9
2026-05-13 10:24:45;228658,53
2026-05-13 10:24:45;152439,03
2026-05-13 10:24:45;264084,53
2026-05-13 10:24:45;242718,44
2026-05-13 10:24:45;211864,4
2026-05-13 10:24:45;191326,52
2026-05-13 10:24:45;218023,25
2026-05-13 10:24:45;129310,34
2026-05-13 10:24:45;158227,84
2026-05-13 10:24:45;309405,94
2026-05-13 10:24:45;139925,38
2026-05-13 10:24:45;181159,42
2026-05-13 10:24:45;NaN
2026-05-13 10:24:45;176056,34
2026-05-13 10:24:45;147058,83
2026-05-13 10:24:45;353773,6
2026-05-13 10:24:45;309405,94
2026-05-13 10:24:45;277777,78
2026-05-13 10:24:45;82236,84
2026-05-13 10:24:45;102459,01
2026-05-13 10:24:45;170454,53
2026-05-13 10:24:45;195312,5
2026-05-13 10:24:45;91911,76
2026-05-13 10:24:45;137867,64
2026-05-13 10:24:45;175233,64
2026-05-13 10:24:45;120192,32
2026-05-13 10:24:45;183823,52
2026-05-13 10:24:45;90579,71
2026-05-13 10:24:45;92592,586
2026-05-13 10:24:45;114678,91
2026-05-13 10:24:45;159235,67
2026-05-13 10:24:45;165929,2
2026-05-13 10:24:45;88028,17
2026-05-13 10:24:45;181159,42
2026-05-13 10:24:45;175233,64
2026-05-13 10:24:45;138888,89
2026-05-13 10:24:45;195312,5
2026-05-13 10:24:45;206043,95
2026-05-13 10:24:45;218023,25
2026-05-13 10:24:45;312500
2026-05-13 10:24:45;208333,33
2026-05-13 10:24:45;215517,23
2026-05-13 10:24:45;223214,3
2026-05-13 10:24:45;304878,06
2026-05-13 10:24:45;236742,44
2026-05-13 10:24:45;NaN
2026-05-13 10:24:45;225225,2
2026-05-13 10:24:45;142045,45
2026-05-13 10:24:45;74404,766
2026-05-13 10:24:45;75301,2
2026-05-13 10:24:45;134892,08
2026-05-13 10:24:45;271739,12
2026-05-13 10:24:45;218531,48
2026-05-13 10:24:45;77160,49
2026-05-13 10:24:45;134408,61
2026-05-13 10:24:45;87412,586
2026-05-13 10:24:45;140977,44
2026-05-13 10:24:45;203804,34
2026-05-13 10:24:45;227272,72
2026-05-13 10:24:45;158227,86
2026-05-13 10:24:45;242718,44
2026-05-13 10:24:45;46296,293
2026-05-13 10:24:45;265957,44
2026-05-13 10:24:45;115740,75
2026-05-13 10:24:45;240384,64
2026-05-13 10:24:45;183823,53
2026-05-13 10:24:45;161637,92
2026-05-13 10:24:45;359195,4
2026-05-13 10:24:45;446428,6
2026-05-13 10:24:45;204918,05
2026-05-13 10:24:45;65789,48
2026-05-13 10:24:45;215517,23
2026-05-13 10:24:45;213068,19
2026-05-13 10:24:45;297619,06
2026-05-13 10:24:45;240384,61
2026-05-13 10:24:45;271739,12
2026-05-13 10:24:45;189393,94
2026-05-13 10:24:45;76219,516
2026-05-13 10:24:45;206043,95
2026-05-13 10:24:45;185643,56
2026-05-13 10:24:45;287356,3
2026-05-13 10:24:45;199468,08
2026-05-13 10:24:45;122549,016
2026-05-13 10:24:45;181159,42
2026-05-13 10:24:45;152439,03
2026-05-13 10:24:45;225225,23
2026-05-13 10:24:45;275735,28
2026-05-13 10:24:45;372023,8
2026-05-13 10:24:45;145348,84
2026-05-13 10:24:45;375000
2026-05-13 10:24:45;120192,305
2026-05-13 10:24:45;312500
2026-05-13 10:24:45;145914,4
2026-05-13 10:24:45;86206,9
2026-05-13 10:24:45;133928,56
2026-05-13 10:24:45;137362,62
2026-05-13 10:24:45;257731,97
2026-05-13 10:24:45;252525,25
2026-05-13 10:24:45;185643,56
2026-05-13 10:24:45;284090,94
2026-05-13 10:24:45;146198,83
2026-05-13 10:24:45;189393,94
2026-05-13 10:24:45;100806,445
2026-05-13 10:24:45;192307,69
2026-05-13 10:24:45;210674,14
2026-05-13 10:24:45;196540,89
2026-05-13 10:24:45;156250
2026-05-13 10:24:45;126689,19
2026-05-13 10:24:45;178571,44
2026-05-13 10:24:45;176056,34
2026-05-13 10:24:45;138888,89
2026-05-13 10:24:45;367647,06
2026-05-13 10:24:45;309405,94
2026-05-13 10:24:45;182038,84
2026-05-13 10:24:45;50000
2026-05-13 10:24:45;318877,56
2026-05-13 10:24:45;201612,89
2026-05-13 10:24:45;260416,67
2026-05-13 10:24:45;228658,53
2026-05-13 10:24:45;132978,73
2026-05-13 10:24:45;74404,766
2026-05-13 10:24:45;116822,44
2026-05-13 10:24:45;132978,73
2026-05-13 10:24:45;201612,89
2026-05-13 10:24:46;316455,7
2026-05-13 10:24:46;NaN
2026-05-13 10:24:46;148809,53
2026-05-13 10:24:46;120192,305
2026-05-13 10:24:46;114678,91
2026-05-13 10:24:46;138888,89
2026-05-13 10:24:46;139925,36
2026-05-13 10:24:46;225903,61
2026-05-13 10:24:46;168918,92
2026-05-13 10:24:46;169683,27
2026-05-13 10:24:46;323275,84
2026-05-13 10:24:46;189393,95
2026-05-13 10:24:46;138888,89
2026-05-13 10:24:46;168918,92
2026-05-13 10:24:46;208333,33
2026-05-13 10:24:46;206611,58
2026-05-13 10:24:46;121359,22
2026-05-13 10:24:46;257731,97
2026-05-13 10:24:46;284090,9
2026-05-13 10:24:46;147637,8
2026-05-13 10:24:46;192307,69
2026-05-13 10:24:46;171232,88
2026-05-13 10:24:46;204918,02
2026-05-13 10:24:46;206043,95
2026-05-13 10:24:46;252525,25
2026-05-13 10:24:46;181159,42
2026-05-13 10:24:46;150602,4
2026-05-13 10:24:46;185643,56
2026-05-13 10:24:46;210674,17
2026-05-13 10:24:46;125838,93
2026-05-13 10:24:46;376506
2026-05-13 10:24:46;206043,95
2026-05-13 10:24:46;153688,53
2026-05-13 10:24:46;164473,67
2026-05-13 10:24:46;233208,95
2026-05-13 10:24:46;231481,5
2026-05-13 10:24:46;300000
2026-05-13 10:24:46;233208,95
2026-05-13 10:24:46;271739,16
2026-05-13 10:24:46;246710,53
2026-05-13 10:24:46;156250,02
2026-05-13 10:24:46;220588,25
2026-05-13 10:24:46;103305,79
2026-05-13 10:24:46;280898,88
2026-05-13 10:24:46;228658,53
2026-05-13 10:24:46;181159,42
2026-05-13 10:24:46;210674,17
2026-05-13 10:24:46;215517,23
2026-05-13 10:24:46;267857,16
2026-05-13 10:24:46;156250
2026-05-13 10:24:46;135869,56
2026-05-13 10:24:46;289351,84
2026-05-13 10:24:46;138888,89
2026-05-13 10:24:46;347222,22
2026-05-13 10:24:46;367647,06
2026-05-13 10:24:46;140449,44
2026-05-13 10:24:46;195312,5
2026-05-13 10:24:46;116822,42
2026-05-13 10:24:46;336021,53
2026-05-13 10:24:46;115740,75
2026-05-13 10:24:46;172018,34
2026-05-13 10:24:46;112951,805
2026-05-13 10:24:46;203804,34
2026-05-13 10:24:46;372023,8
2026-05-13 10:24:46;201612,9
2026-05-13 10:24:46;150000
2026-05-13 10:24:46;132978,72
2026-05-13 10:24:46;122549,016
2026-05-13 10:24:46;297619,06
2026-05-13 10:24:46;154321
2026-05-13 10:24:46;240384,64
2026-05-13 10:24:46;108381,51
2026-05-13 10:24:46;96899,23
2026-05-13 10:24:46;267857,12
2026-05-13 10:24:46;185643,56
2026-05-13 10:24:46;63775,51
2026-05-13 10:24:46;161637,92
2026-05-13 10:24:46;153688,53
2026-05-13 10:24:46;416666,66
2026-05-13 10:24:46;137362,64
2026-05-13 10:24:46;142045,45
2026-05-13 10:24:46;247524,75
2026-05-13 10:24:46;307377,06
2026-05-13 10:24:46;133928,56
2026-05-13 10:24:46;257731,97
2026-05-13 10:24:46;121359,22
2026-05-13 10:24:46;132978,73
2026-05-13 10:24:46;260416,67
2026-05-13 10:24:46;167112,3
2026-05-13 10:24:46;77160,5
2026-05-13 10:24:46;139925,38
2026-05-13 10:24:46;140977,44
2026-05-13 10:24:46;201612,9
2026-05-13 10:24:46;79113,92
2026-05-13 10:24:46;102459,01
2026-05-13 10:24:46;182038,83
2026-05-13 10:24:46;152439,03
2026-05-13 10:24:46;347222,22
2026-05-13 10:24:46;223214,3
2026-05-13 10:24:46;154958,67
2026-05-13 10:24:46;82964,6
2026-05-13 10:24:46;125838,93
2026-05-13 10:24:46;355113,62
2026-05-13 10:24:46;183823,53
2026-05-13 10:24:46;294811,34
2026-05-13 10:24:46;82781,46
2026-05-13 10:24:46;134408,61
2026-05-13 10:24:46;210674,14
2026-05-13 10:24:46;193298,97
2026-05-13 10:24:46;195312,5
2026-05-13 10:24:46;219298,25
2026-05-13 10:24:46;152439,03
2026-05-13 10:24:46;59808,613
2026-05-13 10:24:46;193798,45
2026-05-13 10:24:46;166666,66
2026-05-13 10:24:46;154958,67
2026-05-13 10:24:46;235849,08
2026-05-13 10:24:46;200000
2026-05-13 10:24:46;80128,2
2026-05-13 10:24:46;367647,06
2026-05-13 10:24:46;74850,305
2026-05-13 10:24:46;NaN
2026-05-13 10:24:46;113636,37
2026-05-13 10:24:46;326492,53
2026-05-13 10:24:46;218023,27
2026-05-13 10:24:46;201612,9
2026-05-13 10:24:46;93984,96
2026-05-13 10:24:46;104166,664
2026-05-13 10:24:46;193798,45
2026-05-13 10:24:46;112612,6
2026-05-13 10:24:46;157563,02
2026-05-13 10:24:46;165929,2
2026-05-13 10:24:46;130208,336
2026-05-13 10:24:46;187969,92
2026-05-13 10:24:46;150602,4
2026-05-13 10:24:46;130208,336
2026-05-13 10:24:46;220588,25
2026-05-13 10:24:46;227272,73
2026-05-13 10:24:46;132978,72
2026-05-13 10:24:46;318877,56
2026-05-13 10:24:46;367647,06
2026-05-13 10:24:46;229357,78
2026-05-13 10:24:46;223214,3
2026-05-13 10:24:46;357142,88
2026-05-13 10:24:46;328947,38
2026-05-13 10:24:46;199468,1
2026-05-13 10:24:46;189393,94
2026-05-13 10:24:46;446428,6
2026-05-13 10:24:46;210084,05
2026-05-13 10:24:46;189393,95
2026-05-13 10:24:46;253378,38
2026-05-13 10:24:46;223214,3
2026-05-13 10:24:46;195312,5
2026-05-13 10:24:46;292056,1
2026-05-13 10:24:46;190839,69
2026-05-13 10:24:46;152439,03
2026-05-13 10:24:46;183823,53
2026-05-13 10:24:46;201612,89
2026-05-13 10:24:46;277777,78
2026-05-13 10:24:46;206043,95
2026-05-13 10:24:46;347222,25
2026-05-13 10:24:46;176886,8
2026-05-13 10:24:46;243506,5
2026-05-13 10:24:46;55309,734
2026-05-13 10:24:46;93283,586
2026-05-13 10:24:46;390625
2026-05-13 10:24:46;320512,8
2026-05-13 10:24:46;172018,34
2026-05-13 10:24:46;362318,84
2026-05-13 10:24:46;76219,516
2026-05-13 10:24:46;56818,184
2026-05-13 10:24:46;50607,293
2026-05-13 10:24:46;173611,11
2026-05-13 10:24:46;167410,72
2026-05-13 10:24:46;93283,586
2026-05-13 10:24:46;97656,25
2026-05-13 10:24:46;173611,11
2026-05-13 10:24:46;148809,53
2026-05-13 10:24:46;200000
2026-05-13 10:24:46;150602,4
2026-05-13 10:24:46;279850,75
2026-05-13 10:24:46;108695,65
2026-05-13 10:24:46;242718,44
2026-05-13 10:24:46;287356,3
2026-05-13 10:24:46;158227,86
2026-05-13 10:24:46;199468,08
2026-05-13 10:24:46;183823,53
2026-05-13 10:24:46;119047,62
2026-05-13 10:24:46;294117,66
2026-05-13 10:24:46;104166,664
2026-05-13 10:24:46;238095,23
2026-05-13 10:24:46;367647,06
2026-05-13 10:24:46;130208,336
2026-05-13 10:24:46;204918,02
2026-05-13 10:24:46;210084,05
2026-05-13 10:24:46;215517,23
2026-05-13 10:24:46;100806,45
2026-05-13 10:24:46;221631,2
2026-05-13 10:24:46;162760,42
2026-05-13 10:24:46;182481,77
2026-05-13 10:24:46;227272,73
2026-05-13 10:24:46;180288,47
2026-05-13 10:24:46;378787,9
2026-05-13 10:24:46;297619,06
2026-05-13 10:24:46;231481,5
2026-05-13 10:24:46;280898,88
2026-05-13 10:24:46;240384,61
2026-05-13 10:24:46;158227,84
2026-05-13 10:24:46;181159,42
2026-05-13 10:24:46;235849,05
2026-05-13 10:24:46;255102,05
2026-05-13 10:24:46;152439,02
2026-05-13 10:24:46;135869,56
2026-05-13 10:24:46;192307,7
2026-05-13 10:24:46;195312,5
2026-05-13 10:24:46;142045,45
2026-05-13 10:24:46;145348,84
2026-05-13 10:24:46;225225,23
2026-05-13 10:24:46;206611,56
2026-05-13 10:24:46;200000
2026-05-13 10:24:46;208333,33
2026-05-13 10:24:46;175233,64
2026-05-13 10:24:46;347222,22
2026-05-13 10:24:46;58411,21
2026-05-13 10:24:46;120772,95
2026-05-13 10:24:46;203252,05
2026-05-13 10:24:46;168918,92
2026-05-13 10:24:46;210084,03
2026-05-13 10:24:46;163043,47
2026-05-13 10:24:47;122549,016
2026-05-13 10:24:47;104748,6
2026-05-13 10:24:47;132978,72
2026-05-13 10:24:47;276548,66
2026-05-13 10:24:47;223214,3
2026-05-13 10:24:47;234375
2026-05-13 10:24:47;195312,5
2026-05-13 10:24:47;95419,84
2026-05-13 10:24:47;134408,61
2026-05-13 10:24:47;176056,34
2026-05-13 10:24:47;157563,02
2026-05-13 10:24:47;120967,74
2026-05-13 10:24:47;234962,4
2026-05-13 10:24:47;142045,45
2026-05-13 10:24:47;161637,92
2026-05-13 10:24:47;131578,95
2026-05-13 10:24:47;223214,3
2026-05-13 10:24:47;164473,67
2026-05-13 10:24:47;264084,5
2026-05-13 10:24:47;103305,79
2026-05-13 10:24:47;133928,58
2026-05-13 10:24:47;56818,18
2026-05-13 10:24:47;190355,33
2026-05-13 10:24:47;123762,375
2026-05-13 10:24:47;168918,92
2026-05-13 10:24:47;167410,72
2026-05-13 10:24:47;86805,555
2026-05-13 10:24:47;121753,24
2026-05-13 10:24:47;180288,47
2026-05-13 10:24:47;192307,69
2026-05-13 10:24:47;211864,4
2026-05-13 10:24:47;86805,555
2026-05-13 10:24:47;403225,8
2026-05-13 10:24:47;163398,7
2026-05-13 10:24:47;182038,84
2026-05-13 10:24:47;480769,28
2026-05-13 10:24:47;290697,7
2026-05-13 10:24:47;168918,92
2026-05-13 10:24:47;308098,6
2026-05-13 10:24:47;189393,94
2026-05-13 10:24:47;309405,94
2026-05-13 10:24:47;240384,64
2026-05-13 10:24:47;NaN
2026-05-13 10:24:47;153186,27
2026-05-13 10:24:47;250000
2026-05-13 10:24:47;109649,125
2026-05-13 10:24:47;110619,47
2026-05-13 10:24:47;250000
2026-05-13 10:24:47;130208,336
2026-05-13 10:24:47;131578,95
2026-05-13 10:24:47;245098,03
2026-05-13 10:24:47;117924,52
2026-05-13 10:24:47;120192,305
2026-05-13 10:24:47;143678,16
2026-05-13 10:24:47;337837,84
2026-05-13 10:24:47;221631,2
2026-05-13 10:24:47;309405,94
2026-05-13 10:24:47;229357,78
2026-05-13 10:24:47;144230,77
2026-05-13 10:24:47;287356,3
2026-05-13 10:24:47;160256,42
2026-05-13 10:24:47;77160,5
2026-05-13 10:24:47;231481,5
2026-05-13 10:24:47;309405,94
2026-05-13 10:24:47;156250
2026-05-13 10:24:47;144230,77
2026-05-13 10:24:47;140449,44
2026-05-13 10:24:47;196850,39
2026-05-13 10:24:47;162337,66
2026-05-13 10:24:47;256849,33
2026-05-13 10:24:47;72674,42
2026-05-13 10:24:47;127551,02
2026-05-13 10:24:47;217391,3
2026-05-13 10:24:47;143678,16
2026-05-13 10:24:47;147058,83
2026-05-13 10:24:47;297619,06
2026-05-13 10:24:47;260416,67
2026-05-13 10:24:47;146484,38
2026-05-13 10:24:47;195312,5
2026-05-13 10:24:47;182038,84
2026-05-13 10:24:47;82781,46
2026-05-13 10:24:47;192307,69
2026-05-13 10:24:47;357142,88
2026-05-13 10:24:47;176056,34
2026-05-13 10:24:47;127551,01
2026-05-13 10:24:47;178571,44
2026-05-13 10:24:47;189393,94
2026-05-13 10:24:47;128424,65
2026-05-13 10:24:47;180635,83
2026-05-13 10:24:47;210674,17
2026-05-13 10:24:47;128205,14
2026-05-13 10:24:47;173611,11
2026-05-13 10:24:47;168918,92
2026-05-13 10:24:47;195312,5
2026-05-13 10:24:47;160256,4
2026-05-13 10:24:47;227272,73
2026-05-13 10:24:47;168918,92
2026-05-13 10:24:47;193298,97
2026-05-13 10:24:47;190839,69
2026-05-13 10:24:47;181159,42
2026-05-13 10:24:47;239071,05
2026-05-13 10:24:47;215517,23
2026-05-13 10:24:47;132978,73
2026-05-13 10:24:47;255102,05
2026-05-13 10:24:47;357142,88
2026-05-13 10:24:47;250000
2026-05-13 10:24:47;258264,47
2026-05-13 10:24:47;446428,6
2026-05-13 10:24:47;294117,66
2026-05-13 10:24:47;267857,16
2026-05-13 10:24:47;228658,53
2026-05-13 10:24:47;167410,72
2026-05-13 10:24:47;110294,125
2026-05-13 10:24:47;250000
2026-05-13 10:24:47;168918,92
2026-05-13 10:24:47;223214,3
2026-05-13 10:24:47;173611,11
2026-05-13 10:24:47;231481,5
2026-05-13 10:24:47;256849,33
2026-05-13 10:24:47;120192,305
2026-05-13 10:24:47;162337,67
2026-05-13 10:24:47;143678,16
2026-05-13 10:24:47;160256,4
2026-05-13 10:24:47;193298,97
2026-05-13 10:24:47;183823,53
2026-05-13 10:24:47;145348,84
2026-05-13 10:24:47;236742,44
2026-05-13 10:24:47;115740,75
2026-05-13 10:24:47;135869,56
2026-05-13 10:24:47;156250
2026-05-13 10:24:47;73529,414
2026-05-13 10:24:47;75301,2
2026-05-13 10:24:47;264084,5
2026-05-13 10:24:47;181159,42
2026-05-13 10:24:47;268817,22
2026-05-13 10:24:47;221238,94
2026-05-13 10:24:47;138888,89
2026-05-13 10:24:47;208333,33
2026-05-13 10:24:47;204918,02
2026-05-13 10:24:47;NaN
2026-05-13 10:24:47;262605,03
2026-05-13 10:24:47;98425,195
2026-05-13 10:24:47;367647,06
2026-05-13 10:24:47;253378,38
2026-05-13 10:24:47;63775,51
2026-05-13 10:24:47;164473,69
2026-05-13 10:24:47;125000
2026-05-13 10:24:47;292056,1
2026-05-13 10:24:47;250000
2026-05-13 10:24:47;210674,14
2026-05-13 10:24:47;159235,67
2026-05-13 10:24:47;119047,62
2026-05-13 10:24:47;108695,65
2026-05-13 10:24:47;147637,8
2026-05-13 10:24:47;154958,67
2026-05-13 10:24:47;250000
2026-05-13 10:24:47;90579,71
2026-05-13 10:24:47;181159,42
2026-05-13 10:24:47;97656,25
2026-05-13 10:24:47;113636,37
2026-05-13 10:24:47;210084,05
2026-05-13 10:24:47;63775,51
2026-05-13 10:24:47;160256,4
2026-05-13 10:24:47;137867,66
2026-05-13 10:24:47;142045,45
2026-05-13 10:24:47;247524,75
2026-05-13 10:24:47;173611,11
2026-05-13 10:24:47;198412,69
2026-05-13 10:24:47;186567,17
2026-05-13 10:24:47;267094,03
2026-05-13 10:24:47;260416,67
2026-05-13 10:24:47;52966,1
2026-05-13 10:24:47;168918,92
2026-05-13 10:24:47;171232,88
2026-05-13 10:24:47;157563,03
2026-05-13 10:24:47;195312,5
2026-05-13 10:24:47;219298,25
2026-05-13 10:24:47;181159,42
2026-05-13 10:24:47;446428,5
2026-05-13 10:24:47;94696,97
2026-05-13 10:24:47;357142,88
2026-05-13 10:24:47;116822,42
2026-05-13 10:24:47;225903,61
2026-05-13 10:24:47;150602,4
2026-05-13 10:24:47;150000
2026-05-13 10:24:47;480769,16
2026-05-13 10:24:47;157563,02
2026-05-13 10:24:47;215517,23
2026-05-13 10:24:47;98425,195
2026-05-13 10:24:47;255102,05
2026-05-13 10:24:47;256849,3
2026-05-13 10:24:47;271739,12
2026-05-13 10:24:47;264830,5
2026-05-13 10:24:47;274122,8
2026-05-13 10:24:47;213675,23
2026-05-13 10:24:47;189393,94
2026-05-13 10:24:47;206043,95
2026-05-13 10:24:47;116459,625
2026-05-13 10:24:47;NaN
2026-05-13 10:24:47;267857,16
2026-05-13 10:24:47;86206,9
2026-05-13 10:24:47;154958,67
2026-05-13 10:24:47;355113,66
2026-05-13 10:24:47;255102,05
2026-05-13 10:24:47;NaN
2026-05-13 10:24:47;166666,66
2026-05-13 10:24:47;176056,34
2026-05-13 10:24:47;131578,95
2026-05-13 10:24:47;125838,93
2026-05-13 10:24:47;147058,83
2026-05-13 10:24:47;297619,06
2026-05-13 10:24:47;175233,64
2026-05-13 10:24:47;376506,03
2026-05-13 10:24:47;231481,5
2026-05-13 10:24:47;416666,66
2026-05-13 10:24:47;103305,79
2026-05-13 10:24:47;105932,2
2026-05-13 10:24:47;108695,65
2026-05-13 10:24:47;213068,19
2026-05-13 10:24:47;206043,95
2026-05-13 10:24:47;195312,5
2026-05-13 10:24:47;185643,56
2026-05-13 10:24:47;178571,44
2026-05-13 10:24:47;143678,16
2026-05-13 10:24:47;182038,83
2026-05-13 10:24:47;150602,4
2026-05-13 10:24:48;154321
2026-05-13 10:24:48;121359,22
2026-05-13 10:24:48;126903,55
2026-05-13 10:24:48;347222,22
2026-05-13 10:24:48;302419,34
2026-05-13 10:24:48;105042,02
2026-05-13 10:24:48;416666,7
2026-05-13 10:24:48;180288,47
2026-05-13 10:24:48;126689,19
2026-05-13 10:24:48;187500
2026-05-13 10:24:48;103305,79
2026-05-13 10:24:48;176056,34
2026-05-13 10:24:48;154958,67
2026-05-13 10:24:48;65789,48
2026-05-13 10:24:48;220588,25
2026-05-13 10:24:48;154958,67
2026-05-13 10:24:48;168918,92
2026-05-13 10:24:48;250000
2026-05-13 10:24:48;290697,7
2026-05-13 10:24:48;163043,47
2026-05-13 10:24:48;357142,88
2026-05-13 10:24:48;236486,48
2026-05-13 10:24:48;167785,25
2026-05-13 10:24:48;173611,11
2026-05-13 10:24:48;213068,19
2026-05-13 10:24:48;109649,125
2026-05-13 10:24:48;198412,69
2026-05-13 10:24:48;208333,34
2026-05-13 10:24:48;255102,05
2026-05-13 10:24:48;322164,97
2026-05-13 10:24:48;204918,02
2026-05-13 10:24:48;NaN
2026-05-13 10:24:48;156250
2026-05-13 10:24:48;284090,9
2026-05-13 10:24:48;111607,15
2026-05-13 10:24:48;100806,45
2026-05-13 10:24:48;480769,16
2026-05-13 10:24:48;176056,34
2026-05-13 10:24:48;66964,28
2026-05-13 10:24:48;156250
2026-05-13 10:24:48;228658,53
2026-05-13 10:24:48;85616,445
2026-05-13 10:24:48;127551,02
2026-05-13 10:24:48;125838,93
2026-05-13 10:24:48;49212,598
2026-05-13 10:24:48;215517,23
2026-05-13 10:24:48;172018,34
2026-05-13 10:24:48;176886,8
2026-05-13 10:24:48;301204,8
2026-05-13 10:24:48;215517,23
2026-05-13 10:24:48;208333,34
2026-05-13 10:24:48;197784,83
2026-05-13 10:24:48;168918,92
2026-05-13 10:24:48;315656,56
2026-05-13 10:24:48;200000
2026-05-13 10:24:48;218023,27
2026-05-13 10:24:48;290697,7
2026-05-13 10:24:48;237341,77
2026-05-13 10:24:48;84459,46
2026-05-13 10:24:48;215517,23
2026-05-13 10:24:48;363372,1
2026-05-13 10:24:48;175233,66
2026-05-13 10:24:48;153374,23
2026-05-13 10:24:48;85616,44
2026-05-13 10:24:48;152439,03
2026-05-13 10:24:48;185185,17
2026-05-13 10:24:48;171232,88
2026-05-13 10:24:48;431034,47
2026-05-13 10:24:48;274122,8
2026-05-13 10:24:48;168918,92
2026-05-13 10:24:48;137362,62
2026-05-13 10:24:48;215517,23
2026-05-13 10:24:48;156250
2026-05-13 10:24:48;183823,53
2026-05-13 10:24:48;158227,84
2026-05-13 10:24:48;378787,9
2026-05-13 10:24:48;152439,03
2026-05-13 10:24:48;134408,61
2026-05-13 10:24:48;380434,78
2026-05-13 10:24:48;132042,25
2026-05-13 10:24:48;126262,625
2026-05-13 10:24:48;96899,23
2026-05-13 10:24:48;254065,06
2026-05-13 10:24:48;208333,33
2026-05-13 10:24:48;297619,06
2026-05-13 10:24:48;199044,58
2026-05-13 10:24:48;250000
2026-05-13 10:24:48;301204,8
2026-05-13 10:24:48;297619,06
2026-05-13 10:24:48;233644,84
2026-05-13 10:24:48;189393,95
2026-05-13 10:24:48;163043,47
2026-05-13 10:24:48;353773,6
2026-05-13 10:24:48;154321
2026-05-13 10:24:48;145348,84
2026-05-13 10:24:48;275735,3
2026-05-13 10:24:48;161637,92
2026-05-13 10:24:48;176056,34
2026-05-13 10:24:48;NaN
2026-05-13 10:24:48;140977,44
2026-05-13 10:24:48;231481,5
2026-05-13 10:24:48;142045,45
2026-05-13 10:24:48;142045,47
2026-05-13 10:24:48;340909,1
2026-05-13 10:24:48;309405,94
2026-05-13 10:24:48;NaN
2026-05-13 10:24:48;198412,69
2026-05-13 10:24:48;201612,9
2026-05-13 10:24:48;185643,56
2026-05-13 10:24:48;302419,34
2026-05-13 10:24:48;178571,44
2026-05-13 10:24:48;160256,4
2026-05-13 10:24:48;187500
2026-05-13 10:24:48;382653,1
2026-05-13 10:24:48;219298,25
2026-05-13 10:24:48;130208,336
2026-05-13 10:24:48;117187,5
2026-05-13 10:24:48;163043,48
2026-05-13 10:24:48;94696,98
2026-05-13 10:24:48;277777,78
2026-05-13 10:24:48;186567,17
2026-05-13 10:24:48;147637,8
2026-05-13 10:24:48;89928,06
2026-05-13 10:24:48;229357,78
2026-05-13 10:24:48;231481,5
2026-05-13 10:24:48;231481,5
2026-05-13 10:24:48;223214,3
2026-05-13 10:24:48;225225,23
2026-05-13 10:24:48;178571,44
2026-05-13 10:24:48;115740,75
2026-05-13 10:24:48;201612,9
2026-05-13 10:24:48;80128,2
2026-05-13 10:24:48;117924,52
2026-05-13 10:24:48;267094,03
2026-05-13 10:24:48;245098,06
2026-05-13 10:24:48;247524,75
2026-05-13 10:24:48;91911,766
2026-05-13 10:24:48;367647,06
2026-05-13 10:24:48;172413,8
2026-05-13 10:24:48;168918,92
2026-05-13 10:24:48;170454,55
2026-05-13 10:24:48;248015,86
2026-05-13 10:24:48;182038,83
2026-05-13 10:24:48;125000
2026-05-13 10:24:48;147929
2026-05-13 10:24:48;208333,33
2026-05-13 10:24:48;340909,06
2026-05-13 10:24:48;173611,11
2026-05-13 10:24:48;195312,5
2026-05-13 10:24:48;160256,4
2026-05-13 10:24:48;156250
2026-05-13 10:24:48;367647,03
2026-05-13 10:24:48;132042,25
2026-05-13 10:24:48;99734,04
2026-05-13 10:24:48;173611,12
2026-05-13 10:24:48;164473,7
2026-05-13 10:24:48;160256,4
2026-05-13 10:24:48;180288,47
2026-05-13 10:24:48;235849,08
2026-05-13 10:24:48;288461,53
2026-05-13 10:24:48;123762,375
2026-05-13 10:24:48;112612,62
2026-05-13 10:24:48;63775,51
2026-05-13 10:24:48;130208,336
2026-05-13 10:24:48;167410,72
2026-05-13 10:24:48;93984,96
2026-05-13 10:24:48;88028,17
2026-05-13 10:24:48;78616,35
2026-05-13 10:24:48;111607,15
2026-05-13 10:24:48;180288,47
2026-05-13 10:24:48;158898,3
2026-05-13 10:24:48;128424,664
2026-05-13 10:24:48;130208,32
2026-05-13 10:24:48;166666,66
2026-05-13 10:24:48;160256,4
2026-05-13 10:24:48;146484,38
2026-05-13 10:24:48;225225,2
2026-05-13 10:24:48;254065,06
2026-05-13 10:24:48;186567,16
2026-05-13 10:24:48;315126,06
2026-05-13 10:24:48;252525,25
2026-05-13 10:24:48;83892,625
2026-05-13 10:24:48;90579,71
2026-05-13 10:24:48;235849,08
2026-05-13 10:24:48;208333,33
2026-05-13 10:24:48;367647,06
2026-05-13 10:24:48;297619,06
2026-05-13 10:24:48;378787,88
2026-05-13 10:24:48;190839,69
2026-05-13 10:24:48;86805,555
2026-05-13 10:24:48;262605,03
2026-05-13 10:24:48;134408,61
2026-05-13 10:24:48;176056,34
2026-05-13 10:24:48;351123,6
2026-05-13 10:24:48;280898,88
2026-05-13 10:24:48;65789,48
2026-05-13 10:24:48;150000
2026-05-13 10:24:48;81168,836
2026-05-13 10:24:48;225903,61
2026-05-13 10:24:48;183823,52
2026-05-13 10:24:48;210674,17
2026-05-13 10:24:48;255102,05
2026-05-13 10:24:48;220588,25
2026-05-13 10:24:48;292968,75
2026-05-13 10:24:48;332446,8
2026-05-13 10:24:48;83333,33
2026-05-13 10:24:48;260416,67
2026-05-13 10:24:48;195312,5
2026-05-13 10:24:48;199468,08
2026-05-13 10:24:48;136861,33
2026-05-13 10:24:48;77639,76
2026-05-13 10:24:48;148809,53
2026-05-13 10:24:48;96153,84
2026-05-13 10:24:48;174825,17
2026-05-13 10:24:48;382653,03
2026-05-13 10:24:48;121753,25
2026-05-13 10:24:48;215517,23
2026-05-13 10:24:48;255102,05
2026-05-13 10:24:48;78616,36
2026-05-13 10:24:48;132978,72
2026-05-13 10:24:48;245098,03
2026-05-13 10:24:48;280898,88
2026-05-13 10:24:48;204918,02
2026-05-13 10:24:48;250000
2026-05-13 10:24:48;201612,89
2026-05-13 10:24:48;215517,23
2026-05-13 10:24:48;204918,05
2026-05-13 10:24:48;215517,23
2026-05-13 10:24:48;128205,14
2026-05-13 10:24:48;360576,94
2026-05-13 10:24:48;193798,45
2026-05-13 10:24:48;260416,67
2026-05-13 10:24:48;199468,08
2026-05-13 10:24:48;235849,08
2026-05-13 10:24:48;187969,92
2026-05-13 10:24:48;203252,05
2026-05-13 10:24:48;95419,84
2026-05-13 10:24:48;136861,31
2026-05-13 10:24:48;287356,3
2026-05-13 10:24:48;231481,5
2026-05-13 10:24:48;210084,05
2026-05-13 10:24:48;520833,34
2026-05-13 10:24:49;145348,84
2026-05-13 10:24:49;176886,8
2026-05-13 10:24:49;250000
2026-05-13 10:24:49;153688,53
2026-05-13 10:24:49;117924,52
2026-05-13 10:24:49;84459,46
2026-05-13 10:24:49;390625
2026-05-13 10:24:49;71022,73
2026-05-13 10:24:49;206043,95
2026-05-13 10:24:49;201612,89
2026-05-13 10:24:49;101626,02
2026-05-13 10:24:49;213068,19
2026-05-13 10:24:49;301204,8
2026-05-13 10:24:49;83333,336
2026-05-13 10:24:49;146484,38
2026-05-13 10:24:49;166666,66
2026-05-13 10:24:49;331858,4
2026-05-13 10:24:49;153374,23
2026-05-13 10:24:49;138121,55
2026-05-13 10:24:49;156250
2026-05-13 10:24:49;260416,67
2026-05-13 10:24:49;147058,83
2026-05-13 10:24:49;157232,7
2026-05-13 10:24:49;183823,52
2026-05-13 10:24:49;110619,47
2026-05-13 10:24:49;218023,25
2026-05-13 10:24:49;181159,42
2026-05-13 10:24:49;127551,02
2026-05-13 10:24:49;NaN
2026-05-13 10:24:49;195312,5
2026-05-13 10:24:49;132978,72
2026-05-13 10:24:49;271739,12
2026-05-13 10:24:49;240384,61
2026-05-13 10:24:49;245098,03
2026-05-13 10:24:49;208333,33
2026-05-13 10:24:49;218023,25
2026-05-13 10:24:49;144508,67
2026-05-13 10:24:49;101626,02
2026-05-13 10:24:49;154958,67
2026-05-13 10:24:49;204918,05
2026-05-13 10:24:49;360576,94
2026-05-13 10:24:49;190548,78
2026-05-13 10:24:49;167410,72
2026-05-13 10:24:49;181159,42
2026-05-13 10:24:49;215517,23
2026-05-13 10:24:49;145348,84
2026-05-13 10:24:49;187500
2026-05-13 10:24:49;139925,38
2026-05-13 10:24:49;140449,44
2026-05-13 10:24:49;235849,08
2026-05-13 10:24:49;136612,03
2026-05-13 10:24:49;163043,47
2026-05-13 10:24:49;115740,734
2026-05-13 10:24:49;223214,3
2026-05-13 10:24:49;154321
2026-05-13 10:24:49;161637,92
2026-05-13 10:24:49;276548,7
2026-05-13 10:24:49;137362,62
2026-05-13 10:24:49;218023,25
2026-05-13 10:24:49;197368,42
2026-05-13 10:24:49;116822,42
2026-05-13 10:24:49;170068,03
2026-05-13 10:24:49;156250,02
2026-05-13 10:24:49;240384,61
2026-05-13 10:24:49;233644,84
2026-05-13 10:24:49;202922,1
2026-05-13 10:24:49;210970,47
2026-05-13 10:24:49;245098,03
2026-05-13 10:24:49;167410,72
2026-05-13 10:24:49;204248,36
2026-05-13 10:24:49;342465,75
2026-05-13 10:24:49;263157,9
2026-05-13 10:24:49;157563,02
2026-05-13 10:24:49;161290,33
2026-05-13 10:24:49;357142,84
2026-05-13 10:24:49;154958,67
2026-05-13 10:24:49;98425,195
2026-05-13 10:24:49;385802,47
2026-05-13 10:24:49;245098,03
2026-05-13 10:24:49;193298,97
2026-05-13 10:24:49;119047,62
2026-05-13 10:24:49;237341,77
2026-05-13 10:24:49;145348,84
2026-05-13 10:24:49;115740,75
2026-05-13 10:24:49;181159,42
2026-05-13 10:24:49;143678,16
2026-05-13 10:24:49;342465,75
2026-05-13 10:24:49;227272,73
2026-05-13 10:24:49;158898,31
2026-05-13 10:24:49;347222,22
2026-05-13 10:24:49;367647,03
2026-05-13 10:24:49;304878,03
2026-05-13 10:24:49;156250
2026-05-13 10:24:49;115740,734
2026-05-13 10:24:49;215517,23
2026-05-13 10:24:49;275735,28
2026-05-13 10:24:49;127551,02
2026-05-13 10:24:49;176056,34
2026-05-13 10:24:49;142045,45
2026-05-13 10:24:49;99734,05
2026-05-13 10:24:49;140449,44
2026-05-13 10:24:49;181159,42
2026-05-13 10:24:49;178571,44
2026-05-13 10:24:49;147058,83
2026-05-13 10:24:49;82236,84
2026-05-13 10:24:49;76687,12
2026-05-13 10:24:49;210674,17
2026-05-13 10:24:49;324675,3
2026-05-13 10:24:49;189393,95
2026-05-13 10:24:49;160256,4
2026-05-13 10:24:49;244140,62
2026-05-13 10:24:49;256147,53
2026-05-13 10:24:49;100806,45
2026-05-13 10:24:49;357142,84
2026-05-13 10:24:49;240384,64
2026-05-13 10:24:49;96899,23
2026-05-13 10:24:49;135869,56
2026-05-13 10:24:49;271739,12
2026-05-13 10:24:49;201612,9
2026-05-13 10:24:49;306372,53
2026-05-13 10:24:49;151209,67
2026-05-13 10:24:49;190839,69
2026-05-13 10:24:49;238095,23
2026-05-13 10:24:49;89285,72
2026-05-13 10:24:49;160256,4
2026-05-13 10:24:49;147058,83
2026-05-13 10:24:49;100000
2026-05-13 10:24:49;223214,3
2026-05-13 10:24:49;160256,42
2026-05-13 10:24:49;263157,9
2026-05-13 10:24:49;320512,8
2026-05-13 10:24:49;219298,25
2026-05-13 10:24:49;112612,62
2026-05-13 10:24:49;231481,5
2026-05-13 10:24:49;277777,78
2026-05-13 10:24:49;80645,164
2026-05-13 10:24:49;189393,92
2026-05-13 10:24:49;90579,71
2026-05-13 10:24:49;122549,016
2026-05-13 10:24:49;252525,25
2026-05-13 10:24:49;210674,17
2026-05-13 10:24:49;245098,03
2026-05-13 10:24:49;154958,67
2026-05-13 10:24:49;426136,38
2026-05-13 10:24:49;111607,15
2026-05-13 10:24:49;187500
2026-05-13 10:24:49;154321
2026-05-13 10:24:49;288461,53
2026-05-13 10:24:49;250000
2026-05-13 10:24:49;122549,03
2026-05-13 10:24:49;154958,67
2026-05-13 10:24:49;180288,47
2026-05-13 10:24:49;376506
2026-05-13 10:24:49;217013,89
2026-05-13 10:24:49;132978,72
2026-05-13 10:24:49;198412,7
2026-05-13 10:24:49;240384,64
2026-05-13 10:24:49;128865,984
2026-05-13 10:24:49;243506,5
2026-05-13 10:24:49;185643,56
2026-05-13 10:24:49;182038,83
2026-05-13 10:24:49;201612,9
2026-05-13 10:24:49;297619,06
2026-05-13 10:24:49;110619,47
2026-05-13 10:24:49;240384,61
2026-05-13 10:24:49;54347,824
2026-05-13 10:24:49;NaN
2026-05-13 10:24:49;78616,35
2026-05-13 10:24:49;347222,22
2026-05-13 10:24:49;231481,5
2026-05-13 10:24:49;317796,62
2026-05-13 10:24:49;86206,9
2026-05-13 10:24:49;64432,992
2026-05-13 10:24:49;96153,84
2026-05-13 10:24:49;337837,84
2026-05-13 10:24:49;267094,03
2026-05-13 10:24:49;263157,9
2026-05-13 10:24:49;153374,23
2026-05-13 10:24:49;173611,11
2026-05-13 10:24:49;275735,28
2026-05-13 10:24:49;121359,22
2026-05-13 10:24:49;223214,3
2026-05-13 10:24:49;375000
2026-05-13 10:24:49;480769,28
2026-05-13 10:24:49;153688,53
2026-05-13 10:24:49;219298,25
2026-05-13 10:24:49;176056,34
2026-05-13 10:24:49;219298,25
2026-05-13 10:24:49;180288,47
2026-05-13 10:24:49;122549,016
2026-05-13 10:24:49;135869,56
2026-05-13 10:24:49;384615,38
2026-05-13 10:24:49;211864,4
2026-05-13 10:24:49;116822,42
2026-05-13 10:24:49;130208,336
2026-05-13 10:24:49;223214,3
2026-05-13 10:24:49;170454,55
2026-05-13 10:24:49;274725,25
2026-05-13 10:24:50;182038,83
2026-05-13 10:24:50;109649,125
2026-05-13 10:24:50;384615,38
2026-05-13 10:24:50;182481,77
2026-05-13 10:24:50;72674,42
2026-05-13 10:24:50;178571,44
2026-05-13 10:24:50;173611,11
2026-05-13 10:24:50;82781,46
2026-05-13 10:24:50;347222,22
2026-05-13 10:24:50;196850,39
2026-05-13 10:24:50;102459,02
2026-05-13 10:24:50;208333,33
2026-05-13 10:24:50;173611,11
2026-05-13 10:24:50;142045,45
2026-05-13 10:24:50;116459,625
2026-05-13 10:24:50;95419,84
2026-05-13 10:24:50;176886,78
2026-05-13 10:24:50;235849,08
2026-05-13 10:24:50;187500
2026-05-13 10:24:50;211864,4
2026-05-13 10:24:50;267094,03
2026-05-13 10:24:50;117924,54
2026-05-13 10:24:50;156250
2026-05-13 10:24:50;135869,56
2026-05-13 10:24:50;94696,97
2026-05-13 10:24:50;264830,5
2026-05-13 10:24:50;252525,25
2026-05-13 10:24:50;103305,79
2026-05-13 10:24:50;180288,47
2026-05-13 10:24:50;260416,67
2026-05-13 10:24:50;105042,02
2026-05-13 10:24:50;223214,3
2026-05-13 10:24:50;203804,34
2026-05-13 10:24:50;218023,25
2026-05-13 10:24:50;303398,03
2026-05-13 10:24:50;197368,42
2026-05-13 10:24:50;231481,5
2026-05-13 10:24:50;156250,02
2026-05-13 10:24:50;238095,23
2026-05-13 10:24:50;193798,45
2026-05-13 10:24:50;260416,67
2026-05-13 10:24:50;183823,53
2026-05-13 10:24:50;172018,34
2026-05-13 10:24:50;103305,79
2026-05-13 10:24:50;328947,38
2026-05-13 10:24:50;131578,95
2026-05-13 10:24:50;252525,25
2026-05-13 10:24:50;284090,9
2026-05-13 10:24:50;196850,39
2026-05-13 10:24:50;133928,58
2026-05-13 10:24:50;135869,56
2026-05-13 10:24:50;271739,12
2026-05-13 10:24:50;132042,25
2026-05-13 10:24:50;234375
2026-05-13 10:24:50;235849,05
2026-05-13 10:24:50;138888,89
2026-05-13 10:24:50;128865,984
2026-05-13 10:24:50;126262,625
2026-05-13 10:24:50;281954,88
2026-05-13 10:24:50;180288,47
2026-05-13 10:24:50;143348,62
2026-05-13 10:24:50;84459,46
2026-05-13 10:24:50;304878,06
2026-05-13 10:24:50;260416,67
2026-05-13 10:24:50;213675,23
2026-05-13 10:24:50;317796,6
2026-05-13 10:24:50;199468,1
2026-05-13 10:24:50;320512,8
2026-05-13 10:24:50;100806,45
2026-05-13 10:24:50;385802,5
2026-05-13 10:24:50;240384,61
2026-05-13 10:24:50;297619,06
2026-05-13 10:24:50;51652,895
2026-05-13 10:24:50;292056,1
2026-05-13 10:24:50;187969,92
2026-05-13 10:24:50;315656,56
2026-05-13 10:24:50;347222,22
2026-05-13 10:24:50;160256,4
2026-05-13 10:24:50;208333,33
2026-05-13 10:24:50;265957,47
2026-05-13 10:24:50;178571,44
2026-05-13 10:24:50;154321
2026-05-13 10:24:50;235849,08
2026-05-13 10:24:50;161637,92
2026-05-13 10:24:50;163043,48
2026-05-13 10:24:50;113636,37
2026-05-13 10:24:50;107758,62
2026-05-13 10:24:50;104166,664
2026-05-13 10:24:50;267857,16
2026-05-13 10:24:50;203252,05
2026-05-13 10:24:50;NaN
2026-05-13 10:24:50;294811,3
2026-05-13 10:24:50;247524,75
2026-05-13 10:24:50;NaN
2026-05-13 10:24:50;260416,67
2026-05-13 10:24:50;140977,44
2026-05-13 10:24:50;250000
2026-05-13 10:24:50;317029
2026-05-13 10:24:50;147637,8
2026-05-13 10:24:50;125000
2026-05-13 10:24:50;177304,97
2026-05-13 10:24:50;189393,94
2026-05-13 10:24:50;130208,336
2026-05-13 10:24:50;113636,37
2026-05-13 10:24:50;152439,03
2026-05-13 10:24:50;145348,84
2026-05-13 10:24:50;151209,67
2026-05-13 10:24:50;121359,22
2026-05-13 10:24:50;312500
2026-05-13 10:24:50;201612,89
2026-05-13 10:24:50;189393,95
2026-05-13 10:24:50;225903,61
2026-05-13 10:24:50;350467,28
2026-05-13 10:24:50;NaN
2026-05-13 10:24:50;154320,98
2026-05-13 10:24:50;203252,02
2026-05-13 10:24:50;262605,03
2026-05-13 10:24:50;71022,73
2026-05-13 10:24:50;446428,6
2026-05-13 10:24:50;145348,84
2026-05-13 10:24:50;256147,53
2026-05-13 10:24:50;71839,08
2026-05-13 10:24:50;245098,03
2026-05-13 10:24:50;197368,42
2026-05-13 10:24:50;223214,3
2026-05-13 10:24:50;268817,2
2026-05-13 10:24:50;367647,03
2026-05-13 10:24:50;170454,55
2026-05-13 10:24:50;168918,92
2026-05-13 10:24:50;247524,75
2026-05-13 10:24:50;67934,78
2026-05-13 10:24:50;210084,03
2026-05-13 10:24:50;79617,836
2026-05-13 10:24:50;105042,02
2026-05-13 10:24:50;288461,53
2026-05-13 10:24:50;152439,02
2026-05-13 10:24:50;154958,67
2026-05-13 10:24:50;178571,44
2026-05-13 10:24:50;181159,42
2026-05-13 10:24:50;168918,92
2026-05-13 10:24:50;363372,1
2026-05-13 10:24:50;292056,1
2026-05-13 10:24:50;235849,05
2026-05-13 10:24:50;187969,92
2026-05-13 10:24:50;198412,7
2026-05-13 10:24:50;235849,08
2026-05-13 10:24:50;286697,25
2026-05-13 10:24:50;446428,6
2026-05-13 10:24:50;173611,11
2026-05-13 10:24:50;284090,94
2026-05-13 10:24:50;138888,89
2026-05-13 10:24:50;228658,53
2026-05-13 10:24:50;138888,89
2026-05-13 10:24:50;260416,67
2026-05-13 10:24:50;183823,53
2026-05-13 10:24:50;157232,7
2026-05-13 10:24:50;203252,05
2026-05-13 10:24:50;228658,53
2026-05-13 10:24:50;101626,02
2026-05-13 10:24:50;140449,44
2026-05-13 10:24:50;271739,12
2026-05-13 10:24:50;208333,33
2026-05-13 10:24:50;173611,11
2026-05-13 10:24:50;168918,92
2026-05-13 10:24:50;208333,33
2026-05-13 10:24:50;170454,55
2026-05-13 10:24:50;135869,56
2026-05-13 10:24:50;226449,27
2026-05-13 10:24:50;148809,52
2026-05-13 10:24:50;303398,03
2026-05-13 10:24:50;277777,78
2026-05-13 10:24:50;132978,72
2026-05-13 10:24:50;165562,9
2026-05-13 10:24:50;145348,84
2026-05-13 10:24:50;178571,44
2026-05-13 10:24:50;139925,38
2026-05-13 10:24:50;284090,94
2026-05-13 10:24:50;91911,766
2026-05-13 10:24:50;247524,75
2026-05-13 10:24:50;360576,94
2026-05-13 10:24:50;190355,33
2026-05-13 10:24:50;150000
2026-05-13 10:24:50;176056,34
2026-05-13 10:24:50;171232,88
2026-05-13 10:24:50;203804,34
2026-05-13 10:24:50;116822,42
2026-05-13 10:24:50;176886,8
2026-05-13 10:24:50;206043,95
2026-05-13 10:24:50;138888,89
2026-05-13 10:24:50;159235,67
2026-05-13 10:24:50;238095,23
2026-05-13 10:24:50;277777,78
2026-05-13 10:24:50;347222,22
2026-05-13 10:24:50;120192,305
2026-05-13 10:24:50;180288,47
2026-05-13 10:24:50;294811,3
2026-05-13 10:24:50;252525,25
2026-05-13 10:24:50;150602,4
2026-05-13 10:24:50;170454,53
2026-05-13 10:24:50;118670,88
2026-05-13 10:24:50;NaN
2026-05-13 10:24:50;189393,94
2026-05-13 10:24:50;195312,5
2026-05-13 10:24:50;195312,5
2026-05-13 10:24:50;180288,47
2026-05-13 10:24:50;201612,9
2026-05-13 10:24:50;395569,66
2026-05-13 10:24:50;178571,44
2026-05-13 10:24:51;167785,25
2026-05-13 10:24:51;247524,75
2026-05-13 10:24:51;213675,2
2026-05-13 10:24:51;165562,92
2026-05-13 10:24:51;134892,08
2026-05-13 10:24:51;219298,25
2026-05-13 10:24:51;225903,61
2026-05-13 10:24:51;186567,17
2026-05-13 10:24:51;126262,625
2026-05-13 10:24:51;208333,33
2026-05-13 10:24:51;108695,664
2026-05-13 10:24:51;210674,17
2026-05-13 10:24:51;228658,53
2026-05-13 10:24:51;286697,25
2026-05-13 10:24:51;309405,94
2026-05-13 10:24:51;160256,4
2026-05-13 10:24:51;176886,8
2026-05-13 10:24:51;160256,4
2026-05-13 10:24:51;NaN
2026-05-13 10:24:51;352112,7
2026-05-13 10:24:51;228658,53
2026-05-13 10:24:51;64432,992
2026-05-13 10:24:51;256849,3
2026-05-13 10:24:51;284090,94
2026-05-13 10:24:51;193298,97
2026-05-13 10:24:51;213068,19
2026-05-13 10:24:51;165929,2
2026-05-13 10:24:51;111607,15
2026-05-13 10:24:51;129132,234
2026-05-13 10:24:51;240384,61
2026-05-13 10:24:51;170068,03
2026-05-13 10:24:51;116822,42
2026-05-13 10:24:51;240384,61
2026-05-13 10:24:51;135869,56
2026-05-13 10:24:51;250000
2026-05-13 10:24:51;223214,3
2026-05-13 10:24:51;264084,5
2026-05-13 10:24:51;225903,61
2026-05-13 10:24:51;235849,05
2026-05-13 10:24:51;173611,11
2026-05-13 10:24:51;220588,25
2026-05-13 10:24:51;219298,25
2026-05-13 10:24:51;220588,25
2026-05-13 10:24:51;187969,92
2026-05-13 10:24:51;211864,4
2026-05-13 10:24:51;143678,16
2026-05-13 10:24:51;191326,52
2026-05-13 10:24:51;195312,5
2026-05-13 10:24:51;160256,4
2026-05-13 10:24:51;206043,95
2026-05-13 10:24:51;NaN
2026-05-13 10:24:51;134408,61
2026-05-13 10:24:51;245098,06
2026-05-13 10:24:51;160256,4
2026-05-13 10:24:51;235849,08
2026-05-13 10:24:51;186567,17
2026-05-13 10:24:51;138888,89
2026-05-13 10:24:51;85616,445
2026-05-13 10:24:51;164473,69
2026-05-13 10:24:51;145348,84
2026-05-13 10:24:51;195312,5
2026-05-13 10:24:51;287356,3
2026-05-13 10:24:51;166666,67
2026-05-13 10:24:51;181159,42
2026-05-13 10:24:51;112951,805
2026-05-13 10:24:51;382653,03
2026-05-13 10:24:51;130208,336
2026-05-13 10:24:51;110619,47
2026-05-13 10:24:51;221238,94
2026-05-13 10:24:51;143678,16
2026-05-13 10:24:51;265957,44
2026-05-13 10:24:51;213675,2
2026-05-13 10:24:51;262605,03
2026-05-13 10:24:51;145348,84
2026-05-13 10:24:51;156250
2026-05-13 10:24:51;166666,66
2026-05-13 10:24:51;122549,016
2026-05-13 10:24:51;154320,98
2026-05-13 10:24:51;99206,35
2026-05-13 10:24:51;223214,3
2026-05-13 10:24:51;199468,1
2026-05-13 10:24:51;223214,3
2026-05-13 10:24:51;160256,4
2026-05-13 10:24:51;NaN
2026-05-13 10:24:51;105932,2
2026-05-13 10:24:51;262605,03
2026-05-13 10:24:51;260416,67
2026-05-13 10:24:51;134892,08
2026-05-13 10:24:51;172651,94
2026-05-13 10:24:51;58962,26
2026-05-13 10:24:51;347222,22
2026-05-13 10:24:51;191326,55
2026-05-13 10:24:51;105932,2
2026-05-13 10:24:51;172018,34
2026-05-13 10:24:51;142045,45
2026-05-13 10:24:51;315656,56
2026-05-13 10:24:51;160256,4
2026-05-13 10:24:51;206611,58
2026-05-13 10:24:51;201612,89
2026-05-13 10:24:51;240384,61
2026-05-13 10:24:51;163043,47
2026-05-13 10:24:51;257731,97
2026-05-13 10:24:51;137362,64
2026-05-13 10:24:51;160256,4
2026-05-13 10:24:51;215517,23
2026-05-13 10:24:51;131578,95
2026-05-13 10:24:51;137867,64
2026-05-13 10:24:51;140449,44
2026-05-13 10:24:51;186567,16
2026-05-13 10:24:51;337837,84
2026-05-13 10:24:51;340909,1
2026-05-13 10:24:51;190548,78
2026-05-13 10:24:51;271739,12
2026-05-13 10:24:51;250000
2026-05-13 10:24:51;352112,7
2026-05-13 10:24:51;215517,23
2026-05-13 10:24:51;203252,05
2026-05-13 10:24:51;234375
2026-05-13 10:24:51;160256,4
2026-05-13 10:24:51;219298,25
2026-05-13 10:24:51;353773,6
2026-05-13 10:24:51;178571,44
2026-05-13 10:24:51;70224,72
2026-05-13 10:24:51;225903,61
2026-05-13 10:24:51;367647,06
2026-05-13 10:24:51;240384,61
2026-05-13 10:24:51;208333,34
2026-05-13 10:24:51;105932,2
2026-05-13 10:24:51;172018,34
2026-05-13 10:24:51;290697,7
2026-05-13 10:24:51;260416,67
2026-05-13 10:24:51;168918,92
2026-05-13 10:24:51;206043,95
2026-05-13 10:24:51;240384,61
2026-05-13 10:24:51;223214,3
2026-05-13 10:24:51;297619,03
2026-05-13 10:24:51;315656,56
2026-05-13 10:24:51;161082,48
2026-05-13 10:24:51;127551,02
2026-05-13 10:24:51;135869,56
2026-05-13 10:24:51;193798,45
2026-05-13 10:24:51;245098,03
2026-05-13 10:24:51;255102,05
2026-05-13 10:24:51;168918,92
2026-05-13 10:24:51;147058,83
2026-05-13 10:24:51;122549,016
2026-05-13 10:24:51;267094,03
2026-05-13 10:24:51;156250
2026-05-13 10:24:51;113636,37
2026-05-13 10:24:51;217391,3
2026-05-13 10:24:51;135869,58
2026-05-13 10:24:51;269396,56
2026-05-13 10:24:51;72674,42
2026-05-13 10:24:51;243506,5
2026-05-13 10:24:51;180288,47
2026-05-13 10:24:51;120192,305
2026-05-13 10:24:51;340909,1
2026-05-13 10:24:51;223214,27
2026-05-13 10:24:51;193298,97
2026-05-13 10:24:51;114678,91
2026-05-13 10:24:51;163043,48
2026-05-13 10:24:51;208333,33
2026-05-13 10:24:51;187500
2026-05-13 10:24:51;284090,9
2026-05-13 10:24:51;173611,11
2026-05-13 10:24:51;NaN
2026-05-13 10:24:51;277777,78
2026-05-13 10:24:51;257731,97
2026-05-13 10:24:51;158898,31
2026-05-13 10:24:51;206043,95
2026-05-13 10:24:51;109649,125
2026-05-13 10:24:51;267094,03
2026-05-13 10:24:51;200000
2026-05-13 10:24:51;176886,8
2026-05-13 10:24:51;147637,8
2026-05-13 10:24:51;69444,445
2026-05-13 10:24:51;262605,03
2026-05-13 10:24:51;167410,72
2026-05-13 10:24:51;100806,445
2026-05-13 10:24:51;193298,97
2026-05-13 10:24:51;157563,03
2026-05-13 10:24:51;312500,03
2026-05-13 10:24:51;52083,332
2026-05-13 10:24:51;279017,88
2026-05-13 10:24:51;363372,1
2026-05-13 10:24:51;156250
2026-05-13 10:24:51;142045,47
2026-05-13 10:24:51;307377,06
2026-05-13 10:24:51;201612,89
2026-05-13 10:24:51;203804,34
2026-05-13 10:24:51;150602,4
2026-05-13 10:24:51;186567,16
2026-05-13 10:24:51;95419,84
2026-05-13 10:24:51;198412,7
2026-05-13 10:24:51;206043,95
2026-05-13 10:24:51;411184,22
2026-05-13 10:24:51;223214,3
2026-05-13 10:24:51;198412,7
2026-05-13 10:24:51;347222,22
2026-05-13 10:24:51;91911,766
2026-05-13 10:24:51;189393,95
2026-05-13 10:24:51;145348,84
2026-05-13 10:24:51;178571,44
2026-05-13 10:24:51;333969,47
2026-05-13 10:24:51;367647,06
2026-05-13 10:24:51;121359,22
2026-05-13 10:24:51;77639,75
2026-05-13 10:24:51;367647,06
2026-05-13 10:24:51;127551,02
2026-05-13 10:24:51;219298,25
2026-05-13 10:24:51;225903,61
2026-05-13 10:24:51;158898,31
2026-05-13 10:24:51;178571,44
2026-05-13 10:24:51;144230,77
2026-05-13 10:24:51;208333,34
2026-05-13 10:24:51;180288,47
2026-05-13 10:24:51;196335,1
2026-05-13 10:24:51;250000
2026-05-13 10:24:51;269396,53
2026-05-13 10:24:51;215517,23
2026-05-13 10:24:51;175233,64
2026-05-13 10:24:51;264830,53
2026-05-13 10:24:51;375000
2026-05-13 10:24:51;187500
2026-05-13 10:24:51;195312,5
2026-05-13 10:24:51;173611,12
2026-05-13 10:24:51;375000
2026-05-13 10:24:51;240384,64
2026-05-13 10:24:51;306372,53
2026-05-13 10:24:51;446428,6
2026-05-13 10:24:52;200320,52
2026-05-13 10:24:52;164473,69
2026-05-13 10:24:52;106837,6
2026-05-13 10:24:52;227272,73
2026-05-13 10:24:52;234962,4
2026-05-13 10:24:52;120192,305
2026-05-13 10:24:52;231481,47
2026-05-13 10:24:52;195312,5
2026-05-13 10:24:52;138888,89
2026-05-13 10:24:52;218023,25
2026-05-13 10:24:52;125000
2026-05-13 10:24:52;90579,71
2026-05-13 10:24:52;138121,55
2026-05-13 10:24:52;199468,08
2026-05-13 10:24:52;175233,64
2026-05-13 10:24:52;81699,35
2026-05-13 10:24:52;68681,32
2026-05-13 10:24:52;171232,88
2026-05-13 10:24:52;97656,25
2026-05-13 10:24:52;208333,33
2026-05-13 10:24:52;306372,53
2026-05-13 10:24:52;208333,33
2026-05-13 10:24:52;114678,91
2026-05-13 10:24:52;156250
2026-05-13 10:24:52;320512,8
2026-05-13 10:24:52;208333,33
2026-05-13 10:24:52;123762,375
2026-05-13 10:24:52;306372,53
2026-05-13 10:24:52;79113,92
2026-05-13 10:24:52;363372,1
2026-05-13 10:24:52;201612,9
2026-05-13 10:24:52;95177,664
2026-05-13 10:24:52;164473,69
2026-05-13 10:24:52;NaN
2026-05-13 10:24:52;312500,03
2026-05-13 10:24:52;256147,53
2026-05-13 10:24:52;NaN
2026-05-13 10:24:52;158227,84
2026-05-13 10:24:52;162337,67
2026-05-13 10:24:52;231481,5
2026-05-13 10:24:52;128865,984
2026-05-13 10:24:52;135869,56
2026-05-13 10:24:52;206953,66
2026-05-13 10:24:52;271739,12
2026-05-13 10:24:52;229357,78
2026-05-13 10:24:52;101626,02
2026-05-13 10:24:52;236742,44
2026-05-13 10:24:52;175233,64
2026-05-13 10:24:52;107758,62
2026-05-13 10:24:52;119047,62
2026-05-13 10:24:52;373134,34
2026-05-13 10:24:52;301204,8
2026-05-13 10:24:52;185643,56
2026-05-13 10:24:52;367647,03
2026-05-13 10:24:52;342465,75
2026-05-13 10:24:52;97656,25
2026-05-13 10:24:52;297619,06
2026-05-13 10:24:52;92592,586
2026-05-13 10:24:52;178571,44
2026-05-13 10:24:52;74850,3
2026-05-13 10:24:52;213675,2
2026-05-13 10:24:52;231481,5
2026-05-13 10:24:52;104166,664
2026-05-13 10:24:52;147637,8
2026-05-13 10:24:52;92592,586
2026-05-13 10:24:52;275735,28
2026-05-13 10:24:52;245098,03
2026-05-13 10:24:52;152439,03
2026-05-13 10:24:52;148809,53
2026-05-13 10:24:52;NaN
2026-05-13 10:24:52;242718,44
2026-05-13 10:24:52;52521,008
2026-05-13 10:24:52;178571,44
2026-05-13 10:24:52;157035,17
2026-05-13 10:24:52;197368,42
2026-05-13 10:24:52;201612,9
2026-05-13 10:24:52;157035,17
2026-05-13 10:24:52;292056,1
2026-05-13 10:24:52;223214,3
2026-05-13 10:24:52;223214,3
2026-05-13 10:24:52;312500
2026-05-13 10:24:52;286697,25
2026-05-13 10:24:52;150602,4
2026-05-13 10:24:52;88028,17
2026-05-13 10:24:52;120192,32
2026-05-13 10:24:52;130208,336
2026-05-13 10:24:52;208333,34
2026-05-13 10:24:52;382653,03
2026-05-13 10:24:52;171232,88
2026-05-13 10:24:52;178571,44
2026-05-13 10:24:52;77160,5
2026-05-13 10:24:52;183823,52
2026-05-13 10:24:52;297619,06
2026-05-13 10:24:52;193798,45
2026-05-13 10:24:52;178571,44
2026-05-13 10:24:52;375000
2026-05-13 10:24:52;121753,25
2026-05-13 10:24:52;189393,94
2026-05-13 10:24:52;168918,92
2026-05-13 10:24:52;276548,7
2026-05-13 10:24:52;153186,27
2026-05-13 10:24:52;337837,84
2026-05-13 10:24:52;79113,92
2026-05-13 10:24:52;231481,47
2026-05-13 10:24:52;220588,22
2026-05-13 10:24:52;236742,44
2026-05-13 10:24:52;271739,12
2026-05-13 10:24:52;NaN
2026-05-13 10:24:52;157232,7
2026-05-13 10:24:52;160256,4
2026-05-13 10:24:52;217013,89
2026-05-13 10:24:52;312500,03
2026-05-13 10:24:52;128424,664
2026-05-13 10:24:52;135869,56
2026-05-13 10:24:52;173611,11
2026-05-13 10:24:52;138888,89
2026-05-13 10:24:52;192307,69
2026-05-13 10:24:52;279850,75
2026-05-13 10:24:52;140977,45
2026-05-13 10:24:52;284090,9
2026-05-13 10:24:52;196850,39
2026-05-13 10:24:52;373134,3
2026-05-13 10:24:52;192307,7
2026-05-13 10:24:52;242718,44
2026-05-13 10:24:52;NaN
2026-05-13 10:24:52;94696,97
2026-05-13 10:24:52;198412,7
2026-05-13 10:24:52;337837,84
2026-05-13 10:24:52;235849,08
2026-05-13 10:24:52;322164,97
2026-05-13 10:24:52;201612,92
2026-05-13 10:24:52;183823,52
2026-05-13 10:24:52;181159,42
2026-05-13 10:24:52;166666,66
2026-05-13 10:24:52;158227,84
2026-05-13 10:24:52;127551,02
2026-05-13 10:24:52;363372,1
2026-05-13 10:24:52;153688,53
2026-05-13 10:24:52;195312,5
2026-05-13 10:24:52;191326,55
2026-05-13 10:24:52;229357,81
2026-05-13 10:24:52;367647,06
2026-05-13 10:24:52;199468,1
2026-05-13 10:24:52;118670,88
2026-05-13 10:24:52;201612,9
2026-05-13 10:24:52;225903,61
2026-05-13 10:24:52;164473,69
2026-05-13 10:24:52;248344,39
2026-05-13 10:24:52;125000
2026-05-13 10:24:52;210084,05
2026-05-13 10:24:52;416666,66
2026-05-13 10:24:52;116459,625
2026-05-13 10:24:52;223214,3
2026-05-13 10:24:52;227272,73
2026-05-13 10:24:52;359195,38
2026-05-13 10:24:52;242718,44
2026-05-13 10:24:52;150602,4
2026-05-13 10:24:52;127551,02
2026-05-13 10:24:52;78125,01
2026-05-13 10:24:52;123762,375
2026-05-13 10:24:52;267857,12
2026-05-13 10:24:52;183823,52
2026-05-13 10:24:52;328947,38
2026-05-13 10:24:52;143678,16
2026-05-13 10:24:52;115030,68
2026-05-13 10:24:52;187500,02
2026-05-13 10:24:52;204918,02
2026-05-13 10:24:52;227272,73
2026-05-13 10:24:52;120967,74
2026-05-13 10:24:52;121359,22
2026-05-13 10:24:52;128865,984
2026-05-13 10:24:52;142045,47
2026-05-13 10:24:52;265957,47
2026-05-13 10:24:52;140449,44
2026-05-13 10:24:52;163398,7
2026-05-13 10:24:52;186567,16
2026-05-13 10:24:52;158227,84
2026-05-13 10:24:52;197368,42
2026-05-13 10:24:52;255102,05
2026-05-13 10:24:52;247524,75
2026-05-13 10:24:52;164473,69
2026-05-13 10:24:52;56818,184
2026-05-13 10:24:52;260416,67
2026-05-13 10:24:52;128424,65
2026-05-13 10:24:52;185643,56
2026-05-13 10:24:52;233644,84
2026-05-13 10:24:52;375000
2026-05-13 10:24:52;91240,875
2026-05-13 10:24:52;NaN
2026-05-13 10:24:52;185185,17
2026-05-13 10:24:52;152439,02
2026-05-13 10:24:52;211864,42
2026-05-13 10:24:52;280898,88
2026-05-13 10:24:52;163043,47
2026-05-13 10:24:52;119047,62
2026-05-13 10:24:52;78616,35
2026-05-13 10:24:52;225903,61
2026-05-13 10:24:52;304878,06
2026-05-13 10:24:52;103591,164
2026-05-13 10:24:52;NaN
2026-05-13 10:24:52;284090,9
2026-05-13 10:24:52;187969,92
2026-05-13 10:24:52;252525,25
2026-05-13 10:24:52;142045,45
2026-05-13 10:24:52;260416,67
2026-05-13 10:24:52;403225,8
2026-05-13 10:24:52;105932,2
2026-05-13 10:24:52;255102,05
2026-05-13 10:24:52;150602,4
2026-05-13 10:24:52;235849,08
2026-05-13 10:24:52;274122,8
2026-05-13 10:24:52;111607,15
2026-05-13 10:24:52;84459,46
2026-05-13 10:24:52;231481,5
2026-05-13 10:24:52;112951,805
2026-05-13 10:24:52;228658,55
2026-05-13 10:24:52;240384,61
2026-05-13 10:24:52;103305,79
2026-05-13 10:24:52;367647,06
2026-05-13 10:24:52;284090,9
2026-05-13 10:24:52;189393,94
2026-05-13 10:24:52;88028,17
2026-05-13 10:24:52;195312,5
2026-05-13 10:24:52;166666,67
2026-05-13 10:24:52;250000
2026-05-13 10:24:52;130208,336
2026-05-13 10:24:52;390625
2026-05-13 10:24:53;193298,97
2026-05-13 10:24:53;265957,47
2026-05-13 10:24:53;234375
2026-05-13 10:24:53;118483,414
2026-05-13 10:24:53;294117,66
2026-05-13 10:24:53;198412,7
2026-05-13 10:24:53;121359,22
2026-05-13 10:24:53;111607,15
2026-05-13 10:24:53;122549,016
2026-05-13 10:24:53;178571,44
2026-05-13 10:24:53;69444,445
2026-05-13 10:24:53;161290,33
2026-05-13 10:24:53;NaN
2026-05-13 10:24:53;186567,17
2026-05-13 10:24:53;240384,64
2026-05-13 10:24:53;235849,05
2026-05-13 10:24:53;203804,34
2026-05-13 10:24:53;164473,69
2026-05-13 10:24:53;248015,86
2026-05-13 10:24:53;229779,42
2026-05-13 10:24:53;284090,9
2026-05-13 10:24:53;117924,54
2026-05-13 10:24:53;123762,375
2026-05-13 10:24:53;73529,414
2026-05-13 10:24:53;77160,5
2026-05-13 10:24:53;140977,44
2026-05-13 10:24:53;152439,03
2026-05-13 10:24:53;157232,7
2026-05-13 10:24:53;238549,61
2026-05-13 10:24:53;120192,32
2026-05-13 10:24:53;215517,23
2026-05-13 10:24:53;347222,22
2026-05-13 10:24:53;91240,875
2026-05-13 10:24:53;258264,47
2026-05-13 10:24:53;122549,016
2026-05-13 10:24:53;185185,17
2026-05-13 10:24:53;102459,01
2026-05-13 10:24:53;213068,19
2026-05-13 10:24:53;182038,83
2026-05-13 10:24:53;96153,84
2026-05-13 10:24:53;363372,1
2026-05-13 10:24:53;83333,33
2026-05-13 10:24:53;185643,56
2026-05-13 10:24:53;206611,58
2026-05-13 10:24:53;114678,89
2026-05-13 10:24:53;256147,53
2026-05-13 10:24:53;240384,61
2026-05-13 10:24:53;152439,03
2026-05-13 10:24:53;185185,17
2026-05-13 10:24:53;258264,47
2026-05-13 10:24:53;287356,3
2026-05-13 10:24:53;91240,875
2026-05-13 10:24:53;352112,7
2026-05-13 10:24:53;160256,4
2026-05-13 10:24:53;189393,95
2026-05-13 10:24:53;344036,7
2026-05-13 10:24:53;324675,3
2026-05-13 10:24:53;245098,03
2026-05-13 10:24:53;201612,89
2026-05-13 10:24:53;360576,94
2026-05-13 10:24:53;148809,52
2026-05-13 10:24:53;122549,016
2026-05-13 10:24:53;156250
2026-05-13 10:24:53;260416,67
2026-05-13 10:24:53;208333,33
2026-05-13 10:24:53;258264,47
2026-05-13 10:24:53;340909,06
2026-05-13 10:24:53;101902,17
2026-05-13 10:24:53;125000
2026-05-13 10:24:53;300480,75
2026-05-13 10:24:53;138888,89
2026-05-13 10:24:53;143678,16
2026-05-13 10:24:53;204918,02
2026-05-13 10:24:53;131118,89
2026-05-13 10:24:53;238095,23
2026-05-13 10:24:53;220588,22
2026-05-13 10:24:53;234374,98
2026-05-13 10:24:53;284090,9
2026-05-13 10:24:53;150966,19
2026-05-13 10:24:53;192307,69
2026-05-13 10:24:53;220588,22
2026-05-13 10:24:53;240384,61
2026-05-13 10:24:53;116822,44
2026-05-13 10:24:53;256849,33
2026-05-13 10:24:53;223214,3
2026-05-13 10:24:53;288461,53
2026-05-13 10:24:53;287356,3
2026-05-13 10:24:53;242718,44
2026-05-13 10:24:53;240384,64
2026-05-13 10:24:53;81699,35
2026-05-13 10:24:53;174825,19
2026-05-13 10:24:53;320512,8
2026-05-13 10:24:53;245098,03
2026-05-13 10:24:53;173611,11
2026-05-13 10:24:53;147058,83
2026-05-13 10:24:53;208333,33
2026-05-13 10:24:53;187500
2026-05-13 10:24:53;171232,89
2026-05-13 10:24:53;210674,17
2026-05-13 10:24:53;84459,46
2026-05-13 10:24:53;160256,4
2026-05-13 10:24:53;167410,72
2026-05-13 10:24:53;260416,67
2026-05-13 10:24:53;166223,4
2026-05-13 10:24:53;106534,09
2026-05-13 10:24:53;107142,85
2026-05-13 10:24:53;150602,4
2026-05-13 10:24:53;164473,67
2026-05-13 10:24:53;145348,84
2026-05-13 10:24:53;218023,25
2026-05-13 10:24:53;292056,1
2026-05-13 10:24:53;250000
2026-05-13 10:24:53;218023,27
2026-05-13 10:24:53;215517,23
2026-05-13 10:24:53;193798,45
2026-05-13 10:24:53;186567,16
2026-05-13 10:24:53;150602,4
2026-05-13 10:24:53;104166,664
2026-05-13 10:24:53;149700,61
2026-05-13 10:24:53;107758,62
2026-05-13 10:24:53;337837,84
2026-05-13 10:24:53;238853,52
2026-05-13 10:24:53;288461,53
2026-05-13 10:24:53;177304,97
2026-05-13 10:24:53;122549,016
2026-05-13 10:24:53;238095,23
2026-05-13 10:24:53;125838,93
2026-05-13 10:24:53;210674,17
2026-05-13 10:24:53;223214,3
2026-05-13 10:24:53;213675,2
2026-05-13 10:24:53;203804,34
2026-05-13 10:24:53;229357,78
2026-05-13 10:24:53;185185,17
2026-05-13 10:24:53;231481,5
2026-05-13 10:24:53;176886,8
2026-05-13 10:24:53;201612,9
2026-05-13 10:24:53;125000
2026-05-13 10:24:53;177304,97
2026-05-13 10:24:53;231481,5
2026-05-13 10:24:53;171232,88
2026-05-13 10:24:53;115030,68
2026-05-13 10:24:53;423728,8
2026-05-13 10:24:53;157563,03
2026-05-13 10:24:53;129310,34
2026-05-13 10:24:53;303398,06
2026-05-13 10:24:53;271739,12
2026-05-13 10:24:53;189393,94
2026-05-13 10:24:53;204248,36
2026-05-13 10:24:53;359195,38
2026-05-13 10:24:53;246710,53
2026-05-13 10:24:53;223214,3
2026-05-13 10:24:53;175233,64
2026-05-13 10:24:53;308642
2026-05-13 10:24:53;165929,2
2026-05-13 10:24:53;256849,33
2026-05-13 10:24:53;210084,03
2026-05-13 10:24:53;217391,3
2026-05-13 10:24:53;203252,05
2026-05-13 10:24:53;160256,4
2026-05-13 10:24:53;120967,74
2026-05-13 10:24:53;290697,7
2026-05-13 10:24:53;211148,66
2026-05-13 10:24:53;160256,4
2026-05-13 10:24:53;312500
2026-05-13 10:24:53;300480,75
2026-05-13 10:24:53;289351,88
2026-05-13 10:24:53;253378,38
2026-05-13 10:24:53;90579,71
2026-05-13 10:24:53;289351,88
2026-05-13 10:24:53;158898,31
2026-05-13 10:24:53;176886,8
2026-05-13 10:24:53;113636,37
2026-05-13 10:24:53;287356,3
2026-05-13 10:24:53;423728,8
2026-05-13 10:24:53;158898,3
2026-05-13 10:24:53;195312,5
2026-05-13 10:24:53;260416,64
2026-05-13 10:24:53;178571,44
2026-05-13 10:24:53;320512,8
2026-05-13 10:24:53;120192,305
2026-05-13 10:24:53;107142,85
2026-05-13 10:24:53;208333,34
2026-05-13 10:24:53;150602,4
2026-05-13 10:24:53;220588,25
2026-05-13 10:24:53;231481,47
2026-05-13 10:24:53;134892,08
2026-05-13 10:24:53;242718,44
2026-05-13 10:24:53;143678,16
2026-05-13 10:24:53;94696,97
2026-05-13 10:24:53;225903,61
2026-05-13 10:24:53;337837,84
2026-05-13 10:24:53;206043,95
2026-05-13 10:24:53;364077,66
2026-05-13 10:24:53;253378,38
2026-05-13 10:24:53;220588,25
2026-05-13 10:24:53;245098,06
2026-05-13 10:24:53;196850,39
2026-05-13 10:24:53;110294,125
2026-05-13 10:24:53;160256,42
2026-05-13 10:24:53;385802,5
2026-05-13 10:24:53;290697,7
2026-05-13 10:24:53;91911,766
2026-05-13 10:24:53;140449,44
2026-05-13 10:24:53;158898,3
2026-05-13 10:24:53;182481,77
2026-05-13 10:24:53;122549,016
2026-05-13 10:24:53;71022,73
2026-05-13 10:24:53;250000
2026-05-13 10:24:53;206611,58
2026-05-13 10:24:53;203252,05
2026-05-13 10:24:53;147928,98
2026-05-13 10:24:53;181159,42
2026-05-13 10:24:53;256147,53
2026-05-13 10:24:53;173611,11
2026-05-13 10:24:53;127551,02
2026-05-13 10:24:53;165929,19
2026-05-13 10:24:53;250000
2026-05-13 10:24:53;215517,23
2026-05-13 10:24:53;294117,66
2026-05-13 10:24:53;255102,05
2026-05-13 10:24:53;133928,58
2026-05-13 10:24:53;174825,17
2026-05-13 10:24:53;75757,57
2026-05-13 10:24:53;220588,25
2026-05-13 10:24:53;164473,69
2026-05-13 10:24:53;227272,73
2026-05-13 10:24:53;172018,34
2026-05-13 10:24:53;160256,4
2026-05-13 10:24:53;121359,22
2026-05-13 10:24:53;192307,69
2026-05-13 10:24:53;152439,02
2026-05-13 10:24:53;153374,23
2026-05-13 10:24:53;220588,25
2026-05-13 10:24:53;142045,45
2026-05-13 10:24:53;208333,33
2026-05-13 10:24:54;279850,75
2026-05-13 10:24:54;168918,92
2026-05-13 10:24:54;186567,17
2026-05-13 10:24:54;109649,125
2026-05-13 10:24:54;80128,2
2026-05-13 10:24:54;179597,69
2026-05-13 10:24:54;234375
2026-05-13 10:24:54;120192,305
2026-05-13 10:24:54;357142,88
2026-05-13 10:24:54;116459,625
2026-05-13 10:24:54;226449,27
2026-05-13 10:24:54;240384,61
2026-05-13 10:24:54;208333,33
2026-05-13 10:24:54;271739,12
2026-05-13 10:24:54;125000
2026-05-13 10:24:54;152439,02
2026-05-13 10:24:54;152439,02
2026-05-13 10:24:54;127551,02
2026-05-13 10:24:54;306372,53
2026-05-13 10:24:54;81168,836
2026-05-13 10:24:54;254065,03
2026-05-13 10:24:54;309917,34
2026-05-13 10:24:54;332446,8
2026-05-13 10:24:54;192307,7
2026-05-13 10:24:54;117924,52
2026-05-13 10:24:54;100806,45
2026-05-13 10:24:54;201612,9
2026-05-13 10:24:54;183823,53
2026-05-13 10:24:54;183823,53
2026-05-13 10:24:54;172018,34
2026-05-13 10:24:54;308642
2026-05-13 10:24:54;267857,12
2026-05-13 10:24:54;142045,45
2026-05-13 10:24:54;97656,25
2026-05-13 10:24:54;252525,25
2026-05-13 10:24:54;130208,336
2026-05-13 10:24:54;156250
2026-05-13 10:24:54;257731,97
2026-05-13 10:24:54;165562,92
2026-05-13 10:24:54;203804,34
2026-05-13 10:24:54;253378,38
2026-05-13 10:24:54;165929,2
2026-05-13 10:24:54;60679,61
2026-05-13 10:24:54;132042,25
2026-05-13 10:24:54;182038,83
2026-05-13 10:24:54;340909,1
2026-05-13 10:24:54;240384,61
2026-05-13 10:24:54;213675,2
2026-05-13 10:24:54;168918,92
2026-05-13 10:24:54;277777,78
2026-05-13 10:24:54;357142,88
2026-05-13 10:24:54;164473,67
2026-05-13 10:24:54;160256,4
2026-05-13 10:24:54;122549,016
2026-05-13 10:24:54;135869,56
2026-05-13 10:24:54;312500
2026-05-13 10:24:54;178571,44
2026-05-13 10:24:54;145348,84
2026-05-13 10:24:54;157563,02
2026-05-13 10:24:54;178571,44
2026-05-13 10:24:54;56306,31
2026-05-13 10:24:54;189393,95
2026-05-13 10:24:54;273722,62
2026-05-13 10:24:54;168918,92
2026-05-13 10:24:54;183823,52
2026-05-13 10:24:54;91240,88
2026-05-13 10:24:54;126262,625
2026-05-13 10:24:54;99206,35
2026-05-13 10:24:54;80645,164
2026-05-13 10:24:54;134408,61
2026-05-13 10:24:54;334821,44
2026-05-13 10:24:54;147058,83
2026-05-13 10:24:54;363372,1
2026-05-13 10:24:54;126262,625
2026-05-13 10:24:54;192307,7
2026-05-13 10:24:54;143678,16
2026-05-13 10:24:54;301204,8
2026-05-13 10:24:54;235849,05
2026-05-13 10:24:54;187969,92
2026-05-13 10:24:54;135135,14
2026-05-13 10:24:54;189393,94
2026-05-13 10:24:54;182038,83
2026-05-13 10:24:54;154321
2026-05-13 10:24:54;156250
2026-05-13 10:24:54;145348,84
2026-05-13 10:24:54;197368,42
2026-05-13 10:24:54;178571,42
2026-05-13 10:24:54;88028,17
2026-05-13 10:24:54;158898,31
2026-05-13 10:24:54;119047,62
2026-05-13 10:24:54;117924,52
2026-05-13 10:24:54;215517,23
2026-05-13 10:24:54;182038,83
2026-05-13 10:24:54;219298,25
2026-05-13 10:24:54;219298,25
2026-05-13 10:24:54;168918,92
2026-05-13 10:24:54;228658,53
2026-05-13 10:24:54;279850,75
2026-05-13 10:24:54;140449,44
2026-05-13 10:24:54;181159,42
2026-05-13 10:24:54;231481,47
2026-05-13 10:24:54;140449,44
2026-05-13 10:24:54;238095,23
2026-05-13 10:24:54;130208,336
2026-05-13 10:24:54;119047,62
2026-05-13 10:24:54;138888,89
2026-05-13 10:24:54;215517,23
2026-05-13 10:24:54;263157,9
2026-05-13 10:24:54;160256,4
2026-05-13 10:24:54;294117,66
2026-05-13 10:24:54;94696,97
2026-05-13 10:24:54;156250
2026-05-13 10:24:54;115740,75
2026-05-13 10:24:54;128424,664
2026-05-13 10:24:54;359195,38
2026-05-13 10:24:54;154321
2026-05-13 10:24:54;152439,03
2026-05-13 10:24:54;204918,05
2026-05-13 10:24:54;69444,445
2026-05-13 10:24:54;110619,47
2026-05-13 10:24:54;260416,67
2026-05-13 10:24:54;256849,33
2026-05-13 10:24:54;233208,95
2026-05-13 10:24:54;186567,17
2026-05-13 10:24:54;89285,72
2026-05-13 10:24:54;355113,62
2026-05-13 10:24:54;159235,67
2026-05-13 10:24:54;195312,5
2026-05-13 10:24:54;242718,44
2026-05-13 10:24:54;123762,375
2026-05-13 10:24:54;145348,84
2026-05-13 10:24:54;208333,33
2026-05-13 10:24:54;79113,93
2026-05-13 10:24:54;312500
2026-05-13 10:24:54;109649,125
2026-05-13 10:24:54;115740,75
2026-05-13 10:24:54;148809,52
2026-05-13 10:24:54;107758,62
2026-05-13 10:24:54;146484,38
2026-05-13 10:24:54;280898,88
2026-05-13 10:24:54;140977,44
2026-05-13 10:24:54;228658,53
2026-05-13 10:24:54;91240,875
2026-05-13 10:24:54;208333,33
2026-05-13 10:24:54;208333,33
2026-05-13 10:24:54;322164,97
2026-05-13 10:24:54;193298,95
2026-05-13 10:24:54;217013,89
2026-05-13 10:24:54;90579,71
2026-05-13 10:24:54;NaN
2026-05-13 10:24:54;147637,8
2026-05-13 10:24:54;353773,56
2026-05-13 10:24:54;201612,9
2026-05-13 10:24:54;217391,3
2026-05-13 10:24:54;NaN
2026-05-13 10:24:54;362318,84
2026-05-13 10:24:54;284090,94
2026-05-13 10:24:54;343406,6
2026-05-13 10:24:54;271739,12
2026-05-13 10:24:54;223214,3
2026-05-13 10:24:54;252525,25
2026-05-13 10:24:54;185185,17
2026-05-13 10:24:54;155279,5
2026-05-13 10:24:54;235849,08
2026-05-13 10:24:54;219298,25
2026-05-13 10:24:54;156250,02
2026-05-13 10:24:54;382653,1
2026-05-13 10:24:54;308641,97
2026-05-13 10:24:54;157563,03
2026-05-13 10:24:54;173611,11
2026-05-13 10:24:54;175233,64
2026-05-13 10:24:54;220588,25
2026-05-13 10:24:54;206611,58
2026-05-13 10:24:54;NaN
2026-05-13 10:24:54;320512,8
2026-05-13 10:24:54;143129,77
2026-05-13 10:24:54;373134,34
2026-05-13 10:24:54;193298,97
2026-05-13 10:24:54;80645,164
2026-05-13 10:24:54;134408,61
2026-05-13 10:24:54;275735,3
2026-05-13 10:24:54;164473,69
2026-05-13 10:24:54;186567,16
2026-05-13 10:24:54;153688,53
2026-05-13 10:24:54;NaN
2026-05-13 10:24:54;99206,35
2026-05-13 10:24:54;297619,06
2026-05-13 10:24:54;247524,75
2026-05-13 10:24:54;277777,78
2026-05-13 10:24:54;390625
2026-05-13 10:24:54;161917,1
2026-05-13 10:24:54;199468,1
2026-05-13 10:24:54;112951,805
2026-05-13 10:24:54;67934,78
2026-05-13 10:24:54;102459,01
2026-05-13 10:24:54;245098,06
2026-05-13 10:24:54;256849,33
2026-05-13 10:24:54;158898,31
2026-05-13 10:24:54;143678,16
2026-05-13 10:24:54;143678,16
2026-05-13 10:24:54;223214,3
2026-05-13 10:24:54;155279,5
2026-05-13 10:24:54;148809,53
2026-05-13 10:24:54;NaN
2026-05-13 10:24:54;90579,71
2026-05-13 10:24:54;416666,66
2026-05-13 10:24:54;130208,336
2026-05-13 10:24:54;193298,97
2026-05-13 10:24:54;172018,34
2026-05-13 10:24:54;217391,3
2026-05-13 10:24:54;253378,38
2026-05-13 10:24:54;240384,61
2026-05-13 10:24:54;99206,35
2026-05-13 10:24:54;255102,05
2026-05-13 10:24:54;139925,38
2026-05-13 10:24:54;288461,53
2026-05-13 10:24:54;211864,4
2026-05-13 10:24:54;183823,53
2026-05-13 10:24:54;135869,56
2026-05-13 10:24:54;167410,72
2026-05-13 10:24:54;220588,25
2026-05-13 10:24:54;360576,94
2026-05-13 10:24:54;204918,02
2026-05-13 10:24:54;138888,89
2026-05-13 10:24:54;271739,12
2026-05-13 10:24:54;279850,75
2026-05-13 10:24:54;122549,016
2026-05-13 10:24:54;132978,72
2026-05-13 10:24:54;90579,71
2026-05-13 10:24:54;138888,89
2026-05-13 10:24:54;176886,8
2026-05-13 10:24:54;256849,33
2026-05-13 10:24:54;171232,88
2026-05-13 10:24:54;142045,45
2026-05-13 10:24:54;300480,78
2026-05-13 10:24:54;109649,125
2026-05-13 10:24:54;135869,56
2026-05-13 10:24:54;255102,05
2026-05-13 10:24:54;231481,5
2026-05-13 10:24:54;289351,84
2026-05-13 10:24:54;120192,305
2026-05-13 10:24:55;167785,25
2026-05-13 10:24:55;290697,7
2026-05-13 10:24:55;275735,28
2026-05-13 10:24:55;111607,15
2026-05-13 10:24:55;142045,45
2026-05-13 10:24:55;370762,75
2026-05-13 10:24:55;367647,06
2026-05-13 10:24:55;100806,445
2026-05-13 10:24:55;367647,06
2026-05-13 10:24:55;154320,98
2026-05-13 10:24:55;240384,61
2026-05-13 10:24:55;51229,504
2026-05-13 10:24:55;139925,38
2026-05-13 10:24:55;154320,98
2026-05-13 10:24:55;250000
2026-05-13 10:24:55;208333,33
2026-05-13 10:24:55;142045,45
2026-05-13 10:24:55;89928,055
2026-05-13 10:24:55;183823,52
2026-05-13 10:24:55;74404,766
2026-05-13 10:24:55;480769,28
2026-05-13 10:24:55;180288,47
2026-05-13 10:24:55;187500
2026-05-13 10:24:55;110619,47
2026-05-13 10:24:55;177845,52
2026-05-13 10:24:55;307377,06
2026-05-13 10:24:55;93283,58
2026-05-13 10:24:55;245098,03
2026-05-13 10:24:55;197368,42
2026-05-13 10:24:55;198412,7
2026-05-13 10:24:55;160256,4
2026-05-13 10:24:55;121753,25
2026-05-13 10:24:55;137362,64
2026-05-13 10:24:55;228658,53
2026-05-13 10:24:55;231481,5
2026-05-13 10:24:55;213068,19
2026-05-13 10:24:55;120967,74
2026-05-13 10:24:55;183823,53
2026-05-13 10:24:55;240384,64
2026-05-13 10:24:55;156250,02
2026-05-13 10:24:55;316455,7
2026-05-13 10:24:55;255102,05
2026-05-13 10:24:55;303398,03
2026-05-13 10:24:55;233957,22
2026-05-13 10:24:55;187969,92
2026-05-13 10:24:55;198412,69
2026-05-13 10:24:55;105485,234
2026-05-13 10:24:55;284090,94
2026-05-13 10:24:55;265957,47
2026-05-13 10:24:55;247524,75
2026-05-13 10:24:55;182038,83
2026-05-13 10:24:55;186567,17
2026-05-13 10:24:55;101626,02
2026-05-13 10:24:55;150602,4
2026-05-13 10:24:55;103021,98
2026-05-13 10:24:55;139925,36
2026-05-13 10:24:55;247524,75
2026-05-13 10:24:55;234375
2026-05-13 10:24:55;271739,12
2026-05-13 10:24:55;228102,19
2026-05-13 10:24:55;385802,5
2026-05-13 10:24:55;375000
2026-05-13 10:24:55;120192,305
2026-05-13 10:24:55;215517,23
2026-05-13 10:24:55;182481,77
2026-05-13 10:24:55;160256,4
2026-05-13 10:24:55;150000
2026-05-13 10:24:55;108695,65
2026-05-13 10:24:55;223214,3
2026-05-13 10:24:55;136861,33
2026-05-13 10:24:55;208333,33
2026-05-13 10:24:55;312500
2026-05-13 10:24:55;235849,05
2026-05-13 10:24:55;155279,52
2026-05-13 10:24:55;337837,84
2026-05-13 10:24:55;119047,62
2026-05-13 10:24:55;288461,53
2026-05-13 10:24:55;130208,336
2026-05-13 10:24:55;303398,03
2026-05-13 10:24:55;165929,2
2026-05-13 10:24:55;191326,52
2026-05-13 10:24:55;134892,08
2026-05-13 10:24:55;183823,53
2026-05-13 10:24:55;151209,69
2026-05-13 10:24:55;130890,05
2026-05-13 10:24:55;142045,45
2026-05-13 10:24:55;223214,3
2026-05-13 10:24:55;136861,33
2026-05-13 10:24:55;126262,625
2026-05-13 10:24:55;119047,62
2026-05-13 10:24:55;267857,12
2026-05-13 10:24:55;71022,73
2026-05-13 10:24:55;150000
2026-05-13 10:24:55;106837,6
2026-05-13 10:24:55;208333,34
2026-05-13 10:24:55;231481,5
2026-05-13 10:24:55;390625,03
2026-05-13 10:24:55;312500
2026-05-13 10:24:55;347222,22
2026-05-13 10:24:55;286697,25
2026-05-13 10:24:55;206043,95
2026-05-13 10:24:55;256147,56
2026-05-13 10:24:55;152439,03
2026-05-13 10:24:55;275735,3
2026-05-13 10:24:55;91240,88
2026-05-13 10:24:55;186567,17
2026-05-13 10:24:55;176056,34
2026-05-13 10:24:55;287356,3
2026-05-13 10:24:55;119047,62
2026-05-13 10:24:55;135869,56
2026-05-13 10:24:55;143678,16
2026-05-13 10:24:55;196850,39
2026-05-13 10:24:55;367647,03
2026-05-13 10:24:55;163398,7
2026-05-13 10:24:55;164473,67
2026-05-13 10:24:55;100806,45
2026-05-13 10:24:55;215517,23
2026-05-13 10:24:55;76219,516
2026-05-13 10:24:55;NaN
2026-05-13 10:24:55;271739,12
2026-05-13 10:24:55;117924,52
2026-05-13 10:24:55;123762,375
2026-05-13 10:24:55;195312,5
2026-05-13 10:24:55;217391,3
2026-05-13 10:24:55;126262,625
2026-05-13 10:24:55;446428,6
2026-05-13 10:24:55;191326,52
2026-05-13 10:24:55;106837,6
2026-05-13 10:24:55;284090,9
2026-05-13 10:24:55;94696,98
2026-05-13 10:24:55;145348,84
2026-05-13 10:24:55;199468,08
2026-05-13 10:24:55;79617,836
2026-05-13 10:24:55;127551,02
2026-05-13 10:24:55;153940,89
2026-05-13 10:24:55;107758,62
2026-05-13 10:24:55;201612,9
2026-05-13 10:24:55;126689,19
2026-05-13 10:24:55;210084,05
2026-05-13 10:24:55;312500
2026-05-13 10:24:55;168918,92
2026-05-13 10:24:55;180288,47
2026-05-13 10:24:55;210674,17
2026-05-13 10:24:55;84459,46
2026-05-13 10:24:55;181159,42
2026-05-13 10:24:55;195312,5
2026-05-13 10:24:55;48449,613
2026-05-13 10:24:55;318877,56
2026-05-13 10:24:55;162760,42
2026-05-13 10:24:55;175233,64
2026-05-13 10:24:55;90579,71
2026-05-13 10:24:55;174825,17
2026-05-13 10:24:55;189393,95
2026-05-13 10:24:55;255102,05
2026-05-13 10:24:55;172018,34
2026-05-13 10:24:55;235849,08
2026-05-13 10:24:55;267857,12
2026-05-13 10:24:55;122549,016
2026-05-13 10:24:55;152439,03
2026-05-13 10:24:55;138888,89
2026-05-13 10:24:55;117924,52
2026-05-13 10:24:55;176056,34
2026-05-13 10:24:55;163043,47
2026-05-13 10:24:55;156250
2026-05-13 10:24:55;319343,06
2026-05-13 10:24:55;121753,24
2026-05-13 10:24:55;225903,61
2026-05-13 10:24:55;245098,03
2026-05-13 10:24:55;195312,5
2026-05-13 10:24:55;196850,39
2026-05-13 10:24:55;187125,75
2026-05-13 10:24:55;277777,78
2026-05-13 10:24:55;267857,12
2026-05-13 10:24:55;96153,84
2026-05-13 10:24:55;72674,42
2026-05-13 10:24:55;85616,44
2026-05-13 10:24:55;238095,23
2026-05-13 10:24:55;167410,72
2026-05-13 10:24:55;215517,23
2026-05-13 10:24:55;306372,53
2026-05-13 10:24:55;154958,67
2026-05-13 10:24:55;195312,5
2026-05-13 10:24:55;210084,03
2026-05-13 10:24:55;297619,06
2026-05-13 10:24:55;195312,5
2026-05-13 10:24:55;175561,8
2026-05-13 10:24:55;195312,5
2026-05-13 10:24:55;1562500
2026-05-13 10:24:55;181159,4
2026-05-13 10:24:55;250000
2026-05-13 10:24:55;185643,56
2026-05-13 10:24:55;208333,33
2026-05-13 10:24:55;132978,73
2026-05-13 10:24:55;156250
2026-05-13 10:24:55;105932,2
2026-05-13 10:24:55;240384,61
2026-05-13 10:24:55;104166,664
2026-05-13 10:24:55;215517,23
2026-05-13 10:24:55;112612,6
2026-05-13 10:24:55;89928,06
2026-05-13 10:24:55;250000
2026-05-13 10:24:55;306372,53
2026-05-13 10:24:55;144230,77
2026-05-13 10:24:55;163043,47
2026-05-13 10:24:55;120967,74
2026-05-13 10:24:55;160256,4
2026-05-13 10:24:55;258264,47
2026-05-13 10:24:55;168918,92
2026-05-13 10:24:55;105932,2
2026-05-13 10:24:55;398936,16
2026-05-13 10:24:55;105932,2
2026-05-13 10:24:55;252016,14
2026-05-13 10:24:55;280898,88
2026-05-13 10:24:55;186567,17
2026-05-13 10:24:55;143678,16
2026-05-13 10:24:55;134892,08
2026-05-13 10:24:55;195312,5
2026-05-13 10:24:55;156250
2026-05-13 10:24:55;245098,03
2026-05-13 10:24:55;315656,56
2026-05-13 10:24:55;147058,83
2026-05-13 10:24:55;258264,47
2026-05-13 10:24:55;267094,03
2026-05-13 10:24:55;168918,92
2026-05-13 10:24:55;195312,5
2026-05-13 10:24:55;158898,31
2026-05-13 10:24:55;315126,06
2026-05-13 10:24:55;73964,49
2026-05-13 10:24:55;110619,47
2026-05-13 10:24:55;189393,94
2026-05-13 10:24:55;367647,03
2026-05-13 10:24:55;195312,5
2026-05-13 10:24:55;231481,5
2026-05-13 10:24:55;260416,64
2026-05-13 10:24:55;168918,92
2026-05-13 10:24:55;280898,88
2026-05-13 10:24:55;116822,42
2026-05-13 10:24:55;256849,3
2026-05-13 10:24:55;362318,84
2026-05-13 10:24:55;197368,42
2026-05-13 10:24:55;162337,66
2026-05-13 10:24:55;284090,9
2026-05-13 10:24:56;134408,61
2026-05-13 10:24:56;178571,44
2026-05-13 10:24:56;NaN
2026-05-13 10:24:56;264830,53
2026-05-13 10:24:56;202922,08
2026-05-13 10:24:56;123355,266
2026-05-13 10:24:56;206043,95
2026-05-13 10:24:56;224820,16
2026-05-13 10:24:56;186567,16
2026-05-13 10:24:56;NaN
2026-05-13 10:24:56;160256,4
2026-05-13 10:24:56;130208,336
2026-05-13 10:24:56;242718,44
2026-05-13 10:24:56;275735,28
2026-05-13 10:24:56;136861,31
2026-05-13 10:24:56;189393,95
2026-05-13 10:24:56;231481,5
2026-05-13 10:24:56;71022,734
2026-05-13 10:24:56;265957,47
2026-05-13 10:24:56;154958,67
2026-05-13 10:24:56;284090,9
2026-05-13 10:24:56;176056,34
2026-05-13 10:24:56;215517,23
2026-05-13 10:24:56;120192,32
2026-05-13 10:24:56;235849,05
2026-05-13 10:24:56;173611,11
2026-05-13 10:24:56;232919,25
2026-05-13 10:24:56;208333,33
2026-05-13 10:24:56;302419,38
2026-05-13 10:24:56;59523,81
2026-05-13 10:24:56;337837,84
2026-05-13 10:24:56;136861,31
2026-05-13 10:24:56;520833,34
2026-05-13 10:24:56;233644,88
2026-05-13 10:24:56;81168,836
2026-05-13 10:24:56;73529,414
2026-05-13 10:24:56;164473,67
2026-05-13 10:24:56;176056,34
2026-05-13 10:24:56;164473,67
2026-05-13 10:24:56;228658,53
2026-05-13 10:24:56;173611,11
2026-05-13 10:24:56;284090,9
2026-05-13 10:24:56;235849,08
2026-05-13 10:24:56;168918,92
2026-05-13 10:24:56;271739,12
2026-05-13 10:24:56;143129,77
2026-05-13 10:24:56;177304,97
2026-05-13 10:24:56;117924,54
2026-05-13 10:24:56;158898,31
2026-05-13 10:24:56;195312,5
2026-05-13 10:24:56;223214,3
2026-05-13 10:24:56;250000
2026-05-13 10:24:56;147058,83
2026-05-13 10:24:56;122549,016
2026-05-13 10:24:56;75301,2
2026-05-13 10:24:56;110946,76
2026-05-13 10:24:56;267857,12
2026-05-13 10:24:56;114678,89
2026-05-13 10:24:56;263157,9
2026-05-13 10:24:56;284090,9
2026-05-13 10:24:56;173611,11
2026-05-13 10:24:56;240384,64
2026-05-13 10:24:56;231481,44
2026-05-13 10:24:56;79113,92
2026-05-13 10:24:56;168918,92
2026-05-13 10:24:56;225225,23
2026-05-13 10:24:56;179856,12
2026-05-13 10:24:56;322164,97
2026-05-13 10:24:56;160256,4
2026-05-13 10:24:56;227272,73
2026-05-13 10:24:56;214285,7
2026-05-13 10:24:56;223214,3
2026-05-13 10:24:56;139925,38
2026-05-13 10:24:56;123762,375
2026-05-13 10:24:56;260416,67
2026-05-13 10:24:56;161637,94
2026-05-13 10:24:56;201612,89
2026-05-13 10:24:56;332446,8
2026-05-13 10:24:56;240384,61
2026-05-13 10:24:56;300480,78
2026-05-13 10:24:56;110619,47
2026-05-13 10:24:56;233644,84
2026-05-13 10:24:56;93283,586
2026-05-13 10:24:56;264084,5
2026-05-13 10:24:56;237341,77
2026-05-13 10:24:56;131578,95
2026-05-13 10:24:56;46992,484
2026-05-13 10:24:56;143678,16
2026-05-13 10:24:56;206043,95
2026-05-13 10:24:56;135869,56
2026-05-13 10:24:56;161637,94
2026-05-13 10:24:56;203252,05
2026-05-13 10:24:56;183823,52
2026-05-13 10:24:56;173611,11
2026-05-13 10:24:56;114678,91
2026-05-13 10:24:56;315126,06
2026-05-13 10:24:56;89928,06
2026-05-13 10:24:56;46641,79
2026-05-13 10:24:56;215517,23
2026-05-13 10:24:56;240384,64
2026-05-13 10:24:56;520833,28
2026-05-13 10:24:56;144230,77
2026-05-13 10:24:56;231481,47
2026-05-13 10:24:56;225225,23
2026-05-13 10:24:56;182038,83
2026-05-13 10:24:56;147058,83
2026-05-13 10:24:56;128865,984
2026-05-13 10:24:56;193298,97
2026-05-13 10:24:56;94696,98
2026-05-13 10:24:56;138888,89
2026-05-13 10:24:56;76219,51
2026-05-13 10:24:56;166223,4
2026-05-13 10:24:56;174825,17
2026-05-13 10:24:56;255102,05
2026-05-13 10:24:56;NaN
2026-05-13 10:24:56;215517,23
2026-05-13 10:24:56;185643,56
2026-05-13 10:24:56;173611,11
2026-05-13 10:24:56;176056,34
2026-05-13 10:24:56;185643,56
2026-05-13 10:24:56;147058,83
2026-05-13 10:24:56;143129,78
2026-05-13 10:24:56;183823,53
2026-05-13 10:24:56;303398,03
2026-05-13 10:24:56;195312,5
2026-05-13 10:24:56;195312,5
2026-05-13 10:24:56;181159,42
2026-05-13 10:24:56;142045,47
2026-05-13 10:24:56;277777,78
2026-05-13 10:24:56;189393,94
2026-05-13 10:24:56;135869,56
2026-05-13 10:24:56;98425,195
2026-05-13 10:24:56;149700,61
2026-05-13 10:24:56;220588,25
2026-05-13 10:24:56;213675,2
2026-05-13 10:24:56;151209,69
2026-05-13 10:24:56;166666,66
2026-05-13 10:24:56;219298,25
2026-05-13 10:24:56;192307,69
2026-05-13 10:24:56;294117,66
2026-05-13 10:24:56;143129,78
2026-05-13 10:24:56;274725,28
2026-05-13 10:24:56;151209,67
2026-05-13 10:24:56;NaN
2026-05-13 10:24:56;217391,3
2026-05-13 10:24:56;110619,47
2026-05-13 10:24:56;323275,88
2026-05-13 10:24:56;135869,56
2026-05-13 10:24:56;357142,88
2026-05-13 10:24:56;189393,94
2026-05-13 10:24:56;181159,42
2026-05-13 10:24:56;189393,94
2026-05-13 10:24:56;292056,1
2026-05-13 10:24:56;61274,508
2026-05-13 10:24:56;211864,4
2026-05-13 10:24:56;173611,11
2026-05-13 10:24:56;69444,445
2026-05-13 10:24:56;153688,53
2026-05-13 10:24:56;284090,94
2026-05-13 10:24:56;147637,8
2026-05-13 10:24:56;161290,33
2026-05-13 10:24:56;172018,34
2026-05-13 10:24:56;151209,69
2026-05-13 10:24:56;336021,53
2026-05-13 10:24:56;355113,62
2026-05-13 10:24:56;182038,83
2026-05-13 10:24:56;142045,47
2026-05-13 10:24:56;109649,125
2026-05-13 10:24:56;215517,23
2026-05-13 10:24:56;234375
2026-05-13 10:24:56;262605,03
2026-05-13 10:24:56;220588,25
2026-05-13 10:24:56;185185,17
2026-05-13 10:24:56;364077,66
2026-05-13 10:24:56;176886,8
2026-05-13 10:24:56;164473,69
2026-05-13 10:24:56;195312,5
2026-05-13 10:24:56;182038,83
2026-05-13 10:24:56;306372,56
2026-05-13 10:24:56;170454,55
2026-05-13 10:24:56;267857,12
2026-05-13 10:24:56;185643,56
2026-05-13 10:24:56;252016,14
2026-05-13 10:24:56;271739,12
2026-05-13 10:24:56;250000
2026-05-13 10:24:56;260416,67
2026-05-13 10:24:56;123762,375
2026-05-13 10:24:56;360576,94
2026-05-13 10:24:56;178571,44
2026-05-13 10:24:56;161637,92
2026-05-13 10:24:56;112612,62
2026-05-13 10:24:56;250000
2026-05-13 10:24:56;213068,19
2026-05-13 10:24:56;168918,92
2026-05-13 10:24:56;93283,58
2026-05-13 10:24:56;146484,38
2026-05-13 10:24:56;103305,79
2026-05-13 10:24:56;156250
2026-05-13 10:24:56;126689,19
2026-05-13 10:24:56;127551,02
2026-05-13 10:24:56;257731,97
2026-05-13 10:24:56;217391,3
2026-05-13 10:24:56;164473,69
2026-05-13 10:24:56;187969,92
2026-05-13 10:24:56;208333,33
2026-05-13 10:24:56;245098,03
2026-05-13 10:24:56;375000
2026-05-13 10:24:56;102459,02
2026-05-13 10:24:56;139925,38
2026-05-13 10:24:56;229357,78
2026-05-13 10:24:56;160256,4
2026-05-13 10:24:56;119426,76
2026-05-13 10:24:56;121359,22
2026-05-13 10:24:56;390624,97
2026-05-13 10:24:56;303398,06
2026-05-13 10:24:56;140977,44
2026-05-13 10:24:56;213675,2
2026-05-13 10:24:56;52521,008
2026-05-13 10:24:56;178571,44
2026-05-13 10:24:56;237341,77
2026-05-13 10:24:56;106837,6
2026-05-13 10:24:56;309405,94
2026-05-13 10:24:56;284090,9
2026-05-13 10:24:56;223214,3
2026-05-13 10:24:56;208333,33
2026-05-13 10:24:56;367647,06
2026-05-13 10:24:56;132978,72
2026-05-13 10:24:56;119047,62
2026-05-13 10:24:56;178571,44
2026-05-13 10:24:56;181159,42
2026-05-13 10:24:56;127551,02
2026-05-13 10:24:56;253378,38
2026-05-13 10:24:56;98425,195
2026-05-13 10:24:56;260416,64
2026-05-13 10:24:56;271739,12
2026-05-13 10:24:56;113636,37
2026-05-13 10:24:56;213068,19
2026-05-13 10:24:56;238095,23
2026-05-13 10:24:56;197368,42
2026-05-13 10:24:57;116822,42
2026-05-13 10:24:57;256147,53
2026-05-13 10:24:57;114329,266
2026-05-13 10:24:57;152439,02
2026-05-13 10:24:57;96153,84
2026-05-13 10:24:57;158227,84
2026-05-13 10:24:57;167410,72
2026-05-13 10:24:57;180288,47
2026-05-13 10:24:57;255102,05
2026-05-13 10:24:57;208333,34
2026-05-13 10:24:57;143678,16
2026-05-13 10:24:57;134892,1
2026-05-13 10:24:57;208333,34
2026-05-13 10:24:57;164473,67
2026-05-13 10:24:57;83333,33
2026-05-13 10:24:57;228658,53
2026-05-13 10:24:57;95419,84
2026-05-13 10:24:57;238549,62
2026-05-13 10:24:57;137362,64
2026-05-13 10:24:57;260416,67
2026-05-13 10:24:57;181159,42
2026-05-13 10:24:57;140449,44
2026-05-13 10:24:57;183823,53
2026-05-13 10:24:57;148809,52
2026-05-13 10:24:57;71839,08
2026-05-13 10:24:57;60679,61
2026-05-13 10:24:57;150602,4
2026-05-13 10:24:57;247524,75
2026-05-13 10:24:57;284090,9
2026-05-13 10:24:57;277777,78
2026-05-13 10:24:57;158898,3
2026-05-13 10:24:57;302419,34
2026-05-13 10:24:57;65104,168
2026-05-13 10:24:57;284090,9
2026-05-13 10:24:57;257731,97
2026-05-13 10:24:57;255102,05
2026-05-13 10:24:57;242248,06
2026-05-13 10:24:57;119047,62
2026-05-13 10:24:57;181159,42
2026-05-13 10:24:57;137061,4
2026-05-13 10:24:57;158898,3
2026-05-13 10:24:57;189393,94
2026-05-13 10:24:57;396825,4
2026-05-13 10:24:57;148809,53
2026-05-13 10:24:57;104748,6
2026-05-13 10:24:57;135869,56
2026-05-13 10:24:57;264084,5
2026-05-13 10:24:57;336538,47
2026-05-13 10:24:57;281531,53
2026-05-13 10:24:57;260416,67
2026-05-13 10:24:57;173611,11
2026-05-13 10:24:57;177304,97
2026-05-13 10:24:57;336021,53
2026-05-13 10:24:57;105042,016
2026-05-13 10:24:57;142045,45
2026-05-13 10:24:57;219298,25
2026-05-13 10:24:57;72674,42
2026-05-13 10:24:57;312500
2026-05-13 10:24:57;158898,31
2026-05-13 10:24:57;237341,77
2026-05-13 10:24:57;105337,086
2026-05-13 10:24:57;185643,56
2026-05-13 10:24:57;125000
2026-05-13 10:24:57;203804,34
2026-05-13 10:24:57;140977,44
2026-05-13 10:24:57;195312,5
2026-05-13 10:24:57;137362,64
2026-05-13 10:24:57;150602,4
2026-05-13 10:24:57;58411,22
2026-05-13 10:24:57;284090,94
2026-05-13 10:24:57;168918,92
2026-05-13 10:24:57;274122,8
2026-05-13 10:24:57;176553,67
2026-05-13 10:24:57;132978,72
2026-05-13 10:24:57;163398,7
2026-05-13 10:24:57;167410,72
2026-05-13 10:24:57;301204,8
2026-05-13 10:24:57;246063
2026-05-13 10:24:57;127551,02
2026-05-13 10:24:57;173611,11
2026-05-13 10:24:57;206611,58
2026-05-13 10:24:57;235849,05
2026-05-13 10:24:57;128865,984
2026-05-13 10:24:57;168918,92
2026-05-13 10:24:57;271739,12
2026-05-13 10:24:57;185185,19
2026-05-13 10:24:57;134892,08
2026-05-13 10:24:57;221238,92
2026-05-13 10:24:57;150602,4
2026-05-13 10:24:57;215517,23
2026-05-13 10:24:57;229779,42
2026-05-13 10:24:57;148809,52
2026-05-13 10:24:57;210674,14
2026-05-13 10:24:57;95419,84
2026-05-13 10:24:57;234375
2026-05-13 10:24:57;206953,66
2026-05-13 10:24:57;143678,16
2026-05-13 10:24:57;78124,99
2026-05-13 10:24:57;121359,22
2026-05-13 10:24:57;208333,33
2026-05-13 10:24:57;150602,4
2026-05-13 10:24:57;267857,16
2026-05-13 10:24:57;284090,9
2026-05-13 10:24:57;128424,664
2026-05-13 10:24:57;237341,77
2026-05-13 10:24:57;112612,62
2026-05-13 10:24:57;199468,08
2026-05-13 10:24:57;199468,08
2026-05-13 10:24:57;138888,89
2026-05-13 10:24:57;135869,56
2026-05-13 10:24:57;111607,15
2026-05-13 10:24:57;227272,73
2026-05-13 10:24:57;213068,19
2026-05-13 10:24:57;355113,62
2026-05-13 10:24:57;143678,16
2026-05-13 10:24:57;203804,34
2026-05-13 10:24:57;152439,03
2026-05-13 10:24:57;101626,02
2026-05-13 10:24:57;120967,74
2026-05-13 10:24:57;156250
2026-05-13 10:24:57;181159,42
2026-05-13 10:24:57;257731,97
2026-05-13 10:24:57;162337,66
2026-05-13 10:24:57;183823,53
2026-05-13 10:24:57;271739,12
2026-05-13 10:24:57;143678,16
2026-05-13 10:24:57;105042,02
2026-05-13 10:24:57;111607,15
2026-05-13 10:24:57;360576,94
2026-05-13 10:24:57;223214,3
2026-05-13 10:24:57;208333,33
2026-05-13 10:24:57;255847,97
2026-05-13 10:24:57;173611,11
2026-05-13 10:24:57;163043,47
2026-05-13 10:24:57;211864,4
2026-05-13 10:24:57;210674,14
2026-05-13 10:24:57;160256,4
2026-05-13 10:24:57;208333,33
2026-05-13 10:24:57;208333,33
2026-05-13 10:24:57;234375
2026-05-13 10:24:57;137362,64
2026-05-13 10:24:57;235849,08
2026-05-13 10:24:57;126262,625
2026-05-13 10:24:57;115740,75
2026-05-13 10:24:57;120192,32
2026-05-13 10:24:57;233644,84
2026-05-13 10:24:57;206043,95
2026-05-13 10:24:57;176886,8
2026-05-13 10:24:57;102459,01
2026-05-13 10:24:57;128424,664
2026-05-13 10:24:57;193298,97
2026-05-13 10:24:57;203804,34
2026-05-13 10:24:57;245098,03
2026-05-13 10:24:57;218023,25
2026-05-13 10:24:57;121359,22
2026-05-13 10:24:57;240384,64
2026-05-13 10:24:57;255102,05
2026-05-13 10:24:57;279850,75
2026-05-13 10:24:57;213068,19
2026-05-13 10:24:57;213068,19
2026-05-13 10:24:57;210084,03
2026-05-13 10:24:57;223214,3
2026-05-13 10:24:57;144508,67
2026-05-13 10:24:57;125838,93
2026-05-13 10:24:57;191326,55
2026-05-13 10:24:57;88652,484
2026-05-13 10:24:57;71022,73
2026-05-13 10:24:57;201612,9
2026-05-13 10:24:57;105932,2
2026-05-13 10:24:57;176886,78
2026-05-13 10:24:57;221631,2
2026-05-13 10:24:57;131118,89
2026-05-13 10:24:57;176056,34
2026-05-13 10:24:57;225903,61
2026-05-13 10:24:57;208333,33
2026-05-13 10:24:57;364077,66
2026-05-13 10:24:57;215517,23
2026-05-13 10:24:57;178571,44
2026-05-13 10:24:57;91911,766
2026-05-13 10:24:57;287356,3
2026-05-13 10:24:57;326086,94
2026-05-13 10:24:57;84459,46
2026-05-13 10:24:57;67204,305
2026-05-13 10:24:57;198412,7
2026-05-13 10:24:57;277777,78
2026-05-13 10:24:57;294117,66
2026-05-13 10:24:57;122549,016
2026-05-13 10:24:57;276548,7
2026-05-13 10:24:57;217391,3
2026-05-13 10:24:57;187500
2026-05-13 10:24:57;250000
2026-05-13 10:24:57;148809,53
2026-05-13 10:24:57;284090,9
2026-05-13 10:24:57;206043,95
2026-05-13 10:24:57;203804,34
2026-05-13 10:24:57;209497,2
2026-05-13 10:24:57;220588,22
2026-05-13 10:24:57;120192,305
2026-05-13 10:24:57;NaN
2026-05-13 10:24:57;260416,64
2026-05-13 10:24:57;189393,94
2026-05-13 10:24:57;127551,02
2026-05-13 10:24:57;189393,95
2026-05-13 10:24:57;150000
2026-05-13 10:24:57;189393,94
2026-05-13 10:24:57;135869,56
2026-05-13 10:24:57;223214,3
2026-05-13 10:24:57;131118,89
2026-05-13 10:24:57;245098,03
2026-05-13 10:24:57;135869,56
2026-05-13 10:24:57;178571,44
2026-05-13 10:24:57;64432,992
2026-05-13 10:24:57;122549,016
2026-05-13 10:24:57;109649,125
2026-05-13 10:24:57;219298,25
2026-05-13 10:24:57;148809,53
2026-05-13 10:24:57;229357,81
2026-05-13 10:24:57;294117,66
2026-05-13 10:24:57;308642
2026-05-13 10:24:57;115740,75
2026-05-13 10:24:57;201612,9
2026-05-13 10:24:57;210674,17
2026-05-13 10:24:57;80128,2
2026-05-13 10:24:57;171232,88
2026-05-13 10:24:57;204918,02
2026-05-13 10:24:57;107142,85
2026-05-13 10:24:57;231481,5
2026-05-13 10:24:57;NaN
2026-05-13 10:24:57;96153,84
2026-05-13 10:24:57;253378,38
2026-05-13 10:24:57;182038,84
2026-05-13 10:24:57;254065,03
2026-05-13 10:24:57;186567,17
2026-05-13 10:24:57;344036,7
2026-05-13 10:24:57;240384,61
2026-05-13 10:24:57;221631,2
2026-05-13 10:24:58;197368,42
2026-05-13 10:24:58;163043,48
2026-05-13 10:24:58;286697,25
2026-05-13 10:24:58;186567,16
2026-05-13 10:24:58;245098,03
2026-05-13 10:24:58;182038,83
2026-05-13 10:24:58;153688,53
2026-05-13 10:24:58;150602,4
2026-05-13 10:24:58;309917,34
2026-05-13 10:24:58;255102,05
2026-05-13 10:24:58;347222,16
2026-05-13 10:24:58;211864,4
2026-05-13 10:24:58;144009,22
2026-05-13 10:24:58;181159,42
2026-05-13 10:24:58;96153,84
2026-05-13 10:24:58;238095,23
2026-05-13 10:24:58;175233,64
2026-05-13 10:24:58;166666,66
2026-05-13 10:24:58;219298,25
2026-05-13 10:24:58;150602,4
2026-05-13 10:24:58;187768,25
2026-05-13 10:24:58;231481,47
2026-05-13 10:24:58;91463,414
2026-05-13 10:24:58;138888,89
2026-05-13 10:24:58;59523,81
2026-05-13 10:24:58;150602,4
2026-05-13 10:24:58;NaN
2026-05-13 10:24:58;168918,92
2026-05-13 10:24:58;158898,31
2026-05-13 10:24:58;106837,6
2026-05-13 10:24:58;135869,56
2026-05-13 10:24:58;201612,9
2026-05-13 10:24:58;294117,66
2026-05-13 10:24:58;218023,25
2026-05-13 10:24:58;126262,625
2026-05-13 10:24:58;246710,53
2026-05-13 10:24:58;207182,33
2026-05-13 10:24:58;243506,5
2026-05-13 10:24:58;107758,62
2026-05-13 10:24:58;204918,02
2026-05-13 10:24:58;76219,516
2026-05-13 10:24:58;191326,55
2026-05-13 10:24:58;132978,72
2026-05-13 10:24:58;363372,1
2026-05-13 10:24:58;160256,4
2026-05-13 10:24:58;297619,06
2026-05-13 10:24:58;195312,5
2026-05-13 10:24:58;108381,51
2026-05-13 10:24:58;520833,28
2026-05-13 10:24:58;254065,03
2026-05-13 10:24:58;189393,94
2026-05-13 10:24:58;96899,23
2026-05-13 10:24:58;208333,33
2026-05-13 10:24:58;182038,84
2026-05-13 10:24:58;132978,73
2026-05-13 10:24:58;172018,34
2026-05-13 10:24:58;128424,65
2026-05-13 10:24:58;231481,5
2026-05-13 10:24:58;150602,4
2026-05-13 10:24:58;120192,305
2026-05-13 10:24:58;121753,25
2026-05-13 10:24:58;156250
2026-05-13 10:24:58;312500
2026-05-13 10:24:58;301204,8
2026-05-13 10:24:58;162337,66
2026-05-13 10:24:58;60679,61
2026-05-13 10:24:58;228658,53
2026-05-13 10:24:58;294811,3
2026-05-13 10:24:58;137867,64
2026-05-13 10:24:58;271739,16
2026-05-13 10:24:58;245098,03
2026-05-13 10:24:58;120192,305
2026-05-13 10:24:58;204248,36
2026-05-13 10:24:58;164473,69
2026-05-13 10:24:58;412735,88
2026-05-13 10:24:58;337837,84
2026-05-13 10:24:58;96899,23
2026-05-13 10:24:58;200000
2026-05-13 10:24:58;69060,77
2026-05-13 10:24:58;260416,67
2026-05-13 10:24:58;61274,508
2026-05-13 10:24:58;164473,67
2026-05-13 10:24:58;320512,8
2026-05-13 10:24:58;202922,1
2026-05-13 10:24:58;156250
2026-05-13 10:24:58;205592,1
2026-05-13 10:24:58;390625,03
2026-05-13 10:24:58;137867,64
2026-05-13 10:24:58;228658,55
2026-05-13 10:24:58;367647,03
2026-05-13 10:24:58;175000
2026-05-13 10:24:58;195312,48
2026-05-13 10:24:58;195312,5
2026-05-13 10:24:58;187969,92
2026-05-13 10:24:58;275735,28
2026-05-13 10:24:58;107758,62
2026-05-13 10:24:58;126262,625
2026-05-13 10:24:58;228658,53
2026-05-13 10:24:58;142857,16
2026-05-13 10:24:58;243506,48
2026-05-13 10:24:58;204918,02
2026-05-13 10:24:58;76687,12
2026-05-13 10:24:58;238095,25
2026-05-13 10:24:58;241935,48
2026-05-13 10:24:58;214041,1
2026-05-13 10:24:58;158898,3
2026-05-13 10:24:58;237341,77
2026-05-13 10:24:58;180288,47
2026-05-13 10:24:58;301204,8
2026-05-13 10:24:58;153688,53
2026-05-13 10:24:58;152439,02
2026-05-13 10:24:58;167410,72
2026-05-13 10:24:58;170454,53
2026-05-13 10:24:58;271739,12
2026-05-13 10:24:58;182038,83
2026-05-13 10:24:58;120192,305
2026-05-13 10:24:58;240384,61
2026-05-13 10:24:58;240384,61
2026-05-13 10:24:58;360576,94
2026-05-13 10:24:58;152439,03
2026-05-13 10:24:58;284090,9
2026-05-13 10:24:58;206953,66
2026-05-13 10:24:58;164473,69
2026-05-13 10:24:58;182038,83
2026-05-13 10:24:58;203804,34
2026-05-13 10:24:58;91911,766
2026-05-13 10:24:58;132978,73
2026-05-13 10:24:58;231481,5
2026-05-13 10:24:58;297619,06
2026-05-13 10:24:58;233644,88
2026-05-13 10:24:58;164473,69
2026-05-13 10:24:58;340909,1
2026-05-13 10:24:58;164473,67
2026-05-13 10:24:58;240384,64
2026-05-13 10:24:58;301204,8
2026-05-13 10:24:58;331858,4
2026-05-13 10:24:58;120192,32
2026-05-13 10:24:58;347222,22
2026-05-13 10:24:58;208333,34
2026-05-13 10:24:58;156250
2026-05-13 10:24:58;152439,02
2026-05-13 10:24:58;352112,7
2026-05-13 10:24:58;300480,75
2026-05-13 10:24:58;173611,11
2026-05-13 10:24:58;101626,02
2026-05-13 10:24:58;206043,95
2026-05-13 10:24:58;164473,67
2026-05-13 10:24:58;158227,84
2026-05-13 10:24:58;193798,45
2026-05-13 10:24:58;167410,72
2026-05-13 10:24:58;350000
2026-05-13 10:24:58;403225,8
2026-05-13 10:24:58;231481,5
2026-05-13 10:24:58;182481,75
2026-05-13 10:24:58;157563,03
2026-05-13 10:24:58;173611,11
2026-05-13 10:24:58;156250
2026-05-13 10:24:58;215517,23
2026-05-13 10:24:58;163043,47
2026-05-13 10:24:58;187500
2026-05-13 10:24:58;180288,47
2026-05-13 10:24:58;213068,19
2026-05-13 10:24:58;167410,72
2026-05-13 10:24:58;181686,05
2026-05-13 10:24:58;148809,52
2026-05-13 10:24:58;132978,72
2026-05-13 10:24:58;151209,67
2026-05-13 10:24:58;167410,72
2026-05-13 10:24:58;147637,8
2026-05-13 10:24:58;245098,03
2026-05-13 10:24:58;211864,4
2026-05-13 10:24:58;199468,1
2026-05-13 10:24:58;225225,23
2026-05-13 10:24:58;260416,67
2026-05-13 10:24:58;183823,53
2026-05-13 10:24:58;203252,05
2026-05-13 10:24:58;181159,42
2026-05-13 10:24:58;390625
2026-05-13 10:24:58;106534,09
2026-05-13 10:24:58;267379,7
2026-05-13 10:24:58;178571,44
2026-05-13 10:24:58;120192,32
2026-05-13 10:24:58;85616,44
2026-05-13 10:24:58;165562,92
2026-05-13 10:24:58;360576,94
2026-05-13 10:24:58;239071,05
2026-05-13 10:24:58;177556,81
2026-05-13 10:24:58;130208,336
2026-05-13 10:24:58;116822,42
2026-05-13 10:24:58;300480,78
2026-05-13 10:24:58;225225,2
2026-05-13 10:24:58;199468,08
2026-05-13 10:24:58;172413,8
2026-05-13 10:24:58;220588,22
2026-05-13 10:24:58;176886,8
2026-05-13 10:24:58;NaN
2026-05-13 10:24:58;240384,61
2026-05-13 10:24:58;250000
2026-05-13 10:24:58;231481,5
2026-05-13 10:24:58;80128,2
2026-05-13 10:24:58;265957,47
2026-05-13 10:24:58;89285,72
2026-05-13 10:24:58;243506,48
2026-05-13 10:24:58;122549,016
2026-05-13 10:24:58;210674,14
2026-05-13 10:24:58;178571,44
2026-05-13 10:24:58;246063
2026-05-13 10:24:58;264830,53
2026-05-13 10:24:58;201612,9
2026-05-13 10:24:58;185643,56
2026-05-13 10:24:58;97656,25
2026-05-13 10:24:58;187500
2026-05-13 10:24:58;192307,69
2026-05-13 10:24:58;231481,5
2026-05-13 10:24:58;351123,6
2026-05-13 10:24:58;134892,08
2026-05-13 10:24:58;297619,06
2026-05-13 10:24:58;173611,11
2026-05-13 10:24:58;176886,78
2026-05-13 10:24:58;95419,84
2026-05-13 10:24:58;250000
2026-05-13 10:24:58;265957,44
2026-05-13 10:24:58;294117,66
2026-05-13 10:24:58;192307,69
2026-05-13 10:24:58;160256,4
2026-05-13 10:24:58;258264,47
2026-05-13 10:24:58;328947,34
2026-05-13 10:24:58;105932,2
2026-05-13 10:24:58;104166,664
2026-05-13 10:24:58;271739,12
2026-05-13 10:24:58;121951,23
2026-05-13 10:24:58;181159,42
2026-05-13 10:24:58;125000
2026-05-13 10:24:58;210084,05
2026-05-13 10:24:58;245098,03
2026-05-13 10:24:58;90579,71
2026-05-13 10:24:58;280898,88
2026-05-13 10:24:58;215517,23
2026-05-13 10:24:58;264084,5
2026-05-13 10:24:58;160256,4
2026-05-13 10:24:58;180288,47
2026-05-13 10:24:59;260416,67
2026-05-13 10:24:59;166666,66
2026-05-13 10:24:59;162337,67
2026-05-13 10:24:59;223214,3
2026-05-13 10:24:59;353773,6
2026-05-13 10:24:59;238095,23
2026-05-13 10:24:59;308098,6
2026-05-13 10:24:59;342465,75
2026-05-13 10:24:59;178571,44
2026-05-13 10:24:59;250000
2026-05-13 10:24:59;186011,9
2026-05-13 10:24:59;165929,2
2026-05-13 10:24:59;91911,766
2026-05-13 10:24:59;247524,75
2026-05-13 10:24:59;111607,15
2026-05-13 10:24:59;331858,4
2026-05-13 10:24:59;122549,016
2026-05-13 10:24:59;200000
2026-05-13 10:24:59;292056,1
2026-05-13 10:24:59;185185,17
2026-05-13 10:24:59;229357,81
2026-05-13 10:24:59;178571,44
2026-05-13 10:24:59;253378,38
2026-05-13 10:24:59;193798,45
2026-05-13 10:24:59;359195,4
2026-05-13 10:24:59;204918,02
2026-05-13 10:24:59;148809,53
2026-05-13 10:24:59;132042,25
2026-05-13 10:24:59;138888,89
2026-05-13 10:24:59;132978,72
2026-05-13 10:24:59;128865,984
2026-05-13 10:24:59;81168,83
2026-05-13 10:24:59;312500
2026-05-13 10:24:59;115740,75
2026-05-13 10:24:59;294811,3
2026-05-13 10:24:59;284090,9
2026-05-13 10:24:59;158227,84
2026-05-13 10:24:59;245098,03
2026-05-13 10:24:59;NaN
2026-05-13 10:24:59;353773,56
2026-05-13 10:24:59;204918,05
2026-05-13 10:24:59;235849,08
2026-05-13 10:24:59;223214,3
2026-05-13 10:24:59;134408,6
2026-05-13 10:24:59;203804,34
2026-05-13 10:24:59;115740,75
2026-05-13 10:24:59;133928,58
2026-05-13 10:24:59;178571,44
2026-05-13 10:24:59;297619,06
2026-05-13 10:24:59;351123,6
2026-05-13 10:24:59;74404,766
2026-05-13 10:24:59;375000
2026-05-13 10:24:59;248015,86
2026-05-13 10:24:59;211864,4
2026-05-13 10:24:59;271739,12
2026-05-13 10:24:59;347222,22
2026-05-13 10:24:59;115030,68
2026-05-13 10:24:59;152439,02
2026-05-13 10:24:59;201612,9
2026-05-13 10:24:59;116822,44
2026-05-13 10:24:59;284090,9
2026-05-13 10:24:59;112275,45
2026-05-13 10:24:59;245098,06
2026-05-13 10:24:59;115740,75
2026-05-13 10:24:59;191326,55
2026-05-13 10:24:59;164473,69
2026-05-13 10:24:59;238095,23
2026-05-13 10:24:59;318877,56
2026-05-13 10:24:59;215517,23
2026-05-13 10:24:59;219298,25
2026-05-13 10:24:59;50813,01
2026-05-13 10:24:59;210674,17
2026-05-13 10:24:59;277777,78
2026-05-13 10:24:59;33244,68
2026-05-13 10:24:59;223214,3
2026-05-13 10:24:59;250000
2026-05-13 10:24:59;185185,17
2026-05-13 10:24:59;267857,16
2026-05-13 10:24:59;117924,52
2026-05-13 10:24:59;284090,94
2026-05-13 10:24:59;200000
2026-05-13 10:24:59;113636,37
2026-05-13 10:24:59;225903,61
2026-05-13 10:24:59;154958,67
2026-05-13 10:24:59;181159,42
2026-05-13 10:24:59;180288,47
2026-05-13 10:24:59;45289,855
2026-05-13 10:24:59;281531,53
2026-05-13 10:24:59;234962,4
2026-05-13 10:24:59;218023,25
2026-05-13 10:24:59;143678,16
2026-05-13 10:24:59;347222,25
2026-05-13 10:24:59;343406,6
2026-05-13 10:24:59;187969,92
2026-05-13 10:24:59;231481,5
2026-05-13 10:24:59;231481,47
2026-05-13 10:24:59;245098,06
2026-05-13 10:24:59;353773,6
2026-05-13 10:24:59;90579,71
2026-05-13 10:24:59;178571,44
2026-05-13 10:24:59;83333,33
2026-05-13 10:24:59;NaN
2026-05-13 10:24:59;233208,95
2026-05-13 10:24:59;201612,89
2026-05-13 10:24:59;204918,05
2026-05-13 10:24:59;245098,03
2026-05-13 10:24:59;322164,97
2026-05-13 10:24:59;220588,22
2026-05-13 10:24:59;172018,34
2026-05-13 10:24:59;118670,88
2026-05-13 10:24:59;221238,94
2026-05-13 10:24:59;152439,03
2026-05-13 10:24:59;187500
2026-05-13 10:24:59;160256,42
2026-05-13 10:24:59;227272,73
2026-05-13 10:24:59;138888,89
2026-05-13 10:24:59;316455,7
2026-05-13 10:24:59;462963
2026-05-13 10:24:59;143129,77
2026-05-13 10:24:59;189393,94
2026-05-13 10:24:59;96153,84
2026-05-13 10:24:59;129310,34
2026-05-13 10:24:59;235849,08
2026-05-13 10:24:59;220588,25
2026-05-13 10:24:59;225903,61
2026-05-13 10:24:59;182038,83
2026-05-13 10:24:59;168918,92
2026-05-13 10:24:59;NaN
2026-05-13 10:24:59;271739,12
2026-05-13 10:24:59;180288,47
2026-05-13 10:24:59;171232,88
2026-05-13 10:24:59;126689,19
2026-05-13 10:24:59;127551,02
2026-05-13 10:24:59;182038,83
2026-05-13 10:24:59;178571,44
2026-05-13 10:24:59;350467,28
2026-05-13 10:24:59;168918,92
2026-05-13 10:24:59;148809,52
2026-05-13 10:24:59;234962,4
2026-05-13 10:24:59;154321
2026-05-13 10:24:59;140449,44
2026-05-13 10:24:59;148809,53
2026-05-13 10:24:59;85034,016
2026-05-13 10:24:59;183823,53
2026-05-13 10:24:59;213068,19
2026-05-13 10:24:59;159235,67
2026-05-13 10:24:59;185643,56
2026-05-13 10:24:59;178571,44
2026-05-13 10:24:59;74404,766
2026-05-13 10:24:59;106837,6
2026-05-13 10:24:59;101351,35
2026-05-13 10:24:59;137867,64
2026-05-13 10:24:59;189393,94
2026-05-13 10:24:59;201612,89
2026-05-13 10:24:59;91911,766
2026-05-13 10:24:59;151209,67
2026-05-13 10:24:59;226449,27
2026-05-13 10:24:59;156250,02
2026-05-13 10:24:59;178571,44
2026-05-13 10:24:59;115740,75
2026-05-13 10:24:59;245098,03
2026-05-13 10:24:59;195312,5
2026-05-13 10:24:59;218023,25
2026-05-13 10:24:59;306372,53
2026-05-13 10:24:59;215517,23
2026-05-13 10:24:59;85616,44
2026-05-13 10:24:59;186567,17
2026-05-13 10:24:59;148809,53
2026-05-13 10:24:59;213068,19
2026-05-13 10:24:59;201612,9
2026-05-13 10:24:59;163043,47
2026-05-13 10:24:59;143678,16
2026-05-13 10:24:59;260416,64
2026-05-13 10:24:59;183823,53
2026-05-13 10:24:59;160256,4
2026-05-13 10:24:59;235849,05
2026-05-13 10:24:59;297619,06
2026-05-13 10:24:59;164473,69
2026-05-13 10:24:59;183823,53
2026-05-13 10:24:59;92592,586
2026-05-13 10:24:59;195312,5
2026-05-13 10:24:59;175233,64
2026-05-13 10:24:59;172018,34
2026-05-13 10:24:59;300480,78
2026-05-13 10:24:59;334821,44
2026-05-13 10:24:59;215517,23
2026-05-13 10:24:59;233644,84
2026-05-13 10:24:59;260416,64
2026-05-13 10:24:59;NaN
2026-05-13 10:24:59;252016,14
2026-05-13 10:24:59;156250
2026-05-13 10:24:59;174825,17
2026-05-13 10:24:59;134408,61
2026-05-13 10:24:59;314748,2
2026-05-13 10:24:59;165929,19
2026-05-13 10:24:59;193298,97
2026-05-13 10:24:59;177304,97
2026-05-13 10:24:59;183823,53
2026-05-13 10:24:59;186567,17
2026-05-13 10:24:59;87412,586
2026-05-13 10:24:59;142045,45
2026-05-13 10:24:59;238853,52
2026-05-13 10:24:59;96153,84
2026-05-13 10:24:59;104166,664
2026-05-13 10:24:59;235849,08
2026-05-13 10:24:59;208333,33
2026-05-13 10:24:59;138888,89
2026-05-13 10:24:59;227272,73
2026-05-13 10:24:59;163043,47
2026-05-13 10:24:59;225903,61
2026-05-13 10:24:59;250000
2026-05-13 10:24:59;357142,84
2026-05-13 10:24:59;110619,47
2026-05-13 10:24:59;170454,55
2026-05-13 10:24:59;170454,55
2026-05-13 10:24:59;271739,12
2026-05-13 10:24:59;152439,03
2026-05-13 10:24:59;153688,53
2026-05-13 10:24:59;225225,2
2026-05-13 10:24:59;267857,16
2026-05-13 10:24:59;142045,45
2026-05-13 10:24:59;130208,336
2026-05-13 10:24:59;210674,17
2026-05-13 10:24:59;315126,06
2026-05-13 10:24:59;68681,32
2026-05-13 10:24:59;150000
2026-05-13 10:24:59;182481,75
2026-05-13 10:24:59;106837,62
2026-05-13 10:24:59;152439,03
2026-05-13 10:24:59;221631,2
2026-05-13 10:24:59;186567,16
2026-05-13 10:24:59;178571,44
2026-05-13 10:24:59;108695,664
2026-05-13 10:24:59;73529,414
2026-05-13 10:24:59;158629,45
2026-05-13 10:24:59;219298,25
2026-05-13 10:24:59;44014,086
2026-05-13 10:24:59;312499,97
2026-05-13 10:24:59;255102,05
2026-05-13 10:24:59;178571,44
2026-05-13 10:25:00;171232,88
2026-05-13 10:25:00;146484,38
2026-05-13 10:25:00;290697,7
2026-05-13 10:25:00;312500,03
2026-05-13 10:25:00;183823,53
2026-05-13 10:25:00;312500
2026-05-13 10:25:00;254065,03
2026-05-13 10:25:00;130208,336
2026-05-13 10:25:00;238095,23
2026-05-13 10:25:00;201612,9
2026-05-13 10:25:00;405844,2
2026-05-13 10:25:00;166666,66
2026-05-13 10:25:00;117924,52
2026-05-13 10:25:00;240384,61
2026-05-13 10:25:00;117924,52
2026-05-13 10:25:00;163398,7
2026-05-13 10:25:00;157563,03
2026-05-13 10:25:00;193298,97
2026-05-13 10:25:00;225225,23
2026-05-13 10:25:00;176056,34
2026-05-13 10:25:00;81168,836
2026-05-13 10:25:00;173611,11
2026-05-13 10:25:00;201612,9
2026-05-13 10:25:00;142045,47
2026-05-13 10:25:00;231481,47
2026-05-13 10:25:00;275735,28
2026-05-13 10:25:00;260416,67
2026-05-13 10:25:00;147058,83
2026-05-13 10:25:00;218023,27
2026-05-13 10:25:00;187500
2026-05-13 10:25:00;304878,06
2026-05-13 10:25:00;204918,05
2026-05-13 10:25:00;136861,31
2026-05-13 10:25:00;223214,3
2026-05-13 10:25:00;193298,97
2026-05-13 10:25:00;233644,84
2026-05-13 10:25:00;120192,32
2026-05-13 10:25:00;98425,195
2026-05-13 10:25:00;109649,125
2026-05-13 10:25:00;191326,55
2026-05-13 10:25:00;337837,84
2026-05-13 10:25:00;163398,7
2026-05-13 10:25:00;233644,84
2026-05-13 10:25:00;NaN
2026-05-13 10:25:00;312500
2026-05-13 10:25:00;204918,02
2026-05-13 10:25:00;193298,97
2026-05-13 10:25:00;139925,38
2026-05-13 10:25:00;121753,25
2026-05-13 10:25:00;137362,62
2026-05-13 10:25:00;250000
2026-05-13 10:25:00;196850,39
2026-05-13 10:25:00;105042,02
2026-05-13 10:25:00;271739,12
2026-05-13 10:25:00;54824,562
2026-05-13 10:25:00;133928,58
2026-05-13 10:25:00;176886,8
2026-05-13 10:25:00;142045,47
2026-05-13 10:25:00;281531,53
2026-05-13 10:25:00;187969,92
2026-05-13 10:25:00;70621,47
2026-05-13 10:25:00;218023,27
2026-05-13 10:25:00;324675,34
2026-05-13 10:25:00;93283,586
2026-05-13 10:25:00;264830,5
2026-05-13 10:25:00;303398,06
2026-05-13 10:25:00;NaN
2026-05-13 10:25:00;160256,4
2026-05-13 10:25:00;240384,64
2026-05-13 10:25:00;120192,305
2026-05-13 10:25:00;246710,53
2026-05-13 10:25:00;154958,67
2026-05-13 10:25:00;264084,5
2026-05-13 10:25:00;154321
2026-05-13 10:25:00;147058,83
2026-05-13 10:25:00;306372,56
2026-05-13 10:25:00;235849,08
2026-05-13 10:25:00;142045,45
2026-05-13 10:25:00;267094,03
2026-05-13 10:25:00;257731,97
2026-05-13 10:25:00;382653,03
2026-05-13 10:25:00;128865,984
2026-05-13 10:25:00;189393,95
2026-05-13 10:25:00;156250,02
2026-05-13 10:25:00;245098,06
2026-05-13 10:25:00;160256,4
2026-05-13 10:25:00;183823,53
2026-05-13 10:25:00;137867,66
2026-05-13 10:25:00;173611,12
2026-05-13 10:25:00;253378,38
2026-05-13 10:25:00;152439,02
2026-05-13 10:25:00;76219,516
2026-05-13 10:25:00;287356,3
2026-05-13 10:25:00;137362,64
2026-05-13 10:25:00;152439,02
2026-05-13 10:25:00;232919,25
2026-05-13 10:25:00;125000
2026-05-13 10:25:00;250000
2026-05-13 10:25:00;109649,125
2026-05-13 10:25:00;128865,984
2026-05-13 10:25:00;137362,64
2026-05-13 10:25:00;185643,56
2026-05-13 10:25:00;154321
2026-05-13 10:25:00;223214,3
2026-05-13 10:25:00;NaN
2026-05-13 10:25:00;164473,69
2026-05-13 10:25:00;257731,97
2026-05-13 10:25:00;NaN
2026-05-13 10:25:00;150602,4
2026-05-13 10:25:00;120192,32
2026-05-13 10:25:00;192307,7
2026-05-13 10:25:00;164473,69
2026-05-13 10:25:00;274725,28
2026-05-13 10:25:00;228102,19
2026-05-13 10:25:00;124172,18
2026-05-13 10:25:00;175233,64
2026-05-13 10:25:00;284090,9
2026-05-13 10:25:00;170454,53
2026-05-13 10:25:00;235849,08
2026-05-13 10:25:00;203804,34
2026-05-13 10:25:00;585937,5
2026-05-13 10:25:00;217013,89
2026-05-13 10:25:00;178571,44
2026-05-13 10:25:00;143129,77
2026-05-13 10:25:00;235849,05
2026-05-13 10:25:00;276548,7
2026-05-13 10:25:00;172413,81
2026-05-13 10:25:00;135869,56
2026-05-13 10:25:00;297619,06
2026-05-13 10:25:00;219298,25
2026-05-13 10:25:00;215517,23
2026-05-13 10:25:00;168918,92
2026-05-13 10:25:00;154321
2026-05-13 10:25:00;99999,99
2026-05-13 10:25:00;309405,94
2026-05-13 10:25:00;89285,72
2026-05-13 10:25:00;137362,62
2026-05-13 10:25:00;81168,83
2026-05-13 10:25:00;240384,64
2026-05-13 10:25:00;117924,54
2026-05-13 10:25:00;242248,06
2026-05-13 10:25:00;237341,77
2026-05-13 10:25:00;221893,48
2026-05-13 10:25:00;210674,17
2026-05-13 10:25:00;250000
2026-05-13 10:25:00;211864,4
2026-05-13 10:25:00;104166,664
2026-05-13 10:25:00;154958,67
2026-05-13 10:25:00;122549,016
2026-05-13 10:25:00;284090,9
2026-05-13 10:25:00;288461,53
2026-05-13 10:25:00;150602,4
2026-05-13 10:25:00;235849,08
2026-05-13 10:25:00;145348,84
2026-05-13 10:25:00;195312,5
2026-05-13 10:25:00;165562,92
2026-05-13 10:25:00;206611,58
2026-05-13 10:25:00;142045,47
2026-05-13 10:25:00;176056,34
2026-05-13 10:25:00;143678,16
2026-05-13 10:25:00;52966,1
2026-05-13 10:25:00;189393,95
2026-05-13 10:25:00;264084,5
2026-05-13 10:25:00;231481,47
2026-05-13 10:25:00;127551,02
2026-05-13 10:25:00;NaN
2026-05-13 10:25:00;186567,17
2026-05-13 10:25:00;260416,67
2026-05-13 10:25:00;242718,44
2026-05-13 10:25:00;215517,23
2026-05-13 10:25:00;179856,12
2026-05-13 10:25:00;203804,34
2026-05-13 10:25:00;97656,25
2026-05-13 10:25:00;364583,34
2026-05-13 10:25:00;225903,61
2026-05-13 10:25:00;83333,33
2026-05-13 10:25:00;320512,8
2026-05-13 10:25:00;256147,56
2026-05-13 10:25:00;171232,88
2026-05-13 10:25:00;140449,44
2026-05-13 10:25:00;67934,78
2026-05-13 10:25:00;183823,53
2026-05-13 10:25:00;317029
2026-05-13 10:25:00;106837,6
2026-05-13 10:25:00;91911,766
2026-05-13 10:25:00;116459,625
2026-05-13 10:25:00;146484,38
2026-05-13 10:25:00;147058,83
2026-05-13 10:25:00;309917,34
2026-05-13 10:25:00;275735,3
2026-05-13 10:25:00;172651,94
2026-05-13 10:25:00;120192,32
2026-05-13 10:25:00;181159,42
2026-05-13 10:25:00;183823,52
2026-05-13 10:25:00;235849,08
2026-05-13 10:25:00;73529,414
2026-05-13 10:25:00;206043,95
2026-05-13 10:25:00;139925,39
2026-05-13 10:25:00;127551,02
2026-05-13 10:25:00;123762,375
2026-05-13 10:25:00;280898,88
2026-05-13 10:25:00;279850,72
2026-05-13 10:25:00;105042,02
2026-05-13 10:25:00;135869,56
2026-05-13 10:25:00;150000
2026-05-13 10:25:00;156250,02
2026-05-13 10:25:00;121359,22
2026-05-13 10:25:00;172018,34
2026-05-13 10:25:00;126262,625
2026-05-13 10:25:00;47348,49
2026-05-13 10:25:00;176886,8
2026-05-13 10:25:00;186567,17
2026-05-13 10:25:00;446428,5
2026-05-13 10:25:00;147637,8
2026-05-13 10:25:00;189393,95
2026-05-13 10:25:00;191326,55
2026-05-13 10:25:00;125838,93
2026-05-13 10:25:00;164473,69
2026-05-13 10:25:00;NaN
2026-05-13 10:25:00;168918,92
2026-05-13 10:25:00;182038,83
2026-05-13 10:25:00;151209,67
2026-05-13 10:25:00;390625
2026-05-13 10:25:00;199468,1
2026-05-13 10:25:00;246710,53
2026-05-13 10:25:00;312499,97
2026-05-13 10:25:00;164473,69
2026-05-13 10:25:00;103305,79
2026-05-13 10:25:00;156250
2026-05-13 10:25:00;202922,08
2026-05-13 10:25:00;143129,77
2026-05-13 10:25:00;186567,17
2026-05-13 10:25:00;162337,66
2026-05-13 10:25:00;206043,95
2026-05-13 10:25:00;290697,7
2026-05-13 10:25:01;178571,44
2026-05-13 10:25:01;NaN
2026-05-13 10:25:01;323275,84
2026-05-13 10:25:01;178571,44
2026-05-13 10:25:01;315656,56
2026-05-13 10:25:01;186567,17
2026-05-13 10:25:01;221238,94
2026-05-13 10:25:01;189393,94
2026-05-13 10:25:01;164473,69
2026-05-13 10:25:01;125000
2026-05-13 10:25:01;178571,44
2026-05-13 10:25:01;284090,9
2026-05-13 10:25:01;218023,25
2026-05-13 10:25:01;140977,44
2026-05-13 10:25:01;137362,64
2026-05-13 10:25:01;240384,64
2026-05-13 10:25:01;362318,84
2026-05-13 10:25:01;152439,03
2026-05-13 10:25:01;117924,52
2026-05-13 10:25:01;255102,05
2026-05-13 10:25:01;227272,73
2026-05-13 10:25:01;178571,44
2026-05-13 10:25:01;300480,75
2026-05-13 10:25:01;276548,7
2026-05-13 10:25:01;168918,92
2026-05-13 10:25:01;182038,83
2026-05-13 10:25:01;218023,25
2026-05-13 10:25:01;148809,53
2026-05-13 10:25:01;271739,12
2026-05-13 10:25:01;90579,71
2026-05-13 10:25:01;173611,11
2026-05-13 10:25:01;115030,68
2026-05-13 10:25:01;235849,08
2026-05-13 10:25:01;140977,44
2026-05-13 10:25:01;206043,95
2026-05-13 10:25:01;378787,88
2026-05-13 10:25:01;187500
2026-05-13 10:25:01;312500
2026-05-13 10:25:01;NaN
2026-05-13 10:25:01;85616,44
2026-05-13 10:25:01;328947,38
2026-05-13 10:25:01;290697,7
2026-05-13 10:25:01;180288,47
2026-05-13 10:25:01;104166,664
2026-05-13 10:25:01;208333,33
2026-05-13 10:25:01;138888,89
2026-05-13 10:25:01;271739,12
2026-05-13 10:25:01;213068,19
2026-05-13 10:25:01;173611,11
2026-05-13 10:25:01;287356,3
2026-05-13 10:25:01;134408,61
2026-05-13 10:25:01;175233,66
2026-05-13 10:25:01;158898,3
2026-05-13 10:25:01;122549,016
2026-05-13 10:25:01;192731,28
2026-05-13 10:25:01;164473,67
2026-05-13 10:25:01;225225,2
2026-05-13 10:25:01;221238,94
2026-05-13 10:25:01;NaN
2026-05-13 10:25:01;131118,89
2026-05-13 10:25:01;240384,64
2026-05-13 10:25:01;180041,16
2026-05-13 10:25:01;178571,44
2026-05-13 10:25:01;290697,7
2026-05-13 10:25:01;90144,234
2026-05-13 10:25:01;367647,06
2026-05-13 10:25:01;201612,89
2026-05-13 10:25:01;55803,574
2026-05-13 10:25:01;218023,25
2026-05-13 10:25:01;154958,67
2026-05-13 10:25:01;134408,61
2026-05-13 10:25:01;189393,94
2026-05-13 10:25:01;403225,8
2026-05-13 10:25:01;120192,32
2026-05-13 10:25:01;135869,58
2026-05-13 10:25:01;195312,5
2026-05-13 10:25:01;204918,02
2026-05-13 10:25:01;127551,02
2026-05-13 10:25:01;217013,89
2026-05-13 10:25:01;300480,75
2026-05-13 10:25:01;130208,336
2026-05-13 10:25:01;99206,35
2026-05-13 10:25:01;138888,89
2026-05-13 10:25:01;228102,19
2026-05-13 10:25:01;220588,25
2026-05-13 10:25:01;125000
2026-05-13 10:25:01;145348,84
2026-05-13 10:25:01;131578,95
2026-05-13 10:25:01;213068,19
2026-05-13 10:25:01;279017,88
2026-05-13 10:25:01;147058,83
2026-05-13 10:25:01;171703,3
2026-05-13 10:25:01;111607,15
2026-05-13 10:25:01;107758,62
2026-05-13 10:25:01;235849,08
2026-05-13 10:25:01;228658,53
2026-05-13 10:25:01;245098,06
2026-05-13 10:25:01;142045,45
2026-05-13 10:25:01;134408,61
2026-05-13 10:25:01;250000
2026-05-13 10:25:01;248015,86
2026-05-13 10:25:01;279850,75
2026-05-13 10:25:01;242718,44
2026-05-13 10:25:01;260416,67
2026-05-13 10:25:01;183823,53
2026-05-13 10:25:01;260416,67
2026-05-13 10:25:01;166666,66
2026-05-13 10:25:01;229357,78
2026-05-13 10:25:01;217391,3
2026-05-13 10:25:01;123762,375
2026-05-13 10:25:01;148809,53
2026-05-13 10:25:01;189393,95
2026-05-13 10:25:01;93984,96
2026-05-13 10:25:01;105042,02
2026-05-13 10:25:01;147928,98
2026-05-13 10:25:01;257731,97
2026-05-13 10:25:01;210674,14
2026-05-13 10:25:01;176056,34
2026-05-13 10:25:01;173611,11
2026-05-13 10:25:01;96899,23
2026-05-13 10:25:01;210674,17
2026-05-13 10:25:01;148809,53
2026-05-13 10:25:01;99206,35
2026-05-13 10:25:01;347222,22
2026-05-13 10:25:01;52521,008
2026-05-13 10:25:01;195312,5
2026-05-13 10:25:01;160256,42
2026-05-13 10:25:01;223214,3
2026-05-13 10:25:01;242718,44
2026-05-13 10:25:01;172018,34
2026-05-13 10:25:01;203804,34
2026-05-13 10:25:01;229357,78
2026-05-13 10:25:01;267857,16
2026-05-13 10:25:01;403225,78
2026-05-13 10:25:01;175233,64
2026-05-13 10:25:01;183823,53
2026-05-13 10:25:01;213675,2
2026-05-13 10:25:01;170454,53
2026-05-13 10:25:01;105932,2
2026-05-13 10:25:01;73529,414
2026-05-13 10:25:01;107758,62
2026-05-13 10:25:01;260416,64
2026-05-13 10:25:01;121753,24
2026-05-13 10:25:01;294117,66
2026-05-13 10:25:01;127551,02
2026-05-13 10:25:01;104166,664
2026-05-13 10:25:01;204918,05
2026-05-13 10:25:01;271739,12
2026-05-13 10:25:01;116822,42
2026-05-13 10:25:01;172413,81
2026-05-13 10:25:01;182038,83
2026-05-13 10:25:01;77160,5
2026-05-13 10:25:01;242718,44
2026-05-13 10:25:01;302419,34
2026-05-13 10:25:01;64432,992
2026-05-13 10:25:01;242718,44
2026-05-13 10:25:01;215517,23
2026-05-13 10:25:01;120192,305
2026-05-13 10:25:01;178571,44
2026-05-13 10:25:01;NaN
2026-05-13 10:25:01;131578,95
2026-05-13 10:25:01;304878,06
2026-05-13 10:25:01;303398,06
2026-05-13 10:25:01;223214,3
2026-05-13 10:25:01;189393,94
2026-05-13 10:25:01;182038,83
2026-05-13 10:25:01;138888,89
2026-05-13 10:25:01;195312,5
2026-05-13 10:25:01;NaN
2026-05-13 10:25:01;215517,23
2026-05-13 10:25:01;112612,62
2026-05-13 10:25:01;151209,69
2026-05-13 10:25:01;264084,5
2026-05-13 10:25:01;265957,44
2026-05-13 10:25:01;176056,34
2026-05-13 10:25:01;136861,31
2026-05-13 10:25:01;220588,25
2026-05-13 10:25:01;156250,02
2026-05-13 10:25:01;131578,95
2026-05-13 10:25:01;375000
2026-05-13 10:25:01;104748,6
2026-05-13 10:25:01;210084,05
2026-05-13 10:25:01;131118,89
2026-05-13 10:25:01;152439,03
2026-05-13 10:25:01;195312,5
2026-05-13 10:25:01;225225,23
2026-05-13 10:25:01;245098,06
2026-05-13 10:25:01;187500
2026-05-13 10:25:01;220588,25
2026-05-13 10:25:01;156250
2026-05-13 10:25:01;106382,984
2026-05-13 10:25:01;240384,61
2026-05-13 10:25:01;328947,38
2026-05-13 10:25:01;168918,92
2026-05-13 10:25:01;178571,44
2026-05-13 10:25:01;158898,3
2026-05-13 10:25:01;59523,81
2026-05-13 10:25:01;334821,44
2026-05-13 10:25:01;145348,84
2026-05-13 10:25:01;82781,46
2026-05-13 10:25:01;NaN
2026-05-13 10:25:01;121359,22
2026-05-13 10:25:01;147637,8
2026-05-13 10:25:01;157563,02
2026-05-13 10:25:01;290697,7
2026-05-13 10:25:01;181159,42
2026-05-13 10:25:01;265957,47
2026-05-13 10:25:01;183823,53
2026-05-13 10:25:01;187969,92
2026-05-13 10:25:01;73529,414
2026-05-13 10:25:01;113636,37
2026-05-13 10:25:01;192307,7
2026-05-13 10:25:01;227272,73
2026-05-13 10:25:01;176056,34
2026-05-13 10:25:01;163398,7
2026-05-13 10:25:01;294117,66
2026-05-13 10:25:01;198412,7
2026-05-13 10:25:01;164473,69
2026-05-13 10:25:01;343406,6
2026-05-13 10:25:01;127551,02
2026-05-13 10:25:01;168918,92
2026-05-13 10:25:01;360576,94
2026-05-13 10:25:01;168918,92
2026-05-13 10:25:01;126262,625
2026-05-13 10:25:01;240384,61
2026-05-13 10:25:01;178571,44
2026-05-13 10:25:02;147058,83
2026-05-13 10:25:02;145348,84
2026-05-13 10:25:02;199468,1
2026-05-13 10:25:02;245098,03
2026-05-13 10:25:02;227272,73
2026-05-13 10:25:02;158898,3
2026-05-13 10:25:02;157563,03
2026-05-13 10:25:02;180288,47
2026-05-13 10:25:02;250000
2026-05-13 10:25:02;274725,25
2026-05-13 10:25:02;176886,8
2026-05-13 10:25:02;242718,44
2026-05-13 10:25:02;217391,3
2026-05-13 10:25:02;156250,02
2026-05-13 10:25:02;97150,26
2026-05-13 10:25:02;183823,53
2026-05-13 10:25:02;250000
2026-05-13 10:25:02;175233,64
2026-05-13 10:25:02;180288,47
2026-05-13 10:25:02;170454,55
2026-05-13 10:25:02;192307,7
2026-05-13 10:25:02;195312,5
2026-05-13 10:25:02;152439,03
2026-05-13 10:25:02;265957,44
2026-05-13 10:25:02;295275,6
2026-05-13 10:25:02;223214,3
2026-05-13 10:25:02;203252,05
2026-05-13 10:25:02;260416,64
2026-05-13 10:25:02;121359,22
2026-05-13 10:25:02;199044,58
2026-05-13 10:25:02;117924,52
2026-05-13 10:25:02;375000
2026-05-13 10:25:02;240384,61
2026-05-13 10:25:02;168918,92
2026-05-13 10:25:02;126689,19
2026-05-13 10:25:02;231481,5
2026-05-13 10:25:02;142045,45
2026-05-13 10:25:02;225225,2
2026-05-13 10:25:02;51652,895
2026-05-13 10:25:02;287356,3
2026-05-13 10:25:02;246710,53
2026-05-13 10:25:02;255102,05
2026-05-13 10:25:02;103305,79
2026-05-13 10:25:02;138888,89
2026-05-13 10:25:02;264084,5
2026-05-13 10:25:02;50813,01
2026-05-13 10:25:02;135869,56
2026-05-13 10:25:02;120192,32
2026-05-13 10:25:02;185643,56
2026-05-13 10:25:02;163398,7
2026-05-13 10:25:02;178571,44
2026-05-13 10:25:02;128865,984
2026-05-13 10:25:02;56306,31
2026-05-13 10:25:02;192307,69
2026-05-13 10:25:02;213068,19
2026-05-13 10:25:02;201612,89
2026-05-13 10:25:02;189393,94
2026-05-13 10:25:02;112275,445
2026-05-13 10:25:02;215517,23
2026-05-13 10:25:02;195312,5
2026-05-13 10:25:02;355113,62
2026-05-13 10:25:02;101626,02
2026-05-13 10:25:02;165929,2
2026-05-13 10:25:02;117924,54
2026-05-13 10:25:02;125000
2026-05-13 10:25:02;90579,71
2026-05-13 10:25:02;115740,734
2026-05-13 10:25:02;171703,3
2026-05-13 10:25:02;303398,06
2026-05-13 10:25:02;257731,97
2026-05-13 10:25:02;135869,56
2026-05-13 10:25:02;238095,23
2026-05-13 10:25:02;183823,53
2026-05-13 10:25:02;124172,18
2026-05-13 10:25:02;181159,4
2026-05-13 10:25:02;201612,9
2026-05-13 10:25:02;367647,06
2026-05-13 10:25:02;NaN
2026-05-13 10:25:02;193298,95
2026-05-13 10:25:02;166666,66
2026-05-13 10:25:02;173611,11
2026-05-13 10:25:02;156250
2026-05-13 10:25:02;69060,77
2026-05-13 10:25:02;115740,75
2026-05-13 10:25:02;247524,75
2026-05-13 10:25:02;264830,5
2026-05-13 10:25:02;218023,25
2026-05-13 10:25:02;186567,16
2026-05-13 10:25:02;120192,305
2026-05-13 10:25:02;256147,53
2026-05-13 10:25:02;357142,88
2026-05-13 10:25:02;135869,56
2026-05-13 10:25:02;132978,72
2026-05-13 10:25:02;250000
2026-05-13 10:25:02;245098,03
2026-05-13 10:25:02;150602,4
2026-05-13 10:25:02;215517,23
2026-05-13 10:25:02;164473,69
2026-05-13 10:25:02;150602,4
2026-05-13 10:25:02;156250
2026-05-13 10:25:02;160256,4
2026-05-13 10:25:02;119047,62
2026-05-13 10:25:02;204918,05
2026-05-13 10:25:02;67204,305
2026-05-13 10:25:02;180288,47
2026-05-13 10:25:02;197368,42
2026-05-13 10:25:02;172651,92
2026-05-13 10:25:02;315656,56
2026-05-13 10:25:02;138888,89
2026-05-13 10:25:02;135869,56
2026-05-13 10:25:02;260416,67
2026-05-13 10:25:02;163398,7
2026-05-13 10:25:02;99206,35
2026-05-13 10:25:02;160256,4
2026-05-13 10:25:02;201612,9
2026-05-13 10:25:02;123762,375
2026-05-13 10:25:02;56818,184
2026-05-13 10:25:02;129310,34
2026-05-13 10:25:02;152439,03
2026-05-13 10:25:02;360576,94
2026-05-13 10:25:02;150000
2026-05-13 10:25:02;228658,53
2026-05-13 10:25:02;176886,8
2026-05-13 10:25:02;382653,1
2026-05-13 10:25:02;258264,47
2026-05-13 10:25:02;204918,02
2026-05-13 10:25:02;215517,23
2026-05-13 10:25:02;168918,92
2026-05-13 10:25:02;116822,44
2026-05-13 10:25:02;132042,25
2026-05-13 10:25:02;166666,66
2026-05-13 10:25:02;158227,84
2026-05-13 10:25:02;133547,02
2026-05-13 10:25:02;189393,94
2026-05-13 10:25:02;135869,58
2026-05-13 10:25:02;190839,69
2026-05-13 10:25:02;284090,9
2026-05-13 10:25:02;267857,16
2026-05-13 10:25:02;132978,73
2026-05-13 10:25:02;264084,5
2026-05-13 10:25:02;227272,73
2026-05-13 10:25:02;213068,19
2026-05-13 10:25:02;304878,03
2026-05-13 10:25:02;177304,97
2026-05-13 10:25:02;136861,31
2026-05-13 10:25:02;182038,83
2026-05-13 10:25:02;215517,23
2026-05-13 10:25:02;210674,17
2026-05-13 10:25:02;246710,53
2026-05-13 10:25:02;279850,75
2026-05-13 10:25:02;277777,78
2026-05-13 10:25:02;217391,3
2026-05-13 10:25:02;81168,836
2026-05-13 10:25:02;228102,19
2026-05-13 10:25:02;312500,03
2026-05-13 10:25:02;178571,44
2026-05-13 10:25:02;284090,9
2026-05-13 10:25:02;250000
2026-05-13 10:25:02;151209,69
2026-05-13 10:25:02;240384,61
2026-05-13 10:25:02;139925,38
2026-05-13 10:25:02;161637,92
2026-05-13 10:25:02;168918,92
2026-05-13 10:25:02;206611,58
2026-05-13 10:25:02;220588,22
2026-05-13 10:25:02;211864,4
2026-05-13 10:25:02;208333,33
2026-05-13 10:25:02;142045,47
2026-05-13 10:25:02;183823,53
2026-05-13 10:25:02;300480,78
2026-05-13 10:25:02;167785,25
2026-05-13 10:25:02;218023,27
2026-05-13 10:25:02;105932,2
2026-05-13 10:25:02;254065,03
2026-05-13 10:25:02;123762,375
2026-05-13 10:25:02;186567,16
2026-05-13 10:25:02;143678,16
2026-05-13 10:25:02;186567,17
2026-05-13 10:25:02;357142,88
2026-05-13 10:25:02;375000
2026-05-13 10:25:02;347222,22
2026-05-13 10:25:02;198412,7
2026-05-13 10:25:02;NaN
2026-05-13 10:25:02;267094,03
2026-05-13 10:25:02;148809,53
2026-05-13 10:25:02;191326,55
2026-05-13 10:25:02;97656,25
2026-05-13 10:25:02;142045,47
2026-05-13 10:25:02;242718,44
2026-05-13 10:25:02;250000
2026-05-13 10:25:02;122549,016
2026-05-13 10:25:02;182038,84
2026-05-13 10:25:02;112612,62
2026-05-13 10:25:02;113636,37
2026-05-13 10:25:02;178571,44
2026-05-13 10:25:02;340909,06
2026-05-13 10:25:02;274122,8
2026-05-13 10:25:02;54824,562
2026-05-13 10:25:02;248015,86
2026-05-13 10:25:02;568181,8
2026-05-13 10:25:02;159438,78
2026-05-13 10:25:02;568181,8
2026-05-13 10:25:02;231481,5
2026-05-13 10:25:02;164473,67
2026-05-13 10:25:02;160256,4
2026-05-13 10:25:02;150602,4
2026-05-13 10:25:02;186567,17
2026-05-13 10:25:02;154321
2026-05-13 10:25:02;208333,33
2026-05-13 10:25:02;213675,23
2026-05-13 10:25:02;148809,53
2026-05-13 10:25:02;267857,12
2026-05-13 10:25:02;213068,19
2026-05-13 10:25:02;132042,25
2026-05-13 10:25:02;175233,64
2026-05-13 10:25:02;309405,94
2026-05-13 10:25:02;100806,445
2026-05-13 10:25:02;164473,67
2026-05-13 10:25:02;245098,03
2026-05-13 10:25:02;206611,58
2026-05-13 10:25:03;135135,14
2026-05-13 10:25:03;203252,05
2026-05-13 10:25:03;211864,4
2026-05-13 10:25:03;117924,52
2026-05-13 10:25:03;NaN
2026-05-13 10:25:03;137867,64
2026-05-13 10:25:03;138888,89
2026-05-13 10:25:03;173611,11
2026-05-13 10:25:03;374999,97
2026-05-13 10:25:03;148809,53
2026-05-13 10:25:03;359195,4
2026-05-13 10:25:03;88028,17
2026-05-13 10:25:03;176886,8
2026-05-13 10:25:03;176886,8
2026-05-13 10:25:03;250000
2026-05-13 10:25:03;253378,38
2026-05-13 10:25:03;134892,1
2026-05-13 10:25:03;256147,53
2026-05-13 10:25:03;260416,67
2026-05-13 10:25:03;157563,03
2026-05-13 10:25:03;290697,7
2026-05-13 10:25:03;142045,47
2026-05-13 10:25:03;279017,84
2026-05-13 10:25:03;219298,25
2026-05-13 10:25:03;180288,47
2026-05-13 10:25:03;95419,84
2026-05-13 10:25:03;126689,19
2026-05-13 10:25:03;125000
2026-05-13 10:25:03;213068,19
2026-05-13 10:25:03;142045,47
2026-05-13 10:25:03;250000
2026-05-13 10:25:03;135869,56
2026-05-13 10:25:03;227272,73
2026-05-13 10:25:03;218023,25
2026-05-13 10:25:03;315656,56
2026-05-13 10:25:03;143678,16
2026-05-13 10:25:03;182038,83
2026-05-13 10:25:03;235849,05
2026-05-13 10:25:03;250000
2026-05-13 10:25:03;72393,82
2026-05-13 10:25:03;167410,72
2026-05-13 10:25:03;132978,72
2026-05-13 10:25:03;279850,75
2026-05-13 10:25:03;55309,734
2026-05-13 10:25:03;168918,92
2026-05-13 10:25:03;160256,4
2026-05-13 10:25:03;128865,984
2026-05-13 10:25:03;226449,27
2026-05-13 10:25:03;163398,7
2026-05-13 10:25:03;164473,67
2026-05-13 10:25:03;223214,3
2026-05-13 10:25:03;363372,1
2026-05-13 10:25:03;176056,34
2026-05-13 10:25:03;158227,84
2026-05-13 10:25:03;137867,64
2026-05-13 10:25:03;76530,61
2026-05-13 10:25:03;189393,94
2026-05-13 10:25:03;126689,19
2026-05-13 10:25:03;191326,52
2026-05-13 10:25:03;114678,89
2026-05-13 10:25:03;223214,3
2026-05-13 10:25:03;168918,92
2026-05-13 10:25:03;347222,22
2026-05-13 10:25:03;233644,84
2026-05-13 10:25:03;215517,23
2026-05-13 10:25:03;204918,02
2026-05-13 10:25:03;238549,62
2026-05-13 10:25:03;254065,06
2026-05-13 10:25:03;180288,47
2026-05-13 10:25:03;147058,83
2026-05-13 10:25:03;269396,53
2026-05-13 10:25:03;208333,33
2026-05-13 10:25:03;118670,88
2026-05-13 10:25:03;102459,02
2026-05-13 10:25:03;625000,1
2026-05-13 10:25:03;138888,89
2026-05-13 10:25:03;290697,7
2026-05-13 10:25:03;157232,7
2026-05-13 10:25:03;252525,25
2026-05-13 10:25:03;168918,92
2026-05-13 10:25:03;76219,516
2026-05-13 10:25:03;93283,586
2026-05-13 10:25:03;134408,61
2026-05-13 10:25:03;140449,44
2026-05-13 10:25:03;168918,92
2026-05-13 10:25:03;264084,5
2026-05-13 10:25:03;180288,47
2026-05-13 10:25:03;208333,34
2026-05-13 10:25:03;164473,69
2026-05-13 10:25:03;129310,34
2026-05-13 10:25:03;190548,78
2026-05-13 10:25:03;351123,6
2026-05-13 10:25:03;280898,88
2026-05-13 10:25:03;140977,44
2026-05-13 10:25:03;235849,05
2026-05-13 10:25:03;152439,02
2026-05-13 10:25:03;70224,72
2026-05-13 10:25:03;217391,3
2026-05-13 10:25:03;151515,14
2026-05-13 10:25:03;307377,06
2026-05-13 10:25:03;173611,11
2026-05-13 10:25:03;294117,66
2026-05-13 10:25:03;211864,4
2026-05-13 10:25:03;89285,72
2026-05-13 10:25:03;301204,8
2026-05-13 10:25:03;148809,53
2026-05-13 10:25:03;416666,66
2026-05-13 10:25:03;210674,17
2026-05-13 10:25:03;116822,42
2026-05-13 10:25:03;115740,734
2026-05-13 10:25:03;227272,73
2026-05-13 10:25:03;206611,56
2026-05-13 10:25:03;211864,4
2026-05-13 10:25:03;201612,9
2026-05-13 10:25:03;123762,375
2026-05-13 10:25:03;189393,94
2026-05-13 10:25:03;312500,03
2026-05-13 10:25:03;96899,23
2026-05-13 10:25:03;265957,44
2026-05-13 10:25:03;168918,92
2026-05-13 10:25:03;78125,01
2026-05-13 10:25:03;377155,2
2026-05-13 10:25:03;185185,17
2026-05-13 10:25:03;217391,3
2026-05-13 10:25:03;NaN
2026-05-13 10:25:03;140449,44
2026-05-13 10:25:03;201612,9
2026-05-13 10:25:03;292968,75
2026-05-13 10:25:03;158898,3
2026-05-13 10:25:03;206611,58
2026-05-13 10:25:03;189393,94
2026-05-13 10:25:03;317796,62
2026-05-13 10:25:03;178571,44
2026-05-13 10:25:03;168918,92
2026-05-13 10:25:03;235849,05
2026-05-13 10:25:03;250000
2026-05-13 10:25:03;180288,47
2026-05-13 10:25:03;144508,67
2026-05-13 10:25:03;164473,67
2026-05-13 10:25:03;129310,34
2026-05-13 10:25:03;160256,4
2026-05-13 10:25:03;135869,56
2026-05-13 10:25:03;165929,2
2026-05-13 10:25:03;77160,49
2026-05-13 10:25:03;328947,38
2026-05-13 10:25:03;252525,25
2026-05-13 10:25:03;160256,4
2026-05-13 10:25:03;189393,94
2026-05-13 10:25:03;271739,12
2026-05-13 10:25:03;77160,49
2026-05-13 10:25:03;52966,1
2026-05-13 10:25:03;164473,69
2026-05-13 10:25:03;178571,44
2026-05-13 10:25:03;130208,336
2026-05-13 10:25:03;312500
2026-05-13 10:25:03;157232,7
2026-05-13 10:25:03;262605,03
2026-05-13 10:25:03;208333,33
2026-05-13 10:25:03;91911,766
2026-05-13 10:25:03;178571,44
2026-05-13 10:25:03;203804,34
2026-05-13 10:25:03;145348,84
2026-05-13 10:25:03;201612,9
2026-05-13 10:25:03;235849,08
2026-05-13 10:25:03;112612,62
2026-05-13 10:25:03;182481,75
2026-05-13 10:25:03;409836,03
2026-05-13 10:25:03;322164,97
2026-05-13 10:25:03;200000
2026-05-13 10:25:03;245098,03
2026-05-13 10:25:03;300480,75
2026-05-13 10:25:03;206953,66
2026-05-13 10:25:03;337837,84
2026-05-13 10:25:03;176056,34
2026-05-13 10:25:03;353773,56
2026-05-13 10:25:03;197368,42
2026-05-13 10:25:03;148809,53
2026-05-13 10:25:03;398936,16
2026-05-13 10:25:03;275735,28
2026-05-13 10:25:03;152439,03
2026-05-13 10:25:03;103305,79
2026-05-13 10:25:03;152439,03
2026-05-13 10:25:03;220959,6
2026-05-13 10:25:03;276548,7
2026-05-13 10:25:03;280898,88
2026-05-13 10:25:03;195312,5
2026-05-13 10:25:03;245098,03
2026-05-13 10:25:03;101626,02
2026-05-13 10:25:03;NaN
2026-05-13 10:25:03;52966,1
2026-05-13 10:25:03;132978,72
2026-05-13 10:25:03;147637,8
2026-05-13 10:25:03;60096,16
2026-05-13 10:25:03;135869,56
2026-05-13 10:25:03;235849,05
2026-05-13 10:25:03;145348,84
2026-05-13 10:25:03;113636,37
2026-05-13 10:25:03;237341,77
2026-05-13 10:25:03;118670,88
2026-05-13 10:25:03;182038,83
2026-05-13 10:25:03;254065,03
2026-05-13 10:25:03;115740,75
2026-05-13 10:25:03;240384,61
2026-05-13 10:25:03;260416,67
2026-05-13 10:25:03;139925,38
2026-05-13 10:25:03;173611,11
2026-05-13 10:25:03;140977,45
2026-05-13 10:25:03;203804,34
2026-05-13 10:25:03;84459,46
2026-05-13 10:25:03;231481,5
2026-05-13 10:25:03;180288,47
2026-05-13 10:25:03;364077,66
2026-05-13 10:25:03;105042,02
2026-05-13 10:25:03;130208,32
2026-05-13 10:25:03;97656,25
2026-05-13 10:25:03;95419,84
2026-05-13 10:25:03;120192,305
2026-05-13 10:25:03;187500
2026-05-13 10:25:03;215517,23
2026-05-13 10:25:03;201612,9
2026-05-13 10:25:03;137867,64
2026-05-13 10:25:03;105932,2
2026-05-13 10:25:03;201612,9
2026-05-13 10:25:03;153688,53
2026-05-13 10:25:03;200000
2026-05-13 10:25:03;290697,7
2026-05-13 10:25:03;142045,45
2026-05-13 10:25:03;178571,44
2026-05-13 10:25:03;304878,06
2026-05-13 10:25:03;173611,11
2026-05-13 10:25:03;312500
2026-05-13 10:25:03;164473,69
2026-05-13 10:25:03;229779,42
2026-05-13 10:25:04;94696,97
2026-05-13 10:25:04;367647,06
2026-05-13 10:25:04;93984,96
2026-05-13 10:25:04;105337,07
2026-05-13 10:25:04;217013,89
2026-05-13 10:25:04;95419,84
2026-05-13 10:25:04;97150,266
2026-05-13 10:25:04;71022,73
2026-05-13 10:25:04;152439,02
2026-05-13 10:25:04;168918,92
2026-05-13 10:25:04;294811,3
2026-05-13 10:25:04;189393,95
2026-05-13 10:25:04;120192,305
2026-05-13 10:25:04;238095,23
2026-05-13 10:25:04;201612,9
2026-05-13 10:25:04;154321
2026-05-13 10:25:04;110294,125
2026-05-13 10:25:04;303398,03
2026-05-13 10:25:04;280898,88
2026-05-13 10:25:04;161637,92
2026-05-13 10:25:04;115207,375
2026-05-13 10:25:04;209731,55
2026-05-13 10:25:04;197368,42
2026-05-13 10:25:04;201612,9
2026-05-13 10:25:04;117924,54
2026-05-13 10:25:04;226449,3
2026-05-13 10:25:04;132978,72
2026-05-13 10:25:04;187969,92
2026-05-13 10:25:04;181159,4
2026-05-13 10:25:04;373134,3
2026-05-13 10:25:04;125000
2026-05-13 10:25:04;281531,53
2026-05-13 10:25:04;142045,45
2026-05-13 10:25:04;65789,48
2026-05-13 10:25:04;318877,56
2026-05-13 10:25:04;176886,8
2026-05-13 10:25:04;260416,67
2026-05-13 10:25:04;245098,03
2026-05-13 10:25:04;145348,84
2026-05-13 10:25:04;77160,49
2026-05-13 10:25:04;208333,33
2026-05-13 10:25:04;204248,36
2026-05-13 10:25:04;123762,375
2026-05-13 10:25:04;115740,75
2026-05-13 10:25:04;166666,66
2026-05-13 10:25:04;152439,03
2026-05-13 10:25:04;215517,23
2026-05-13 10:25:04;375000
2026-05-13 10:25:04;264084,5
2026-05-13 10:25:04;264830,53
2026-05-13 10:25:04;297619,06
2026-05-13 10:25:04;240384,64
2026-05-13 10:25:04;242718,44
2026-05-13 10:25:04;121359,22
2026-05-13 10:25:04;250000
2026-05-13 10:25:04;274725,25
2026-05-13 10:25:04;277777,78
2026-05-13 10:25:04;199468,08
2026-05-13 10:25:04;265957,47
2026-05-13 10:25:04;187969,92
2026-05-13 10:25:04;127551,02
2026-05-13 10:25:04;143678,16
2026-05-13 10:25:04;90579,71
2026-05-13 10:25:04;390625,03
2026-05-13 10:25:04;126262,625
2026-05-13 10:25:04;162337,67
2026-05-13 10:25:04;123762,375
2026-05-13 10:25:04;100806,45
2026-05-13 10:25:04;189393,94
2026-05-13 10:25:04;158898,3
2026-05-13 10:25:04;72674,42
2026-05-13 10:25:04;201612,9
2026-05-13 10:25:04;227272,73
2026-05-13 10:25:04;164473,69
2026-05-13 10:25:04;260416,67
2026-05-13 10:25:04;182481,75
2026-05-13 10:25:04;147058,83
2026-05-13 10:25:04;381097,56
2026-05-13 10:25:04;134408,61
2026-05-13 10:25:04;234375
2026-05-13 10:25:04;245098,03
2026-05-13 10:25:04;204918,05
2026-05-13 10:25:04;153688,53
2026-05-13 10:25:04;126262,625
2026-05-13 10:25:04;154320,98
2026-05-13 10:25:04;176886,8
2026-05-13 10:25:04;109649,125
2026-05-13 10:25:04;280898,88
2026-05-13 10:25:04;328947,38
2026-05-13 10:25:04;225225,2
2026-05-13 10:25:04;NaN
2026-05-13 10:25:04;122549,016
2026-05-13 10:25:04;199468,08
2026-05-13 10:25:04;183823,53
2026-05-13 10:25:04;127551,02
2026-05-13 10:25:04;163398,7
2026-05-13 10:25:04;260416,67
2026-05-13 10:25:04;110619,47
2026-05-13 10:25:04;223214,3
2026-05-13 10:25:04;229779,42
2026-05-13 10:25:04;403225,78
2026-05-13 10:25:04;75301,2
2026-05-13 10:25:04;206611,58
2026-05-13 10:25:04;110619,47
2026-05-13 10:25:04;171232,88
2026-05-13 10:25:04;271739,12
2026-05-13 10:25:04;284090,9
2026-05-13 10:25:04;NaN
2026-05-13 10:25:04;173611,11
2026-05-13 10:25:04;240384,61
2026-05-13 10:25:04;147058,83
2026-05-13 10:25:04;138888,89
2026-05-13 10:25:04;123355,266
2026-05-13 10:25:04;210674,14
2026-05-13 10:25:04;140977,44
2026-05-13 10:25:04;195312,5
2026-05-13 10:25:04;189393,94
2026-05-13 10:25:04;161637,92
2026-05-13 10:25:04;186567,17
2026-05-13 10:25:04;53418,81
2026-05-13 10:25:04;150000
2026-05-13 10:25:04;195312,5
2026-05-13 10:25:04;127551,02
2026-05-13 10:25:04;245098,03
2026-05-13 10:25:04;208333,33
2026-05-13 10:25:04;138888,89
2026-05-13 10:25:04;187969,92
2026-05-13 10:25:04;86805,555
2026-05-13 10:25:04;238095,23
2026-05-13 10:25:04;168918,92
2026-05-13 10:25:04;105042,016
2026-05-13 10:25:04;488281,25
2026-05-13 10:25:04;147058,83
2026-05-13 10:25:04;347222,22
2026-05-13 10:25:04;177304,97
2026-05-13 10:25:04;NaN
2026-05-13 10:25:04;146484,38
2026-05-13 10:25:04;213675,2
2026-05-13 10:25:04;208333,34
2026-05-13 10:25:04;231481,5
2026-05-13 10:25:04;234375
2026-05-13 10:25:04;91911,766
2026-05-13 10:25:04;103305,79
2026-05-13 10:25:04;145348,84
2026-05-13 10:25:04;312500
2026-05-13 10:25:04;288461,53
2026-05-13 10:25:04;193298,97
2026-05-13 10:25:04;245098,03
2026-05-13 10:25:04;177304,97
2026-05-13 10:25:04;227272,73
2026-05-13 10:25:04;125000
2026-05-13 10:25:04;271739,12
2026-05-13 10:25:04;213068,19
2026-05-13 10:25:04;120192,305
2026-05-13 10:25:04;133928,58
2026-05-13 10:25:04;115740,75
2026-05-13 10:25:04;227272,73
2026-05-13 10:25:04;182038,83
2026-05-13 10:25:04;246710,53
2026-05-13 10:25:04;162337,66
2026-05-13 10:25:04;344036,7
2026-05-13 10:25:04;219298,25
2026-05-13 10:25:04;186567,17
2026-05-13 10:25:04;233644,88
2026-05-13 10:25:04;219298,25
2026-05-13 10:25:04;201612,9
2026-05-13 10:25:04;229779,42
2026-05-13 10:25:04;337837,84
2026-05-13 10:25:04;114678,89
2026-05-13 10:25:04;154320,98
2026-05-13 10:25:04;123762,375
2026-05-13 10:25:04;150000
2026-05-13 10:25:04;205592,11
2026-05-13 10:25:04;130208,336
2026-05-13 10:25:04;77160,5
2026-05-13 10:25:04;127551,02
2026-05-13 10:25:04;183823,53
2026-05-13 10:25:04;130208,336
2026-05-13 10:25:04;307377,06
2026-05-13 10:25:04;90579,71
2026-05-13 10:25:04;164473,69
2026-05-13 10:25:04;280898,88
2026-05-13 10:25:04;79113,92
2026-05-13 10:25:04;168918,92
2026-05-13 10:25:04;223214,3
2026-05-13 10:25:04;147637,8
2026-05-13 10:25:04;120192,305
2026-05-13 10:25:04;210674,14
2026-05-13 10:25:04;148809,53
2026-05-13 10:25:04;287356,3
2026-05-13 10:25:04;206043,95
2026-05-13 10:25:04;115030,68
2026-05-13 10:25:04;225903,61
2026-05-13 10:25:04;114678,91
2026-05-13 10:25:04;290697,7
2026-05-13 10:25:04;186567,17
2026-05-13 10:25:04;201612,9
2026-05-13 10:25:04;108695,65
2026-05-13 10:25:04;204248,36
2026-05-13 10:25:04;138888,89
2026-05-13 10:25:04;210084,05
2026-05-13 10:25:04;120192,305
2026-05-13 10:25:04;238853,52
2026-05-13 10:25:04;381097,56
2026-05-13 10:25:04;125000
2026-05-13 10:25:04;160256,4
2026-05-13 10:25:04;213675,23
2026-05-13 10:25:04;275735,3
2026-05-13 10:25:04;236742,44
2026-05-13 10:25:04;96153,84
2026-05-13 10:25:04;294117,66
2026-05-13 10:25:04;158227,84
2026-05-13 10:25:04;219298,25
2026-05-13 10:25:04;271739,12
2026-05-13 10:25:04;257731,97
2026-05-13 10:25:04;297619,06
2026-05-13 10:25:04;277777,78
2026-05-13 10:25:04;119047,62
2026-05-13 10:25:04;240384,64
2026-05-13 10:25:04;264830,5
2026-05-13 10:25:04;217013,89
2026-05-13 10:25:04;126262,625
2026-05-13 10:25:04;271739,12
2026-05-13 10:25:04;255102,05
2026-05-13 10:25:04;306372,53
2026-05-13 10:25:04;245098,06
2026-05-13 10:25:04;260416,67
2026-05-13 10:25:04;416666,56
2026-05-13 10:25:04;231481,5
2026-05-13 10:25:04;237341,77
2026-05-13 10:25:04;245098,03
2026-05-13 10:25:05;185643,56
2026-05-13 10:25:05;274725,28
2026-05-13 10:25:05;197368,42
2026-05-13 10:25:05;375000
2026-05-13 10:25:05;190548,78
2026-05-13 10:25:05;198412,7
2026-05-13 10:25:05;137362,64
2026-05-13 10:25:05;224820,16
2026-05-13 10:25:05;150602,4
2026-05-13 10:25:05;213068,19
2026-05-13 10:25:05;337837,84
2026-05-13 10:25:05;284090,9
2026-05-13 10:25:05;114329,266
2026-05-13 10:25:05;260416,67
2026-05-13 10:25:05;152439,03
2026-05-13 10:25:05;115740,75
2026-05-13 10:25:05;108695,65
2026-05-13 10:25:05;163043,47
2026-05-13 10:25:05;99206,35
2026-05-13 10:25:05;83333,336
2026-05-13 10:25:05;367647,06
2026-05-13 10:25:05;166666,66
2026-05-13 10:25:05;367647,06
2026-05-13 10:25:05;218023,27
2026-05-13 10:25:05;231481,47
2026-05-13 10:25:05;284090,9
2026-05-13 10:25:05;113636,37
2026-05-13 10:25:05;206043,95
2026-05-13 10:25:05;189393,94
2026-05-13 10:25:05;173611,11
2026-05-13 10:25:05;201612,9
2026-05-13 10:25:05;67204,305
2026-05-13 10:25:05;240384,61
2026-05-13 10:25:05;225903,61
2026-05-13 10:25:05;92821,78
2026-05-13 10:25:05;105932,2
2026-05-13 10:25:05;193798,45
2026-05-13 10:25:05;255102,05
2026-05-13 10:25:05;223214,3
2026-05-13 10:25:05;156250,02
2026-05-13 10:25:05;186567,17
2026-05-13 10:25:05;112612,62
2026-05-13 10:25:05;247524,75
2026-05-13 10:25:05;127551,02
2026-05-13 10:25:05;168918,92
2026-05-13 10:25:05;83333,33
2026-05-13 10:25:05;189393,94
2026-05-13 10:25:05;355113,62
2026-05-13 10:25:05;390625
2026-05-13 10:25:05;122549,03
2026-05-13 10:25:05;151209,67
2026-05-13 10:25:05;84459,46
2026-05-13 10:25:05;215517,23
2026-05-13 10:25:05;186567,17
2026-05-13 10:25:05;280898,88
2026-05-13 10:25:05;156250
2026-05-13 10:25:05;277777,78
2026-05-13 10:25:05;121359,22
2026-05-13 10:25:05;145348,84
2026-05-13 10:25:05;229357,81
2026-05-13 10:25:05;168918,92
2026-05-13 10:25:05;66489,36
2026-05-13 10:25:05;153688,53
2026-05-13 10:25:05;328947,38
2026-05-13 10:25:05;234962,4
2026-05-13 10:25:05;186567,16
2026-05-13 10:25:05;148809,53
2026-05-13 10:25:05;210084,05
2026-05-13 10:25:05;227272,73
2026-05-13 10:25:05;NaN
2026-05-13 10:25:05;182038,84
2026-05-13 10:25:05;168918,92
2026-05-13 10:25:05;59523,81
2026-05-13 10:25:05;137867,64
2026-05-13 10:25:05;198412,7
2026-05-13 10:25:05;297619,06
2026-05-13 10:25:05;79113,92
2026-05-13 10:25:05;168918,92
2026-05-13 10:25:05;211864,4
2026-05-13 10:25:05;279850,75
2026-05-13 10:25:05;294117,66
2026-05-13 10:25:05;156250
2026-05-13 10:25:05;143678,17
2026-05-13 10:25:05;150000
2026-05-13 10:25:05;233644,84
2026-05-13 10:25:05;101626,02
2026-05-13 10:25:05;121359,22
2026-05-13 10:25:05;256849,3
2026-05-13 10:25:05;353773,6
2026-05-13 10:25:05;182481,77
2026-05-13 10:25:05;122549,016
2026-05-13 10:25:05;280898,88
2026-05-13 10:25:05;120967,74
2026-05-13 10:25:05;130208,336
2026-05-13 10:25:05;220588,25
2026-05-13 10:25:05;176886,8
2026-05-13 10:25:05;337837,84
2026-05-13 10:25:05;225225,23
2026-05-13 10:25:05;127551,02
2026-05-13 10:25:05;287356,3
2026-05-13 10:25:05;360576,94
2026-05-13 10:25:05;148809,53
2026-05-13 10:25:05;104166,664
2026-05-13 10:25:05;225903,61
2026-05-13 10:25:05;99206,35
2026-05-13 10:25:05;111607,15
2026-05-13 10:25:05;126262,625
2026-05-13 10:25:05;294811,3
2026-05-13 10:25:05;271739,12
2026-05-13 10:25:05;245098,06
2026-05-13 10:25:05;164473,69
2026-05-13 10:25:05;156250,02
2026-05-13 10:25:05;111607,15
2026-05-13 10:25:05;122549,016
2026-05-13 10:25:05;231481,5
2026-05-13 10:25:05;159235,67
2026-05-13 10:25:05;254065,06
2026-05-13 10:25:05;183823,53
2026-05-13 10:25:05;82236,84
2026-05-13 10:25:05;192307,69
2026-05-13 10:25:05;93283,58
2026-05-13 10:25:05;201612,9
2026-05-13 10:25:05;229357,78
2026-05-13 10:25:05;100401,6
2026-05-13 10:25:05;224550,9
2026-05-13 10:25:05;91911,76
2026-05-13 10:25:05;353773,56
2026-05-13 10:25:05;256849,33
2026-05-13 10:25:05;271739,12
2026-05-13 10:25:05;187969,92
2026-05-13 10:25:05;134892,1
2026-05-13 10:25:05;133928,56
2026-05-13 10:25:05;213675,23
2026-05-13 10:25:05;189393,94
2026-05-13 10:25:05;289351,84
2026-05-13 10:25:05;151209,67
2026-05-13 10:25:05;173611,11
2026-05-13 10:25:05;103305,78
2026-05-13 10:25:05;279850,72
2026-05-13 10:25:05;135869,56
2026-05-13 10:25:05;132978,73
2026-05-13 10:25:05;157563,03
2026-05-13 10:25:05;163043,48
2026-05-13 10:25:05;164473,67
2026-05-13 10:25:05;196850,39
2026-05-13 10:25:05;279850,75
2026-05-13 10:25:05;240384,61
2026-05-13 10:25:05;128865,984
2026-05-13 10:25:05;152439,03
2026-05-13 10:25:05;89928,06
2026-05-13 10:25:05;145348,84
2026-05-13 10:25:05;123762,375
2026-05-13 10:25:05;72674,42
2026-05-13 10:25:05;390625
2026-05-13 10:25:05;235849,05
2026-05-13 10:25:05;223214,3
2026-05-13 10:25:05;217391,3
2026-05-13 10:25:05;156250
2026-05-13 10:25:05;140977,44
2026-05-13 10:25:05;178571,44
2026-05-13 10:25:05;100000
2026-05-13 10:25:05;91911,766
2026-05-13 10:25:05;250000
2026-05-13 10:25:05;178571,44
2026-05-13 10:25:05;105932,21
2026-05-13 10:25:05;152439,02
2026-05-13 10:25:05;96153,84
2026-05-13 10:25:05;152439,03
2026-05-13 10:25:05;67204,305
2026-05-13 10:25:05;297619,06
2026-05-13 10:25:05;157563,02
2026-05-13 10:25:05;210084,03
2026-05-13 10:25:05;315656,56
2026-05-13 10:25:05;181159,42
2026-05-13 10:25:05;223214,3
2026-05-13 10:25:05;172018,34
2026-05-13 10:25:05;178571,44
2026-05-13 10:25:05;121359,22
2026-05-13 10:25:05;181159,42
2026-05-13 10:25:05;NaN
2026-05-13 10:25:05;292056,1
2026-05-13 10:25:05;227272,73
2026-05-13 10:25:05;130208,336
2026-05-13 10:25:05;158898,3
2026-05-13 10:25:05;127551,02
2026-05-13 10:25:05;367647,06
2026-05-13 10:25:05;253378,38
2026-05-13 10:25:05;235849,05
2026-05-13 10:25:05;242718,44
2026-05-13 10:25:05;246063
2026-05-13 10:25:05;294117,66
2026-05-13 10:25:05;109649,125
2026-05-13 10:25:05;245098,03
2026-05-13 10:25:05;223214,3
2026-05-13 10:25:05;90579,71
2026-05-13 10:25:05;127551,02
2026-05-13 10:25:05;248015,86
2026-05-13 10:25:05;156250
2026-05-13 10:25:05;146484,38
2026-05-13 10:25:05;340909,06
2026-05-13 10:25:05;115740,734
2026-05-13 10:25:05;294811,3
2026-05-13 10:25:05;182038,83
2026-05-13 10:25:05;176056,34
2026-05-13 10:25:05;117370,89
2026-05-13 10:25:05;210674,17
2026-05-13 10:25:05;NaN
2026-05-13 10:25:05;173611,12
2026-05-13 10:25:05;140977,44
2026-05-13 10:25:05;250000
2026-05-13 10:25:05;240384,64
2026-05-13 10:25:05;279017,84
2026-05-13 10:25:05;161290,33
2026-05-13 10:25:05;213675,2
2026-05-13 10:25:05;138888,89
2026-05-13 10:25:05;132978,72
2026-05-13 10:25:05;134408,61
2026-05-13 10:25:05;215517,23
2026-05-13 10:25:05;213675,2
2026-05-13 10:25:05;180288,47
2026-05-13 10:25:05;104748,6
2026-05-13 10:25:05;105337,086
2026-05-13 10:25:05;215517,23
2026-05-13 10:25:05;103305,79
2026-05-13 10:25:05;122549,016
2026-05-13 10:25:05;166666,66
2026-05-13 10:25:05;160256,4
2026-05-13 10:25:05;88028,17
2026-05-13 10:25:06;119047,62
2026-05-13 10:25:06;289351,84
2026-05-13 10:25:06;149700,6
2026-05-13 10:25:06;106837,6
2026-05-13 10:25:06;165929,2
2026-05-13 10:25:06;173611,12
2026-05-13 10:25:06;165929,2
2026-05-13 10:25:06;60096,152
2026-05-13 10:25:06;171232,88
2026-05-13 10:25:06;152439,03
2026-05-13 10:25:06;90579,71
2026-05-13 10:25:06;113636,37
2026-05-13 10:25:06;131578,95
2026-05-13 10:25:06;151209,67
2026-05-13 10:25:06;74404,766
2026-05-13 10:25:06;267857,16
2026-05-13 10:25:06;271739,12
2026-05-13 10:25:06;84080,72
2026-05-13 10:25:06;78125,01
2026-05-13 10:25:06;NaN
2026-05-13 10:25:06;242718,44
2026-05-13 10:25:06;253378,38
2026-05-13 10:25:06;135869,56
2026-05-13 10:25:06;376506,03
2026-05-13 10:25:06;317796,62
2026-05-13 10:25:06;260416,67
2026-05-13 10:25:06;158227,86
2026-05-13 10:25:06;160256,42
2026-05-13 10:25:06;181159,42
2026-05-13 10:25:06;172018,34
2026-05-13 10:25:06;125000
2026-05-13 10:25:06;164473,69
2026-05-13 10:25:06;300480,78
2026-05-13 10:25:06;309405,94
2026-05-13 10:25:06;181159,42
2026-05-13 10:25:06;294117,66
2026-05-13 10:25:06;147058,83
2026-05-13 10:25:06;143129,77
2026-05-13 10:25:06;131578,95
2026-05-13 10:25:06;108695,65
2026-05-13 10:25:06;115030,68
2026-05-13 10:25:06;36982,25
2026-05-13 10:25:06;343406,6
2026-05-13 10:25:06;161917,1
2026-05-13 10:25:06;284090,9
2026-05-13 10:25:06;228658,53
2026-05-13 10:25:06;295275,6
2026-05-13 10:25:06;148809,53
2026-05-13 10:25:06;96899,23
2026-05-13 10:25:06;315656,56
2026-05-13 10:25:06;159235,67
2026-05-13 10:25:06;131578,95
2026-05-13 10:25:06;297619,06
2026-05-13 10:25:06;100000
2026-05-13 10:25:06;274122,8
2026-05-13 10:25:06;137867,64
2026-05-13 10:25:06;215517,23
2026-05-13 10:25:06;277777,78
2026-05-13 10:25:06;260416,67
2026-05-13 10:25:06;312500,03
2026-05-13 10:25:06;204918,02
2026-05-13 10:25:06;193798,45
2026-05-13 10:25:06;148809,53
2026-05-13 10:25:06;300000
2026-05-13 10:25:06;297619,06
2026-05-13 10:25:06;245098,03
2026-05-13 10:25:06;208333,33
2026-05-13 10:25:06;262605,03
2026-05-13 10:25:06;155279,5
2026-05-13 10:25:06;173611,12
2026-05-13 10:25:06;203252,05
2026-05-13 10:25:06;138888,89
2026-05-13 10:25:06;178571,44
2026-05-13 10:25:06;164473,69
2026-05-13 10:25:06;178571,44
2026-05-13 10:25:06;297619,03
2026-05-13 10:25:06;203252,05
2026-05-13 10:25:06;142045,45
2026-05-13 10:25:06;337837,84
2026-05-13 10:25:06;256849,33
2026-05-13 10:25:06;189393,94
2026-05-13 10:25:06;147058,83
2026-05-13 10:25:06;225225,23
2026-05-13 10:25:06;125000
2026-05-13 10:25:06;89928,055
2026-05-13 10:25:06;229357,78
2026-05-13 10:25:06;124172,18
2026-05-13 10:25:06;267857,16
2026-05-13 10:25:06;314748,2
2026-05-13 10:25:06;145348,84
2026-05-13 10:25:06;271739,12
2026-05-13 10:25:06;371287,12
2026-05-13 10:25:06;113636,36
2026-05-13 10:25:06;NaN
2026-05-13 10:25:06;213068,19
2026-05-13 10:25:06;378787,88
2026-05-13 10:25:06;193298,97
2026-05-13 10:25:06;160256,4
2026-05-13 10:25:06;233957,23
2026-05-13 10:25:06;178571,45
2026-05-13 10:25:06;132978,72
2026-05-13 10:25:06;324675,3
2026-05-13 10:25:06;53418,8
2026-05-13 10:25:06;201612,89
2026-05-13 10:25:06;202922,1
2026-05-13 10:25:06;307377,06
2026-05-13 10:25:06;130208,32
2026-05-13 10:25:06;242718,44
2026-05-13 10:25:06;176056,34
2026-05-13 10:25:06;124172,195
2026-05-13 10:25:06;360576,94
2026-05-13 10:25:06;203804,34
2026-05-13 10:25:06;390625
2026-05-13 10:25:06;183823,53
2026-05-13 10:25:06;148809,53
2026-05-13 10:25:06;71839,08
2026-05-13 10:25:06;208333,33
2026-05-13 10:25:06;130208,336
2026-05-13 10:25:06;172018,34
2026-05-13 10:25:06;235849,08
2026-05-13 10:25:06;229779,42
2026-05-13 10:25:06;116822,42
2026-05-13 10:25:06;111607,15
2026-05-13 10:25:06;96153,84
2026-05-13 10:25:06;128865,984
2026-05-13 10:25:06;83333,33
2026-05-13 10:25:06;256849,3
2026-05-13 10:25:06;168918,92
2026-05-13 10:25:06;322164,97
2026-05-13 10:25:06;294811,3
2026-05-13 10:25:06;138888,89
2026-05-13 10:25:06;189393,94
2026-05-13 10:25:06;288461,53
2026-05-13 10:25:06;309405,94
2026-05-13 10:25:06;238095,23
2026-05-13 10:25:06;256849,33
2026-05-13 10:25:06;111607,15
2026-05-13 10:25:06;128865,984
2026-05-13 10:25:06;227272,72
2026-05-13 10:25:06;328947,34
2026-05-13 10:25:06;201612,89
2026-05-13 10:25:06;115740,75
2026-05-13 10:25:06;208333,33
2026-05-13 10:25:06;250000
2026-05-13 10:25:06;304878,03
2026-05-13 10:25:06;109649,125
2026-05-13 10:25:06;208333,33
2026-05-13 10:25:06;204918,02
2026-05-13 10:25:06;66489,37
2026-05-13 10:25:06;201612,9
2026-05-13 10:25:06;143678,16
2026-05-13 10:25:06;233644,84
2026-05-13 10:25:06;197368,42
2026-05-13 10:25:06;210674,17
2026-05-13 10:25:06;390625
2026-05-13 10:25:06;250000
2026-05-13 10:25:06;132978,73
2026-05-13 10:25:06;193298,97
2026-05-13 10:25:06;224820,12
2026-05-13 10:25:06;352112,7
2026-05-13 10:25:06;195312,5
2026-05-13 10:25:06;124172,195
2026-05-13 10:25:06;150602,4
2026-05-13 10:25:06;215517,23
2026-05-13 10:25:06;178571,44
2026-05-13 10:25:06;180288,47
2026-05-13 10:25:06;211148,66
2026-05-13 10:25:06;201612,9
2026-05-13 10:25:06;167785,25
2026-05-13 10:25:06;140449,44
2026-05-13 10:25:06;132978,72
2026-05-13 10:25:06;238853,52
2026-05-13 10:25:06;312500
2026-05-13 10:25:06;NaN
2026-05-13 10:25:06;276548,7
2026-05-13 10:25:06;208333,33
2026-05-13 10:25:06;154321
2026-05-13 10:25:06;176056,34
2026-05-13 10:25:06;143129,78
2026-05-13 10:25:06;110946,74
2026-05-13 10:25:06;347222,22
2026-05-13 10:25:06;260416,67
2026-05-13 10:25:06;201612,89
2026-05-13 10:25:06;357142,88
2026-05-13 10:25:06;238095,23
2026-05-13 10:25:06;227272,73
2026-05-13 10:25:06;229357,81
2026-05-13 10:25:06;164473,69
2026-05-13 10:25:06;152439,03
2026-05-13 10:25:06;245098,06
2026-05-13 10:25:06;150602,4
2026-05-13 10:25:06;111607,15
2026-05-13 10:25:06;304878,03
2026-05-13 10:25:06;306372,53
2026-05-13 10:25:06;192307,69
2026-05-13 10:25:06;271739,12
2026-05-13 10:25:06;201612,89
2026-05-13 10:25:06;134408,61
2026-05-13 10:25:06;303819,44
2026-05-13 10:25:06;200000
2026-05-13 10:25:06;353773,56
2026-05-13 10:25:06;86805,555
2026-05-13 10:25:06;113636,37
2026-05-13 10:25:06;187500
2026-05-13 10:25:06;208333,33
2026-05-13 10:25:06;198412,7
2026-05-13 10:25:06;407608,7
2026-05-13 10:25:06;132978,72
2026-05-13 10:25:06;43402,777
2026-05-13 10:25:06;103305,79
2026-05-13 10:25:06;195312,5
2026-05-13 10:25:06;137362,64
2026-05-13 10:25:06;144230,77
2026-05-13 10:25:06;181159,42
2026-05-13 10:25:06;179856,11
2026-05-13 10:25:06;231481,5
2026-05-13 10:25:06;164473,7
2026-05-13 10:25:06;77639,75
2026-05-13 10:25:06;215517,23
2026-05-13 10:25:06;115740,75
2026-05-13 10:25:06;161637,92
2026-05-13 10:25:06;190839,69
2026-05-13 10:25:06;97656,25
2026-05-13 10:25:06;123355,266
2026-05-13 10:25:06;187500
2026-05-13 10:25:06;206953,66
2026-05-13 10:25:06;363372,1
2026-05-13 10:25:06;123762,375
2026-05-13 10:25:06;148104,27
2026-05-13 10:25:06;213068,19
2026-05-13 10:25:06;103305,79
2026-05-13 10:25:06;353773,6
2026-05-13 10:25:06;176056,34
2026-05-13 10:25:07;263157,9
2026-05-13 10:25:07;126262,625
2026-05-13 10:25:07;256849,3
2026-05-13 10:25:07;208333,33
2026-05-13 10:25:07;123355,266
2026-05-13 10:25:07;178571,44
2026-05-13 10:25:07;158898,31
2026-05-13 10:25:07;269396,53
2026-05-13 10:25:07;287356,3
2026-05-13 10:25:07;148809,53
2026-05-13 10:25:07;277777,78
2026-05-13 10:25:07;208333,33
2026-05-13 10:25:07;250000
2026-05-13 10:25:07;201612,9
2026-05-13 10:25:07;185643,56
2026-05-13 10:25:07;145348,84
2026-05-13 10:25:07;63131,312
2026-05-13 10:25:07;271739,12
2026-05-13 10:25:07;268817,22
2026-05-13 10:25:07;252525,25
2026-05-13 10:25:07;277777,78
2026-05-13 10:25:07;164473,69
2026-05-13 10:25:07;87412,586
2026-05-13 10:25:07;96153,84
2026-05-13 10:25:07;220070,42
2026-05-13 10:25:07;303398,03
2026-05-13 10:25:07;127551,01
2026-05-13 10:25:07;115740,75
2026-05-13 10:25:07;143129,77
2026-05-13 10:25:07;60679,61
2026-05-13 10:25:07;186567,17
2026-05-13 10:25:07;201612,89
2026-05-13 10:25:07;195312,5
2026-05-13 10:25:07;186567,17
2026-05-13 10:25:07;221238,94
2026-05-13 10:25:07;206043,95
2026-05-13 10:25:07;247524,75
2026-05-13 10:25:07;228658,53
2026-05-13 10:25:07;227272,72
2026-05-13 10:25:07;137867,64
2026-05-13 10:25:07;218023,27
2026-05-13 10:25:07;265957,44
2026-05-13 10:25:07;79113,92
2026-05-13 10:25:07;106837,62
2026-05-13 10:25:07;157563,02
2026-05-13 10:25:07;135869,58
2026-05-13 10:25:07;189393,95
2026-05-13 10:25:07;211864,4
2026-05-13 10:25:07;350000
2026-05-13 10:25:07;125000
2026-05-13 10:25:07;168918,92
2026-05-13 10:25:07;180288,47
2026-05-13 10:25:07;303398,06
2026-05-13 10:25:07;431034,47
2026-05-13 10:25:07;62500
2026-05-13 10:25:07;175233,64
2026-05-13 10:25:07;109649,125
2026-05-13 10:25:07;332446,8
2026-05-13 10:25:07;142857,14
2026-05-13 10:25:07;86805,555
2026-05-13 10:25:07;233208,95
2026-05-13 10:25:07;142045,45
2026-05-13 10:25:07;115740,75
2026-05-13 10:25:07;260416,67
2026-05-13 10:25:07;147058,83
2026-05-13 10:25:07;284090,94
2026-05-13 10:25:07;178571,44
2026-05-13 10:25:07;175233,64
2026-05-13 10:25:07;378787,88
2026-05-13 10:25:07;189393,94
2026-05-13 10:25:07;173611,11
2026-05-13 10:25:07;347222,22
2026-05-13 10:25:07;279017,88
2026-05-13 10:25:07;196850,39
2026-05-13 10:25:07;NaN
2026-05-13 10:25:07;186567,17
2026-05-13 10:25:07;168918,92
2026-05-13 10:25:07;208333,33
2026-05-13 10:25:07;138888,89
2026-05-13 10:25:07;271739,12
2026-05-13 10:25:07;223214,3
2026-05-13 10:25:07;145348,84
2026-05-13 10:25:07;213675,2
2026-05-13 10:25:07;236742,44
2026-05-13 10:25:07;116822,42
2026-05-13 10:25:07;105042,02
2026-05-13 10:25:07;157563,03
2026-05-13 10:25:07;84459,46
2026-05-13 10:25:07;168918,92
2026-05-13 10:25:07;264084,5
2026-05-13 10:25:07;277777,78
2026-05-13 10:25:07;211864,4
2026-05-13 10:25:07;NaN
2026-05-13 10:25:07;308641,97
2026-05-13 10:25:07;178571,44
2026-05-13 10:25:07;132978,72
2026-05-13 10:25:07;130208,336
2026-05-13 10:25:07;257731,97
2026-05-13 10:25:07;173611,11
2026-05-13 10:25:07;71839,08
2026-05-13 10:25:07;183823,53
2026-05-13 10:25:07;204918,02
2026-05-13 10:25:07;96899,23
2026-05-13 10:25:07;105932,2
2026-05-13 10:25:07;119047,62
2026-05-13 10:25:07;120192,305
2026-05-13 10:25:07;286697,25
2026-05-13 10:25:07;176056,34
2026-05-13 10:25:07;223214,3
2026-05-13 10:25:07;138888,89
2026-05-13 10:25:07;200000
2026-05-13 10:25:07;126262,625
2026-05-13 10:25:07;288461,53
2026-05-13 10:25:07;218023,25
2026-05-13 10:25:07;139925,38
2026-05-13 10:25:07;115740,734
2026-05-13 10:25:07;256147,53
2026-05-13 10:25:07;312500,03
2026-05-13 10:25:07;269396,53
2026-05-13 10:25:07;85616,44
2026-05-13 10:25:07;125000
2026-05-13 10:25:07;347222,22
2026-05-13 10:25:07;158898,31
2026-05-13 10:25:07;122549,016
2026-05-13 10:25:07;168918,92
2026-05-13 10:25:07;142045,45
2026-05-13 10:25:07;267857,12
2026-05-13 10:25:07;215517,23
2026-05-13 10:25:07;220588,25
2026-05-13 10:25:07;260416,67
2026-05-13 10:25:07;245098,03
2026-05-13 10:25:07;178571,44
2026-05-13 10:25:07;279017,88
2026-05-13 10:25:07;75301,2
2026-05-13 10:25:07;138888,89
2026-05-13 10:25:07;111607,15
2026-05-13 10:25:07;180288,47
2026-05-13 10:25:07;275735,3
2026-05-13 10:25:07;210084,05
2026-05-13 10:25:07;136861,31
2026-05-13 10:25:07;73529,414
2026-05-13 10:25:07;176056,34
2026-05-13 10:25:07;287356,3
2026-05-13 10:25:07;154958,67
2026-05-13 10:25:07;271739,12
2026-05-13 10:25:07;156250,02
2026-05-13 10:25:07;NaN
2026-05-13 10:25:07;297619,06
2026-05-13 10:25:07;213068,19
2026-05-13 10:25:07;74404,766
2026-05-13 10:25:07;260416,67
2026-05-13 10:25:07;271739,12
2026-05-13 10:25:07;228658,55
2026-05-13 10:25:07;137867,66
2026-05-13 10:25:07;215517,23
2026-05-13 10:25:07;121359,22
2026-05-13 10:25:07;145348,84
2026-05-13 10:25:07;100000
2026-05-13 10:25:07;165929,2
2026-05-13 10:25:07;156250
2026-05-13 10:25:07;240384,61
2026-05-13 10:25:07;271739,12
2026-05-13 10:25:07;92592,586
2026-05-13 10:25:07;235849,05
2026-05-13 10:25:07;74850,305
2026-05-13 10:25:07;204918,05
2026-05-13 10:25:07;250000
2026-05-13 10:25:07;165929,2
2026-05-13 10:25:07;287356,3
2026-05-13 10:25:07;67204,305
2026-05-13 10:25:07;206611,58
2026-05-13 10:25:07;218023,25
2026-05-13 10:25:07;357142,88
2026-05-13 10:25:07;130890,06
2026-05-13 10:25:07;218023,27
2026-05-13 10:25:07;303398,03
2026-05-13 10:25:07;153688,53
2026-05-13 10:25:07;147637,8
2026-05-13 10:25:07;177304,97
2026-05-13 10:25:07;127551,02
2026-05-13 10:25:07;279850,75
2026-05-13 10:25:07;150602,4
2026-05-13 10:25:07;294811,3
2026-05-13 10:25:07;196850,39
2026-05-13 10:25:07;153688,53
2026-05-13 10:25:07;167410,72
2026-05-13 10:25:07;229779,42
2026-05-13 10:25:07;258875,73
2026-05-13 10:25:07;88028,17
2026-05-13 10:25:07;360576,94
2026-05-13 10:25:07;238095,23
2026-05-13 10:25:07;156250
2026-05-13 10:25:07;110619,46
2026-05-13 10:25:07;137867,64
2026-05-13 10:25:07;337837,84
2026-05-13 10:25:07;151209,69
2026-05-13 10:25:07;52083,332
2026-05-13 10:25:07;117924,54
2026-05-13 10:25:07;140449,44
2026-05-13 10:25:07;124172,18
2026-05-13 10:25:07;250000
2026-05-13 10:25:07;152439,02
2026-05-13 10:25:07;178571,44
2026-05-13 10:25:07;262605,03
2026-05-13 10:25:07;193298,97
2026-05-13 10:25:07;177304,97
2026-05-13 10:25:07;152439,02
2026-05-13 10:25:07;227272,72
2026-05-13 10:25:07;166666,66
2026-05-13 10:25:07;228658,53
2026-05-13 10:25:07;173611,11
2026-05-13 10:25:07;77639,75
2026-05-13 10:25:07;262237,78
2026-05-13 10:25:07;386597,94
2026-05-13 10:25:07;183823,53
2026-05-13 10:25:07;359195,4
2026-05-13 10:25:07;440140,84
2026-05-13 10:25:07;286697,25
2026-05-13 10:25:07;167410,72
2026-05-13 10:25:07;250000
2026-05-13 10:25:08;218023,25
2026-05-13 10:25:08;339673,94
2026-05-13 10:25:08;269396,53
2026-05-13 10:25:08;105932,2
2026-05-13 10:25:08;235849,08
2026-05-13 10:25:08;208333,33
2026-05-13 10:25:08;520833,28
2026-05-13 10:25:08;218531,48
2026-05-13 10:25:08;357142,88
2026-05-13 10:25:08;189393,94
2026-05-13 10:25:08;91911,766
2026-05-13 10:25:08;161637,92
2026-05-13 10:25:08;183823,52
2026-05-13 10:25:08;117924,52
2026-05-13 10:25:08;297619,03
2026-05-13 10:25:08;60096,16
2026-05-13 10:25:08;158227,86
2026-05-13 10:25:08;247524,75
2026-05-13 10:25:08;114678,91
2026-05-13 10:25:08;201612,89
2026-05-13 10:25:08;186567,17
2026-05-13 10:25:08;95419,84
2026-05-13 10:25:08;132978,73
2026-05-13 10:25:08;119047,62
2026-05-13 10:25:08;176886,8
2026-05-13 10:25:08;153688,53
2026-05-13 10:25:08;156250
2026-05-13 10:25:08;168918,92
2026-05-13 10:25:08;287356,3
2026-05-13 10:25:08;177304,97
2026-05-13 10:25:08;182038,83
2026-05-13 10:25:08;235849,08
2026-05-13 10:25:08;168918,92
2026-05-13 10:25:08;265957,47
2026-05-13 10:25:08;89285,72
2026-05-13 10:25:08;117924,54
2026-05-13 10:25:08;161637,92
2026-05-13 10:25:08;166666,66
2026-05-13 10:25:08;185643,56
2026-05-13 10:25:08;260416,67
2026-05-13 10:25:08;215517,23
2026-05-13 10:25:08;192307,7
2026-05-13 10:25:08;260416,67
2026-05-13 10:25:08;196850,39
2026-05-13 10:25:08;328947,34
2026-05-13 10:25:08;224820,12
2026-05-13 10:25:08;257731,97
2026-05-13 10:25:08;NaN
2026-05-13 10:25:08;217391,3
2026-05-13 10:25:08;71839,08
2026-05-13 10:25:08;123762,375
2026-05-13 10:25:08;257731,97
2026-05-13 10:25:08;187500
2026-05-13 10:25:08;127551,02
2026-05-13 10:25:08;181159,42
2026-05-13 10:25:08;120967,74
2026-05-13 10:25:08;223214,3
2026-05-13 10:25:08;166666,66
2026-05-13 10:25:08;89285,72
2026-05-13 10:25:08;215517,23
2026-05-13 10:25:08;137362,64
2026-05-13 10:25:08;312500,03
2026-05-13 10:25:08;96153,84
2026-05-13 10:25:08;276548,7
2026-05-13 10:25:08;347222,22
2026-05-13 10:25:08;123762,375
2026-05-13 10:25:08;60096,152
2026-05-13 10:25:08;248015,86
2026-05-13 10:25:08;145348,84
2026-05-13 10:25:08;175233,64
2026-05-13 10:25:08;85616,44
2026-05-13 10:25:08;127551,02
2026-05-13 10:25:08;132978,73
2026-05-13 10:25:08;250000
2026-05-13 10:25:08;382653,03
2026-05-13 10:25:08;90579,71
2026-05-13 10:25:08;93283,586
2026-05-13 10:25:08;240384,61
2026-05-13 10:25:08;162337,66
2026-05-13 10:25:08;65789,48
2026-05-13 10:25:08;198412,7
2026-05-13 10:25:08;229357,78
2026-05-13 10:25:08;267857,16
2026-05-13 10:25:08;203804,34
2026-05-13 10:25:08;175233,64
2026-05-13 10:25:08;164473,67
2026-05-13 10:25:08;352112,7
2026-05-13 10:25:08;50813,01
2026-05-13 10:25:08;186567,17
2026-05-13 10:25:08;208333,33
2026-05-13 10:25:08;203252,05
2026-05-13 10:25:08;215517,23
2026-05-13 10:25:08;367647,06
2026-05-13 10:25:08;111607,15
2026-05-13 10:25:08;240384,61
2026-05-13 10:25:08;240384,64
2026-05-13 10:25:08;160256,4
2026-05-13 10:25:08;92592,586
2026-05-13 10:25:08;147058,83
2026-05-13 10:25:08;178571,44
2026-05-13 10:25:08;223214,3
2026-05-13 10:25:08;173611,11
2026-05-13 10:25:08;160256,4
2026-05-13 10:25:08;156250,02
2026-05-13 10:25:08;371287,12
2026-05-13 10:25:08;173611,11
2026-05-13 10:25:08;431034,47
2026-05-13 10:25:08;183823,53
2026-05-13 10:25:08;243506,48
2026-05-13 10:25:08;130208,336
2026-05-13 10:25:08;210674,14
2026-05-13 10:25:08;211864,4
2026-05-13 10:25:08;67204,305
2026-05-13 10:25:08;154321
2026-05-13 10:25:08;218023,27
2026-05-13 10:25:08;300480,75
2026-05-13 10:25:08;320512,8
2026-05-13 10:25:08;125000
2026-05-13 10:25:08;182038,83
2026-05-13 10:25:08;148809,53
2026-05-13 10:25:08;290697,7
2026-05-13 10:25:08;115740,75
2026-05-13 10:25:08;110294,125
2026-05-13 10:25:08;208333,33
2026-05-13 10:25:08;362318,84
2026-05-13 10:25:08;500000
2026-05-13 10:25:08;148809,53
2026-05-13 10:25:08;223214,3
2026-05-13 10:25:08;171232,88
2026-05-13 10:25:08;245098,03
2026-05-13 10:25:08;223214,3
2026-05-13 10:25:08;140449,44
2026-05-13 10:25:08;320512,8
2026-05-13 10:25:08;204248,38
2026-05-13 10:25:08;269396,56
2026-05-13 10:25:08;213675,23
2026-05-13 10:25:08;81168,83
2026-05-13 10:25:08;138888,89
2026-05-13 10:25:08;168918,92
2026-05-13 10:25:08;157232,72
2026-05-13 10:25:08;115207,375
2026-05-13 10:25:08;175233,64
2026-05-13 10:25:08;178571,44
2026-05-13 10:25:08;302419,34
2026-05-13 10:25:08;167410,72
2026-05-13 10:25:08;113636,37
2026-05-13 10:25:08;173611,11
2026-05-13 10:25:08;126689,19
2026-05-13 10:25:08;121359,22
2026-05-13 10:25:08;136861,31
2026-05-13 10:25:08;238095,23
2026-05-13 10:25:08;116822,42
2026-05-13 10:25:08;211864,4
2026-05-13 10:25:08;94696,98
2026-05-13 10:25:08;137362,64
2026-05-13 10:25:08;131118,89
2026-05-13 10:25:08;160256,4
2026-05-13 10:25:08;203804,34
2026-05-13 10:25:08;350467,28
2026-05-13 10:25:08;117924,54
2026-05-13 10:25:08;145348,84
2026-05-13 10:25:08;147058,83
2026-05-13 10:25:08;235849,08
2026-05-13 10:25:08;294811,3
2026-05-13 10:25:08;82236,836
2026-05-13 10:25:08;135869,56
2026-05-13 10:25:08;206043,95
2026-05-13 10:25:08;215517,23
2026-05-13 10:25:08;238095,23
2026-05-13 10:25:08;353773,56
2026-05-13 10:25:08;357142,88
2026-05-13 10:25:08;147058,83
2026-05-13 10:25:08;128424,664
2026-05-13 10:25:08;142857,16
2026-05-13 10:25:08;359195,38
2026-05-13 10:25:08;79113,93
2026-05-13 10:25:08;96153,84
2026-05-13 10:25:08;256849,33
2026-05-13 10:25:08;56306,31
2026-05-13 10:25:08;93283,586
2026-05-13 10:25:08;233208,95
2026-05-13 10:25:08;217013,89
2026-05-13 10:25:08;297619,06
2026-05-13 10:25:08;58411,21
2026-05-13 10:25:08;252525,25
2026-05-13 10:25:08;163398,7
2026-05-13 10:25:08;284090,9
2026-05-13 10:25:08;134408,6
2026-05-13 10:25:08;328947,38
2026-05-13 10:25:08;256147,53
2026-05-13 10:25:08;158898,3
2026-05-13 10:25:08;166666,66
2026-05-13 10:25:08;231481,5
2026-05-13 10:25:08;118670,88
2026-05-13 10:25:08;183823,53
2026-05-13 10:25:08;123762,375
2026-05-13 10:25:08;258264,47
2026-05-13 10:25:08;175233,64
2026-05-13 10:25:08;260416,67
2026-05-13 10:25:08;208333,33
2026-05-13 10:25:08;197784,83
2026-05-13 10:25:08;122549,03
2026-05-13 10:25:08;121753,25
2026-05-13 10:25:08;163043,47
2026-05-13 10:25:08;147058,83
2026-05-13 10:25:08;229357,81
2026-05-13 10:25:08;115740,75
2026-05-13 10:25:08;381097,56
2026-05-13 10:25:08;120192,32
2026-05-13 10:25:08;178571,44
2026-05-13 10:25:08;187500
2026-05-13 10:25:08;195312,5
2026-05-13 10:25:08;93283,586
2026-05-13 10:25:08;139925,38
2026-05-13 10:25:08;284090,94
2026-05-13 10:25:08;228658,53
2026-05-13 10:25:08;268817,22
2026-05-13 10:25:08;175233,64
2026-05-13 10:25:08;281531,53
2026-05-13 10:25:08;268817,2
2026-05-13 10:25:08;145348,84
2026-05-13 10:25:08;135869,58
2026-05-13 10:25:08;84459,46
2026-05-13 10:25:08;235849,08
2026-05-13 10:25:08;375000
2026-05-13 10:25:08;165929,2
2026-05-13 10:25:08;66489,36
2026-05-13 10:25:08;77160,49
2026-05-13 10:25:08;213068,19
2026-05-13 10:25:08;267094,03
2026-05-13 10:25:08;297619,06
2026-05-13 10:25:08;91240,875
2026-05-13 10:25:09;347222,22
2026-05-13 10:25:09;185643,56
2026-05-13 10:25:09;120192,305
2026-05-13 10:25:09;378787,9
2026-05-13 10:25:09;235849,08
2026-05-13 10:25:09;257731,97
2026-05-13 10:25:09;183823,53
2026-05-13 10:25:09;154958,67
2026-05-13 10:25:09;279850,75
2026-05-13 10:25:09;309405,94
2026-05-13 10:25:09;193298,97
2026-05-13 10:25:09;125000
2026-05-13 10:25:09;94696,97
2026-05-13 10:25:09;156250
2026-05-13 10:25:09;163043,48
2026-05-13 10:25:09;198412,7
2026-05-13 10:25:09;206043,95
2026-05-13 10:25:09;63451,773
2026-05-13 10:25:09;210084,03
2026-05-13 10:25:09;154958,67
2026-05-13 10:25:09;290697,7
2026-05-13 10:25:09;265957,47
2026-05-13 10:25:09;127551,02
2026-05-13 10:25:09;201612,89
2026-05-13 10:25:09;63131,312
2026-05-13 10:25:09;53418,8
2026-05-13 10:25:09;324675,3
2026-05-13 10:25:09;312500,03
2026-05-13 10:25:09;153688,53
2026-05-13 10:25:09;231481,47
2026-05-13 10:25:09;67934,78
2026-05-13 10:25:09;183823,52
2026-05-13 10:25:09;204918,02
2026-05-13 10:25:09;250000
2026-05-13 10:25:09;238095,23
2026-05-13 10:25:09;145348,84
2026-05-13 10:25:09;201612,9
2026-05-13 10:25:09;160256,4
2026-05-13 10:25:09;343406,6
2026-05-13 10:25:09;183823,53
2026-05-13 10:25:09;271739,12
2026-05-13 10:25:09;328947,34
2026-05-13 10:25:09;170454,55
2026-05-13 10:25:09;198412,7
2026-05-13 10:25:09;185185,17
2026-05-13 10:25:09;275735,28
2026-05-13 10:25:09;137867,64
2026-05-13 10:25:09;96899,23
2026-05-13 10:25:09;390625
2026-05-13 10:25:09;182038,84
2026-05-13 10:25:09;199468,1
2026-05-13 10:25:09;127551,02
2026-05-13 10:25:09;178571,44
2026-05-13 10:25:09;96153,85
2026-05-13 10:25:09;132978,73
2026-05-13 10:25:09;105932,2
2026-05-13 10:25:09;215517,23
2026-05-13 10:25:09;224358,97
2026-05-13 10:25:09;170068,03
2026-05-13 10:25:09;111607,15
2026-05-13 10:25:09;86805,555
2026-05-13 10:25:09;182038,84
2026-05-13 10:25:09;151209,67
2026-05-13 10:25:09;211864,4
2026-05-13 10:25:09;127551,02
2026-05-13 10:25:09;89928,055
2026-05-13 10:25:09;112612,62
2026-05-13 10:25:09;297619,06
2026-05-13 10:25:09;66489,36
2026-05-13 10:25:09;187969,92
2026-05-13 10:25:09;130208,336
2026-05-13 10:25:09;306372,53
2026-05-13 10:25:09;286697,25
2026-05-13 10:25:09;62500
2026-05-13 10:25:09;231481,5
2026-05-13 10:25:09;154958,67
2026-05-13 10:25:09;181159,42
2026-05-13 10:25:09;125000
2026-05-13 10:25:09;99206,35
2026-05-13 10:25:09;219298,25
2026-05-13 10:25:09;105042,016
2026-05-13 10:25:09;106837,62
2026-05-13 10:25:09;117924,54
2026-05-13 10:25:09;192307,69
2026-05-13 10:25:09;178571,44
2026-05-13 10:25:09;123762,375
2026-05-13 10:25:09;73529,414
2026-05-13 10:25:09;258264,47
2026-05-13 10:25:09;83333,33
2026-05-13 10:25:09;NaN
2026-05-13 10:25:09;82236,84
2026-05-13 10:25:09;125000
2026-05-13 10:25:09;81168,836
2026-05-13 10:25:09;271739,12
2026-05-13 10:25:09;195312,5
2026-05-13 10:25:09;107758,62
2026-05-13 10:25:09;220588,25
2026-05-13 10:25:09;188253,02
2026-05-13 10:25:09;83892,625
2026-05-13 10:25:09;104166,664
2026-05-13 10:25:09;231481,5
2026-05-13 10:25:09;257352,94
2026-05-13 10:25:09;183823,53
2026-05-13 10:25:09;211864,4
2026-05-13 10:25:09;211864,4
2026-05-13 10:25:09;203804,34
2026-05-13 10:25:09;67204,3
2026-05-13 10:25:09;181159,42
2026-05-13 10:25:09;158898,3
2026-05-13 10:25:09;235849,08
2026-05-13 10:25:09;378787,88
2026-05-13 10:25:09;206043,95
2026-05-13 10:25:09;297619,06
2026-05-13 10:25:09;208333,33
2026-05-13 10:25:09;168918,92
2026-05-13 10:25:09;107758,62
2026-05-13 10:25:09;223214,3
2026-05-13 10:25:09;367647,06
2026-05-13 10:25:09;195312,5
2026-05-13 10:25:09;120192,32
2026-05-13 10:25:09;280898,88
2026-05-13 10:25:09;227272,73
2026-05-13 10:25:09;113636,37
2026-05-13 10:25:09;387168,12
2026-05-13 10:25:09;173611,12
2026-05-13 10:25:09;360576,94
2026-05-13 10:25:09;162337,66
2026-05-13 10:25:09;80128,2
2026-05-13 10:25:09;120192,32
2026-05-13 10:25:09;198412,69
2026-05-13 10:25:09;66489,37
2026-05-13 10:25:09;323275,84
2026-05-13 10:25:09;135869,56
2026-05-13 10:25:09;160256,4
2026-05-13 10:25:09;274725,28
2026-05-13 10:25:09;183823,52
2026-05-13 10:25:09;59523,81
2026-05-13 10:25:09;297619,06
2026-05-13 10:25:09;83333,336
2026-05-13 10:25:09;181159,42
2026-05-13 10:25:09;57603,688
2026-05-13 10:25:09;173611,11
2026-05-13 10:25:09;125000
2026-05-13 10:25:09;206611,58
2026-05-13 10:25:09;200000
2026-05-13 10:25:09;218023,25
2026-05-13 10:25:09;287356,3
2026-05-13 10:25:09;168918,92
2026-05-13 10:25:09;250000
2026-05-13 10:25:09;91911,76
2026-05-13 10:25:09;220588,22
2026-05-13 10:25:09;288461,53
2026-05-13 10:25:09;114678,91
2026-05-13 10:25:09;102459,01
2026-05-13 10:25:09;164473,67
2026-05-13 10:25:09;143678,17
2026-05-13 10:25:09;220588,25
2026-05-13 10:25:09;186567,17
2026-05-13 10:25:09;267857,16
2026-05-13 10:25:09;250000
2026-05-13 10:25:09;206043,95
2026-05-13 10:25:09;132978,72
2026-05-13 10:25:09;181159,42
2026-05-13 10:25:09;252525,25
2026-05-13 10:25:09;279850,72
2026-05-13 10:25:09;107758,62
2026-05-13 10:25:09;145348,84
2026-05-13 10:25:09;236742,44
2026-05-13 10:25:09;166223,4
2026-05-13 10:25:09;304878,06
2026-05-13 10:25:09;106837,6
2026-05-13 10:25:09;203804,34
2026-05-13 10:25:09;83892,625
2026-05-13 10:25:09;164473,69
2026-05-13 10:25:09;228658,53
2026-05-13 10:25:09;208333,33
2026-05-13 10:25:09;183823,52
2026-05-13 10:25:09;154702,97
2026-05-13 10:25:09;113636,37
2026-05-13 10:25:09;252525,25
2026-05-13 10:25:09;147058,83
2026-05-13 10:25:09;493421,06
2026-05-13 10:25:09;137362,64
2026-05-13 10:25:09;225903,61
2026-05-13 10:25:09;132275,12
2026-05-13 10:25:09;170454,53
2026-05-13 10:25:09;132978,73
2026-05-13 10:25:09;183823,53
2026-05-13 10:25:09;183823,53
2026-05-13 10:25:09;173611,11
2026-05-13 10:25:09;229357,78
2026-05-13 10:25:09;120192,305
2026-05-13 10:25:09;253378,4
2026-05-13 10:25:09;120192,32
2026-05-13 10:25:09;185643,56
2026-05-13 10:25:09;82236,84
2026-05-13 10:25:09;183823,53
2026-05-13 10:25:09;382653,1
2026-05-13 10:25:09;245098,06
2026-05-13 10:25:09;119047,62
2026-05-13 10:25:09;264084,5
2026-05-13 10:25:09;201612,9
2026-05-13 10:25:09;292056,1
2026-05-13 10:25:09;176056,34
2026-05-13 10:25:09;137362,64
2026-05-13 10:25:09;260416,67
2026-05-13 10:25:09;195312,5
2026-05-13 10:25:09;168918,92
2026-05-13 10:25:09;98425,195
2026-05-13 10:25:09;304878,06
2026-05-13 10:25:09;218023,25
2026-05-13 10:25:09;227272,73
2026-05-13 10:25:09;167785,25
2026-05-13 10:25:09;162337,66
2026-05-13 10:25:09;117187,5
2026-05-13 10:25:09;182748,55
2026-05-13 10:25:09;250000
2026-05-13 10:25:09;297619,06
2026-05-13 10:25:09;326086,94
2026-05-13 10:25:09;284090,94
2026-05-13 10:25:09;190839,69
2026-05-13 10:25:09;135869,56
2026-05-13 10:25:09;264084,5
2026-05-13 10:25:10;102459,01
2026-05-13 10:25:10;231481,5
2026-05-13 10:25:10;176056,34
2026-05-13 10:25:10;183823,53
2026-05-13 10:25:10;148809,53
2026-05-13 10:25:10;275735,28
2026-05-13 10:25:10;301204,8
2026-05-13 10:25:10;142045,45
2026-05-13 10:25:10;275735,3
2026-05-13 10:25:10;111607,15
2026-05-13 10:25:10;116459,625
2026-05-13 10:25:10;240384,61
2026-05-13 10:25:10;306372,53
2026-05-13 10:25:10;189393,95
2026-05-13 10:25:10;231481,5
2026-05-13 10:25:10;242718,44
2026-05-13 10:25:10;119426,76
2026-05-13 10:25:10;185643,56
2026-05-13 10:25:10;185185,17
2026-05-13 10:25:10;227272,73
2026-05-13 10:25:10;229357,78
2026-05-13 10:25:10;99206,35
2026-05-13 10:25:10;176056,34
2026-05-13 10:25:10;279850,75
2026-05-13 10:25:10;NaN
2026-05-13 10:25:10;130208,32
2026-05-13 10:25:10;150602,4
2026-05-13 10:25:10;315656,56
2026-05-13 10:25:10;227272,73
2026-05-13 10:25:10;131578,95
2026-05-13 10:25:10;355113,62
2026-05-13 10:25:10;181159,42
2026-05-13 10:25:10;98425,195
2026-05-13 10:25:10;215517,23
2026-05-13 10:25:10;160256,4
2026-05-13 10:25:10;238095,23
2026-05-13 10:25:10;213068,19
2026-05-13 10:25:10;79617,836
2026-05-13 10:25:10;168918,92
2026-05-13 10:25:10;281531,53
2026-05-13 10:25:10;157232,7
2026-05-13 10:25:10;217391,3
2026-05-13 10:25:10;240384,64
2026-05-13 10:25:10;294811,3
2026-05-13 10:25:10;267857,12
2026-05-13 10:25:10;140977,44
2026-05-13 10:25:10;187969,92
2026-05-13 10:25:10;173611,11
2026-05-13 10:25:10;122549,016
2026-05-13 10:25:10;117924,52
2026-05-13 10:25:10;248015,86
2026-05-13 10:25:10;98425,195
2026-05-13 10:25:10;217391,3
2026-05-13 10:25:10;217391,3
2026-05-13 10:25:10;120192,305
2026-05-13 10:25:10;115740,75
2026-05-13 10:25:10;247524,75
2026-05-13 10:25:10;89285,72
2026-05-13 10:25:10;186567,16
2026-05-13 10:25:10;68681,32
2026-05-13 10:25:10;181159,42
2026-05-13 10:25:10;210084,05
2026-05-13 10:25:10;180288,47
2026-05-13 10:25:10;235849,08
2026-05-13 10:25:10;183823,52
2026-05-13 10:25:10;227272,73
2026-05-13 10:25:10;297619,06
2026-05-13 10:25:10;133689,84
2026-05-13 10:25:10;154958,67
2026-05-13 10:25:10;137867,66
2026-05-13 10:25:10;125000
2026-05-13 10:25:10;173611,12
2026-05-13 10:25:10;135869,56
2026-05-13 10:25:10;102459,02
2026-05-13 10:25:10;182481,75
2026-05-13 10:25:10;211864,4
2026-05-13 10:25:10;168918,92
2026-05-13 10:25:10;161290,33
2026-05-13 10:25:10;288461,53
2026-05-13 10:25:10;167410,72
2026-05-13 10:25:10;201612,9
2026-05-13 10:25:10;171232,88
2026-05-13 10:25:10;135869,56
2026-05-13 10:25:10;161637,92
2026-05-13 10:25:10;148809,53
2026-05-13 10:25:10;180288,47
2026-05-13 10:25:10;94696,97
2026-05-13 10:25:10;117924,54
2026-05-13 10:25:10;242718,44
2026-05-13 10:25:10;113636,37
2026-05-13 10:25:10;317796,62
2026-05-13 10:25:10;210084,05
2026-05-13 10:25:10;215517,23
2026-05-13 10:25:10;271739,12
2026-05-13 10:25:10;185643,56
2026-05-13 10:25:10;135869,56
2026-05-13 10:25:10;204918,05
2026-05-13 10:25:10;231481,5
2026-05-13 10:25:10;157563,03
2026-05-13 10:25:10;NaN
2026-05-13 10:25:10;286697,25
2026-05-13 10:25:10;109649,125
2026-05-13 10:25:10;102459,01
2026-05-13 10:25:10;340909,1
2026-05-13 10:25:10;179425,84
2026-05-13 10:25:10;148809,53
2026-05-13 10:25:10;158227,84
2026-05-13 10:25:10;164473,67
2026-05-13 10:25:10;120967,74
2026-05-13 10:25:10;182038,83
2026-05-13 10:25:10;256147,53
2026-05-13 10:25:10;297619,06
2026-05-13 10:25:10;262605,03
2026-05-13 10:25:10;88028,17
2026-05-13 10:25:10;223214,3
2026-05-13 10:25:10;233644,88
2026-05-13 10:25:10;134408,61
2026-05-13 10:25:10;289351,84
2026-05-13 10:25:10;164473,69
2026-05-13 10:25:10;135869,56
2026-05-13 10:25:10;225903,61
2026-05-13 10:25:10;231481,47
2026-05-13 10:25:10;211864,4
2026-05-13 10:25:10;116822,42
2026-05-13 10:25:10;371287,12
2026-05-13 10:25:10;NaN
2026-05-13 10:25:10;284090,9
2026-05-13 10:25:10;262605,03
2026-05-13 10:25:10;275735,28
2026-05-13 10:25:10;113636,37
2026-05-13 10:25:10;240384,61
2026-05-13 10:25:10;256147,53
2026-05-13 10:25:10;242718,44
2026-05-13 10:25:10;225903,61
2026-05-13 10:25:10;147058,83
2026-05-13 10:25:10;153688,53
2026-05-13 10:25:10;189393,95
2026-05-13 10:25:10;204918,02
2026-05-13 10:25:10;122549,016
2026-05-13 10:25:10;133928,58
2026-05-13 10:25:10;125000
2026-05-13 10:25:10;201612,89
2026-05-13 10:25:10;151209,67
2026-05-13 10:25:10;247524,75
2026-05-13 10:25:10;206043,95
2026-05-13 10:25:10;213068,19
2026-05-13 10:25:10;286259,53
2026-05-13 10:25:10;158898,31
2026-05-13 10:25:10;306372,53
2026-05-13 10:25:10;165929,2
2026-05-13 10:25:10;198412,7
2026-05-13 10:25:10;206043,95
2026-05-13 10:25:10;229357,81
2026-05-13 10:25:10;70224,72
2026-05-13 10:25:10;287356,3
2026-05-13 10:25:10;223214,3
2026-05-13 10:25:10;170068,03
2026-05-13 10:25:10;231481,5
2026-05-13 10:25:10;250000
2026-05-13 10:25:10;103021,98
2026-05-13 10:25:10;105932,21
2026-05-13 10:25:10;164473,67
2026-05-13 10:25:10;161637,94
2026-05-13 10:25:10;271739,16
2026-05-13 10:25:10;297619,06
2026-05-13 10:25:10;262605,03
2026-05-13 10:25:10;229357,78
2026-05-13 10:25:10;93984,96
2026-05-13 10:25:10;229357,81
2026-05-13 10:25:10;96153,84
2026-05-13 10:25:10;265957,44
2026-05-13 10:25:10;186567,17
2026-05-13 10:25:10;132042,25
2026-05-13 10:25:10;363372,1
2026-05-13 10:25:10;143678,16
2026-05-13 10:25:10;245098,03
2026-05-13 10:25:10;156250
2026-05-13 10:25:10;227272,73
2026-05-13 10:25:10;224820,16
2026-05-13 10:25:10;NaN
2026-05-13 10:25:10;334821,44
2026-05-13 10:25:10;115740,734
2026-05-13 10:25:10;154321
2026-05-13 10:25:10;328947,34
2026-05-13 10:25:10;208333,33
2026-05-13 10:25:10;134892,08
2026-05-13 10:25:10;183823,52
2026-05-13 10:25:10;215517,23
2026-05-13 10:25:10;163612,56
2026-05-13 10:25:10;228102,19
2026-05-13 10:25:10;131118,89
2026-05-13 10:25:10;122549,03
2026-05-13 10:25:10;233644,84
2026-05-13 10:25:10;340909,1
2026-05-13 10:25:10;359195,38
2026-05-13 10:25:10;185185,17
2026-05-13 10:25:10;215517,23
2026-05-13 10:25:10;203252,05
2026-05-13 10:25:10;322164,97
2026-05-13 10:25:10;178571,42
2026-05-13 10:25:10;215517,23
2026-05-13 10:25:10;170454,55
2026-05-13 10:25:10;96153,84
2026-05-13 10:25:10;148809,53
2026-05-13 10:25:10;215517,23
2026-05-13 10:25:10;98167,53
2026-05-13 10:25:10;152439,03
2026-05-13 10:25:10;191326,52
2026-05-13 10:25:10;225225,2
2026-05-13 10:25:10;NaN
2026-05-13 10:25:10;NaN
2026-05-13 10:25:10;138121,55
2026-05-13 10:25:10;162760,42
2026-05-13 10:25:10;178571,44
2026-05-13 10:25:10;104166,664
2026-05-13 10:25:10;267857,16
2026-05-13 10:25:10;281531,53
2026-05-13 10:25:10;NaN
2026-05-13 10:25:10;NaN
2026-05-13 10:25:10;342465,75
2026-05-13 10:25:10;152439,02
2026-05-13 10:25:10;176056,34
2026-05-13 10:25:10;191326,52
2026-05-13 10:25:10;121753,25
2026-05-13 10:25:10;110619,47
2026-05-13 10:25:10;213068,19
2026-05-13 10:25:10;127551,02
2026-05-13 10:25:10;122549,016
2026-05-13 10:25:10;138274,34
2026-05-13 10:25:10;183823,53
2026-05-13 10:25:10;115740,75
2026-05-13 10:25:10;117924,54
2026-05-13 10:25:10;357142,88
2026-05-13 10:25:10;90579,71
2026-05-13 10:25:10;123355,266
2026-05-13 10:25:11;106837,6
2026-05-13 10:25:11;60096,152
2026-05-13 10:25:11;271739,12
2026-05-13 10:25:11;210084,05
2026-05-13 10:25:11;128865,984
2026-05-13 10:25:11;231481,5
2026-05-13 10:25:11;147058,83
2026-05-13 10:25:11;142045,45
2026-05-13 10:25:11;156250,02
2026-05-13 10:25:11;182481,75
2026-05-13 10:25:11;73529,414
2026-05-13 10:25:11;219298,25
2026-05-13 10:25:11;143678,16
2026-05-13 10:25:11;215517,23
2026-05-13 10:25:11;200000
2026-05-13 10:25:11;189393,94
2026-05-13 10:25:11;288461,53
2026-05-13 10:25:11;157563,02
2026-05-13 10:25:11;161637,92
2026-05-13 10:25:11;69444,445
2026-05-13 10:25:11;271739,12
2026-05-13 10:25:11;185643,56
2026-05-13 10:25:11;218023,27
2026-05-13 10:25:11;130208,32
2026-05-13 10:25:11;271739,12
2026-05-13 10:25:11;152439,03
2026-05-13 10:25:11;192307,69
2026-05-13 10:25:11;58411,21
2026-05-13 10:25:11;NaN
2026-05-13 10:25:11;148809,53
2026-05-13 10:25:11;125000
2026-05-13 10:25:11;292056,1
2026-05-13 10:25:11;334821,44
2026-05-13 10:25:11;170454,55
2026-05-13 10:25:11;83705,36
2026-05-13 10:25:11;180288,47
2026-05-13 10:25:11;351123,6
2026-05-13 10:25:11;264084,5
2026-05-13 10:25:11;91240,875
2026-05-13 10:25:11;173611,11
2026-05-13 10:25:11;294117,66
2026-05-13 10:25:11;252525,25
2026-05-13 10:25:11;76219,516
2026-05-13 10:25:11;213068,19
2026-05-13 10:25:11;82236,836
2026-05-13 10:25:11;264830,53
2026-05-13 10:25:11;84459,46
2026-05-13 10:25:11;240384,64
2026-05-13 10:25:11;NaN
2026-05-13 10:25:11;121359,22
2026-05-13 10:25:11;140449,44
2026-05-13 10:25:11;367647,03
2026-05-13 10:25:11;250000
2026-05-13 10:25:11;143678,16
2026-05-13 10:25:11;294811,3
2026-05-13 10:25:11;152439,02
2026-05-13 10:25:11;347222,28
2026-05-13 10:25:11;104748,6
2026-05-13 10:25:11;147058,83
2026-05-13 10:25:11;297619,06
2026-05-13 10:25:11;203804,34
2026-05-13 10:25:11;242718,44
2026-05-13 10:25:11;416666,66
2026-05-13 10:25:11;180288,47
2026-05-13 10:25:11;184911,23
2026-05-13 10:25:11;312500,03
2026-05-13 10:25:11;147637,8
2026-05-13 10:25:11;384615,38
2026-05-13 10:25:11;225225,23
2026-05-13 10:25:11;353773,6
2026-05-13 10:25:11;132415,27
2026-05-13 10:25:11;240384,61
2026-05-13 10:25:11;201612,9
2026-05-13 10:25:11;NaN
2026-05-13 10:25:11;167410,72
2026-05-13 10:25:11;208333,33
2026-05-13 10:25:11;169836,97
2026-05-13 10:25:11;189393,95
2026-05-13 10:25:11;135869,56
2026-05-13 10:25:11;234375
2026-05-13 10:25:11;234375
2026-05-13 10:25:11;176056,34
2026-05-13 10:25:11;97150,266
2026-05-13 10:25:11;122549,03
2026-05-13 10:25:11;183823,53
2026-05-13 10:25:11;201612,89
2026-05-13 10:25:11;112612,62
2026-05-13 10:25:11;243506,48
2026-05-13 10:25:11;158227,86
2026-05-13 10:25:11;292968,75
2026-05-13 10:25:11;152439,03
2026-05-13 10:25:11;104166,664
2026-05-13 10:25:11;164473,69
2026-05-13 10:25:11;73964,5
2026-05-13 10:25:11;233644,84
2026-05-13 10:25:11;238095,23
2026-05-13 10:25:11;260416,67
2026-05-13 10:25:11;378787,9
2026-05-13 10:25:11;183823,53
2026-05-13 10:25:11;140449,44
2026-05-13 10:25:11;371287,12
2026-05-13 10:25:11;117521,375
2026-05-13 10:25:11;257731,97
2026-05-13 10:25:11;245098,06
2026-05-13 10:25:11;198412,7
2026-05-13 10:25:11;158227,84
2026-05-13 10:25:11;235849,05
2026-05-13 10:25:11;NaN
2026-05-13 10:25:11;290697,7
2026-05-13 10:25:11;238095,23
2026-05-13 10:25:11;176056,34
2026-05-13 10:25:11;211148,66
2026-05-13 10:25:11;185643,56
2026-05-13 10:25:11;382653,03
2026-05-13 10:25:11;162337,67
2026-05-13 10:25:11;178571,44
2026-05-13 10:25:11;125000,016
2026-05-13 10:25:11;187500
2026-05-13 10:25:11;238095,23
2026-05-13 10:25:11;166666,66
2026-05-13 10:25:11;334821,44
2026-05-13 10:25:11;85034,016
2026-05-13 10:25:11;147058,83
2026-05-13 10:25:11;328947,38
2026-05-13 10:25:11;251677,86
2026-05-13 10:25:11;195312,5
2026-05-13 10:25:11;142045,45
2026-05-13 10:25:11;271739,12
2026-05-13 10:25:11;148809,53
2026-05-13 10:25:11;337837,84
2026-05-13 10:25:11;217013,89
2026-05-13 10:25:11;193298,97
2026-05-13 10:25:11;198412,7
2026-05-13 10:25:11;82236,836
2026-05-13 10:25:11;183823,52
2026-05-13 10:25:11;176056,34
2026-05-13 10:25:11;240384,61
2026-05-13 10:25:11;180288,47
2026-05-13 10:25:11;234375
2026-05-13 10:25:11;126262,625
2026-05-13 10:25:11;493421,06
2026-05-13 10:25:11;285947,72
2026-05-13 10:25:11;122549,016
2026-05-13 10:25:11;233644,88
2026-05-13 10:25:11;89285,72
2026-05-13 10:25:11;154320,98
2026-05-13 10:25:11;367647,06
2026-05-13 10:25:11;168918,92
2026-05-13 10:25:11;130208,336
2026-05-13 10:25:11;300480,78
2026-05-13 10:25:11;260416,67
2026-05-13 10:25:11;79617,836
2026-05-13 10:25:11;206043,95
2026-05-13 10:25:11;156250
2026-05-13 10:25:11;157828,28
2026-05-13 10:25:11;122549,016
2026-05-13 10:25:11;NaN
2026-05-13 10:25:11;218023,25
2026-05-13 10:25:11;164473,67
2026-05-13 10:25:11;223214,3
2026-05-13 10:25:11;138888,89
2026-05-13 10:25:11;176886,8
2026-05-13 10:25:11;93984,96
2026-05-13 10:25:11;89285,72
2026-05-13 10:25:11;189393,94
2026-05-13 10:25:11;206043,95
2026-05-13 10:25:11;240384,64
2026-05-13 10:25:11;189393,95
2026-05-13 10:25:11;116822,42
2026-05-13 10:25:11;173611,1
2026-05-13 10:25:11;156250
2026-05-13 10:25:11;240384,61
2026-05-13 10:25:11;254065,03
2026-05-13 10:25:11;312500,03
2026-05-13 10:25:11;175233,66
2026-05-13 10:25:11;225903,61
2026-05-13 10:25:11;168918,92
2026-05-13 10:25:11;245098,03
2026-05-13 10:25:11;260416,67
2026-05-13 10:25:11;312500
2026-05-13 10:25:11;267857,16
2026-05-13 10:25:11;246710,53
2026-05-13 10:25:11;77160,5
2026-05-13 10:25:11;219298,25
2026-05-13 10:25:11;168918,92
2026-05-13 10:25:11;103305,79
2026-05-13 10:25:11;134892,08
2026-05-13 10:25:11;152439,02
2026-05-13 10:25:11;242718,44
2026-05-13 10:25:11;156250
2026-05-13 10:25:11;108695,65
2026-05-13 10:25:11;201612,9
2026-05-13 10:25:11;235849,08
2026-05-13 10:25:11;106534,09
2026-05-13 10:25:11;211148,66
2026-05-13 10:25:11;260416,67
2026-05-13 10:25:11;148809,53
2026-05-13 10:25:11;131118,89
2026-05-13 10:25:11;147637,8
2026-05-13 10:25:11;127551,02
2026-05-13 10:25:11;312500,03
2026-05-13 10:25:11;259067,34
2026-05-13 10:25:11;381097,56
2026-05-13 10:25:11;187969,92
2026-05-13 10:25:11;NaN
2026-05-13 10:25:11;NaN
2026-05-13 10:25:11;353773,56
2026-05-13 10:25:11;95419,84
2026-05-13 10:25:11;108381,51
2026-05-13 10:25:11;127986,34
2026-05-13 10:25:11;152439,03
2026-05-13 10:25:11;157563,03
2026-05-13 10:25:11;195312,48
2026-05-13 10:25:11;147637,8
2026-05-13 10:25:11;186567,17
2026-05-13 10:25:11;187500
2026-05-13 10:25:11;129310,34
2026-05-13 10:25:11;252525,25
2026-05-13 10:25:11;284090,94
2026-05-13 10:25:11;292968,75
2026-05-13 10:25:11;446428,6
2026-05-13 10:25:11;NaN
2026-05-13 10:25:11;176886,8
2026-05-13 10:25:11;290697,7
2026-05-13 10:25:11;231481,5
2026-05-13 10:25:12;260416,67
2026-05-13 10:25:12;142045,45
2026-05-13 10:25:12;274122,8
2026-05-13 10:25:12;233208,95
2026-05-13 10:25:12;130208,32
2026-05-13 10:25:12;294117,66
2026-05-13 10:25:12;151209,67
2026-05-13 10:25:12;333333,3
2026-05-13 10:25:12;231481,5
2026-05-13 10:25:12;353773,6
2026-05-13 10:25:12;183823,52
2026-05-13 10:25:12;182038,84
2026-05-13 10:25:12;164473,69
2026-05-13 10:25:12;245098,03
2026-05-13 10:25:12;252525,25
2026-05-13 10:25:12;115740,75
2026-05-13 10:25:12;271739,12
2026-05-13 10:25:12;231481,47
2026-05-13 10:25:12;193298,97
2026-05-13 10:25:12;206043,95
2026-05-13 10:25:12;57339,453
2026-05-13 10:25:12;196540,89
2026-05-13 10:25:12;258264,47
2026-05-13 10:25:12;258264,47
2026-05-13 10:25:12;352112,7
2026-05-13 10:25:12;210674,14
2026-05-13 10:25:12;150000
2026-05-13 10:25:12;226449,27
2026-05-13 10:25:12;193298,95
2026-05-13 10:25:12;185643,56
2026-05-13 10:25:12;183823,52
2026-05-13 10:25:12;231481,5
2026-05-13 10:25:12;367647,06
2026-05-13 10:25:12;231481,47
2026-05-13 10:25:12;223214,3
2026-05-13 10:25:12;181159,42
2026-05-13 10:25:12;229779,42
2026-05-13 10:25:12;182038,83
2026-05-13 10:25:12;320512,8
2026-05-13 10:25:12;152439,02
2026-05-13 10:25:12;252016,14
2026-05-13 10:25:12;215517,23
2026-05-13 10:25:12;275735,28
2026-05-13 10:25:12;160256,4
2026-05-13 10:25:12;114329,266
2026-05-13 10:25:12;309917,34
2026-05-13 10:25:12;156250
2026-05-13 10:25:12;179856,12
2026-05-13 10:25:12;155279,5
2026-05-13 10:25:12;208333,34
2026-05-13 10:25:12;171232,88
2026-05-13 10:25:12;91240,88
2026-05-13 10:25:12;183823,53
2026-05-13 10:25:12;103021,98
2026-05-13 10:25:12;242718,44
2026-05-13 10:25:12;446428,6
2026-05-13 10:25:12;185185,17
2026-05-13 10:25:12;235849,08
2026-05-13 10:25:12;151209,67
2026-05-13 10:25:12;127551,02
2026-05-13 10:25:12;301204,8
2026-05-13 10:25:12;252525,25
2026-05-13 10:25:12;265957,44
2026-05-13 10:25:12;142045,47
2026-05-13 10:25:12;262605,03
2026-05-13 10:25:12;135869,56
2026-05-13 10:25:12;105337,086
2026-05-13 10:25:12;213675,23
2026-05-13 10:25:12;125000
2026-05-13 10:25:12;189393,95
2026-05-13 10:25:12;210674,14
2026-05-13 10:25:12;91911,766
2026-05-13 10:25:12;85227,266
2026-05-13 10:25:12;NaN
2026-05-13 10:25:12;139925,38
2026-05-13 10:25:12;122549,016
2026-05-13 10:25:12;229357,78
2026-05-13 10:25:12;210084,05
2026-05-13 10:25:12;111607,15
2026-05-13 10:25:12;146198,84
2026-05-13 10:25:12;120192,32
2026-05-13 10:25:12;176056,34
2026-05-13 10:25:12;195312,5
2026-05-13 10:25:12;128865,984
2026-05-13 10:25:12;136861,31
2026-05-13 10:25:12;367647,03
2026-05-13 10:25:12;63775,51
2026-05-13 10:25:12;181159,4
2026-05-13 10:25:12;223214,3
2026-05-13 10:25:12;114678,91
2026-05-13 10:25:12;171232,88
2026-05-13 10:25:12;181159,42
2026-05-13 10:25:12;140449,44
2026-05-13 10:25:12;328947,34
2026-05-13 10:25:12;247524,75
2026-05-13 10:25:12;75301,2
2026-05-13 10:25:12;252525,25
2026-05-13 10:25:12;125000
2026-05-13 10:25:12;69444,445
2026-05-13 10:25:12;173611,11
2026-05-13 10:25:12;181159,42
2026-05-13 10:25:12;245098,03
2026-05-13 10:25:12;134892,1
2026-05-13 10:25:12;171232,88
2026-05-13 10:25:12;112612,62
2026-05-13 10:25:12;231481,5
2026-05-13 10:25:12;182038,83
2026-05-13 10:25:12;292968,75
2026-05-13 10:25:12;319343,06
2026-05-13 10:25:12;204918,05
2026-05-13 10:25:12;192307,69
2026-05-13 10:25:12;185643,56
2026-05-13 10:25:12;260416,64
2026-05-13 10:25:12;192307,69
2026-05-13 10:25:12;215517,23
2026-05-13 10:25:12;105932,2
2026-05-13 10:25:12;352112,7
2026-05-13 10:25:12;142045,45
2026-05-13 10:25:12;253378,38
2026-05-13 10:25:12;184911,23
2026-05-13 10:25:12;189393,94
2026-05-13 10:25:12;158227,84
2026-05-13 10:25:12;122549,03
2026-05-13 10:25:12;197368,42
2026-05-13 10:25:12;218023,25
2026-05-13 10:25:12;137867,66
2026-05-13 10:25:12;164473,67
2026-05-13 10:25:12;130208,336
2026-05-13 10:25:12;160256,4
2026-05-13 10:25:12;89285,72
2026-05-13 10:25:12;171232,88
2026-05-13 10:25:12;320512,8
2026-05-13 10:25:12;215517,23
2026-05-13 10:25:12;173611,11
2026-05-13 10:25:12;189393,94
2026-05-13 10:25:12;145348,84
2026-05-13 10:25:12;135869,58
2026-05-13 10:25:12;243506,48
2026-05-13 10:25:12;172018,34
2026-05-13 10:25:12;336021,53
2026-05-13 10:25:12;111607,15
2026-05-13 10:25:12;231481,5
2026-05-13 10:25:12;264830,53
2026-05-13 10:25:12;284090,9
2026-05-13 10:25:12;320512,8
2026-05-13 10:25:12;NaN
2026-05-13 10:25:12;218023,27
2026-05-13 10:25:12;226449,3
2026-05-13 10:25:12;177304,97
2026-05-13 10:25:12;109170,31
2026-05-13 10:25:12;240384,61
2026-05-13 10:25:12;135869,56
2026-05-13 10:25:12;203252,05
2026-05-13 10:25:12;198412,7
2026-05-13 10:25:12;168918,92
2026-05-13 10:25:12;120192,305
2026-05-13 10:25:12;213068,19
2026-05-13 10:25:12;333333,34
2026-05-13 10:25:12;95419,84
2026-05-13 10:25:12;137362,64
2026-05-13 10:25:12;284090,9
2026-05-13 10:25:12;178571,44
2026-05-13 10:25:12;176886,8
2026-05-13 10:25:12;178571,44
2026-05-13 10:25:12;117924,54
2026-05-13 10:25:12;181686,05
2026-05-13 10:25:12;191326,55
2026-05-13 10:25:12;201612,9
2026-05-13 10:25:12;193298,95
2026-05-13 10:25:12;104166,664
2026-05-13 10:25:12;168918,92
2026-05-13 10:25:12;56818,184
2026-05-13 10:25:12;193298,97
2026-05-13 10:25:12;231481,5
2026-05-13 10:25:12;180288,47
2026-05-13 10:25:12;120192,32
2026-05-13 10:25:12;245098,03
2026-05-13 10:25:12;156250,02
2026-05-13 10:25:12;61274,508
2026-05-13 10:25:12;210084,05
2026-05-13 10:25:12;96153,84
2026-05-13 10:25:12;193798,45
2026-05-13 10:25:12;382653,1
2026-05-13 10:25:12;81168,836
2026-05-13 10:25:12;103305,79
2026-05-13 10:25:12;147637,8
2026-05-13 10:25:12;176886,78
2026-05-13 10:25:12;157563,03
2026-05-13 10:25:12;108695,664
2026-05-13 10:25:12;367647,06
2026-05-13 10:25:12;78616,35
2026-05-13 10:25:12;189393,94
2026-05-13 10:25:12;247524,75
2026-05-13 10:25:12;104166,67
2026-05-13 10:25:12;307377,06
2026-05-13 10:25:12;163043,47
2026-05-13 10:25:12;90579,71
2026-05-13 10:25:12;306372,53
2026-05-13 10:25:12;130208,336
2026-05-13 10:25:12;67934,78
2026-05-13 10:25:12;230263,16
2026-05-13 10:25:12;235849,08
2026-05-13 10:25:12;130208,336
2026-05-13 10:25:12;198412,7
2026-05-13 10:25:12;250000
2026-05-13 10:25:12;195312,5
2026-05-13 10:25:12;308642
2026-05-13 10:25:12;57870,375
2026-05-13 10:25:12;217391,3
2026-05-13 10:25:12;71839,08
2026-05-13 10:25:12;191326,52
2026-05-13 10:25:12;122549,016
2026-05-13 10:25:13;160256,4
2026-05-13 10:25:13;135869,56
2026-05-13 10:25:13;171232,88
2026-05-13 10:25:13;191326,55
2026-05-13 10:25:13;180288,47
2026-05-13 10:25:13;174825,17
2026-05-13 10:25:13;136861,33
2026-05-13 10:25:13;71022,73
2026-05-13 10:25:13;173611,11
2026-05-13 10:25:13;290697,7
2026-05-13 10:25:13;367647,06
2026-05-13 10:25:13;90579,71
2026-05-13 10:25:13;131578,95
2026-05-13 10:25:13;74404,766
2026-05-13 10:25:13;127551,02
2026-05-13 10:25:13;256147,53
2026-05-13 10:25:13;220588,25
2026-05-13 10:25:13;242718,44
2026-05-13 10:25:13;113636,37
2026-05-13 10:25:13;153688,53
2026-05-13 10:25:13;183823,53
2026-05-13 10:25:13;258264,47
2026-05-13 10:25:13;152439,03
2026-05-13 10:25:13;82236,836
2026-05-13 10:25:13;171232,88
2026-05-13 10:25:13;145348,84
2026-05-13 10:25:13;185185,19
2026-05-13 10:25:13;224820,12
2026-05-13 10:25:13;390625
2026-05-13 10:25:13;201612,89
2026-05-13 10:25:13;211864,4
2026-05-13 10:25:13;206043,95
2026-05-13 10:25:13;245098,03
2026-05-13 10:25:13;120192,305
2026-05-13 10:25:13;93283,58
2026-05-13 10:25:13;378787,88
2026-05-13 10:25:13;144230,77
2026-05-13 10:25:13;301204,8
2026-05-13 10:25:13;156250,02
2026-05-13 10:25:13;138888,89
2026-05-13 10:25:13;284090,94
2026-05-13 10:25:13;86805,555
2026-05-13 10:25:13;218023,25
2026-05-13 10:25:13;303398,06
2026-05-13 10:25:13;121359,22
2026-05-13 10:25:13;115740,75
2026-05-13 10:25:13;215517,23
2026-05-13 10:25:13;210674,14
2026-05-13 10:25:13;176056,34
2026-05-13 10:25:13;197368,44
2026-05-13 10:25:13;56818,184
2026-05-13 10:25:13;267857,12
2026-05-13 10:25:13;210674,17
2026-05-13 10:25:13;240384,64
2026-05-13 10:25:13;178571,44
2026-05-13 10:25:13;198412,7
2026-05-13 10:25:13;116822,42
2026-05-13 10:25:13;76687,12
2026-05-13 10:25:13;333333,3
2026-05-13 10:25:13;355113,62
2026-05-13 10:25:13;117924,54
2026-05-13 10:25:13;131578,95
2026-05-13 10:25:13;172018,34
2026-05-13 10:25:13;160256,4
2026-05-13 10:25:13;185643,56
2026-05-13 10:25:13;147637,8
2026-05-13 10:25:13;242718,44
2026-05-13 10:25:13;165929,19
2026-05-13 10:25:13;143678,16
2026-05-13 10:25:13;58962,27
2026-05-13 10:25:13;147058,83
2026-05-13 10:25:13;280898,88
2026-05-13 10:25:13;131118,89
2026-05-13 10:25:13;206611,58
2026-05-13 10:25:13;264084,5
2026-05-13 10:25:13;312500
2026-05-13 10:25:13;219298,25
2026-05-13 10:25:13;235849,08
2026-05-13 10:25:13;NaN
2026-05-13 10:25:13;117924,54
2026-05-13 10:25:13;120192,305
2026-05-13 10:25:13;185643,56
2026-05-13 10:25:13;NaN
2026-05-13 10:25:13;235849,08
2026-05-13 10:25:13;154958,67
2026-05-13 10:25:13;231481,5
2026-05-13 10:25:13;192307,69
2026-05-13 10:25:13;125000
2026-05-13 10:25:13;179856,12
2026-05-13 10:25:13;211864,4
2026-05-13 10:25:13;NaN
2026-05-13 10:25:13;161290,33
2026-05-13 10:25:13;184911,23
2026-05-13 10:25:13;211864,4
2026-05-13 10:25:13;105932,2
2026-05-13 10:25:13;304878,03
2026-05-13 10:25:13;160256,4
2026-05-13 10:25:13;83333,33
2026-05-13 10:25:13;378787,88
2026-05-13 10:25:13;145348,84
2026-05-13 10:25:13;185643,56
2026-05-13 10:25:13;250000
2026-05-13 10:25:13;138888,89
2026-05-13 10:25:13;256849,33
2026-05-13 10:25:13;160256,4
2026-05-13 10:25:13;189393,94
2026-05-13 10:25:13;137362,64
2026-05-13 10:25:13;247524,75
2026-05-13 10:25:13;131578,95
2026-05-13 10:25:13;125838,93
2026-05-13 10:25:13;120192,305
2026-05-13 10:25:13;154321
2026-05-13 10:25:13;303398,06
2026-05-13 10:25:13;133928,58
2026-05-13 10:25:13;181686,05
2026-05-13 10:25:13;328947,34
2026-05-13 10:25:13;363372,1
2026-05-13 10:25:13;120967,74
2026-05-13 10:25:13;364077,66
2026-05-13 10:25:13;132978,72
2026-05-13 10:25:13;130208,336
2026-05-13 10:25:13;306372,53
2026-05-13 10:25:13;193298,95
2026-05-13 10:25:13;181159,42
2026-05-13 10:25:13;227272,73
2026-05-13 10:25:13;347222,22
2026-05-13 10:25:13;347222,22
2026-05-13 10:25:13;142045,45
2026-05-13 10:25:13;203804,34
2026-05-13 10:25:13;174825,17
2026-05-13 10:25:13;234962,4
2026-05-13 10:25:13;227272,73
2026-05-13 10:25:13;300480,75
2026-05-13 10:25:13;113636,37
2026-05-13 10:25:13;153374,23
2026-05-13 10:25:13;157563,02
2026-05-13 10:25:13;240384,64
2026-05-13 10:25:13;122549,016
2026-05-13 10:25:13;85616,44
2026-05-13 10:25:13;191326,55
2026-05-13 10:25:13;158227,86
2026-05-13 10:25:13;240384,61
2026-05-13 10:25:13;64432,992
2026-05-13 10:25:13;171232,88
2026-05-13 10:25:13;161290,33
2026-05-13 10:25:13;176886,8
2026-05-13 10:25:13;260416,67
2026-05-13 10:25:13;168918,92
2026-05-13 10:25:13;119047,62
2026-05-13 10:25:13;190839,69
2026-05-13 10:25:13;187500
2026-05-13 10:25:13;122549,016
2026-05-13 10:25:13;71839,08
2026-05-13 10:25:13;100000
2026-05-13 10:25:13;154958,67
2026-05-13 10:25:13;189393,94
2026-05-13 10:25:13;178571,44
2026-05-13 10:25:13;233644,84
2026-05-13 10:25:13;54824,562
2026-05-13 10:25:13;163043,47
2026-05-13 10:25:13;206611,58
2026-05-13 10:25:13;153374,23
2026-05-13 10:25:13;208333,33
2026-05-13 10:25:13;231481,5
2026-05-13 10:25:13;312500,03
2026-05-13 10:25:13;81168,836
2026-05-13 10:25:13;73529,414
2026-05-13 10:25:13;200000
2026-05-13 10:25:13;173611,11
2026-05-13 10:25:13;264084,5
2026-05-13 10:25:13;145348,84
2026-05-13 10:25:13;74404,766
2026-05-13 10:25:13;91911,76
2026-05-13 10:25:13;83333,33
2026-05-13 10:25:13;91911,766
2026-05-13 10:25:13;195312,5
2026-05-13 10:25:13;NaN
2026-05-13 10:25:13;337837,84
2026-05-13 10:25:13;284090,9
2026-05-13 10:25:13;99206,34
2026-05-13 10:25:13;220588,25
2026-05-13 10:25:13;178571,44
2026-05-13 10:25:13;115740,75
2026-05-13 10:25:13;113636,37
2026-05-13 10:25:13;112612,6
2026-05-13 10:25:13;99206,35
2026-05-13 10:25:13;219298,25
2026-05-13 10:25:13;175233,64
2026-05-13 10:25:13;318877,56
2026-05-13 10:25:13;176886,78
2026-05-13 10:25:13;90579,71
2026-05-13 10:25:13;122549,016
2026-05-13 10:25:13;277777,78
2026-05-13 10:25:13;233644,84
2026-05-13 10:25:13;103305,79
2026-05-13 10:25:13;68681,31
2026-05-13 10:25:13;176056,34
2026-05-13 10:25:13;82236,836
2026-05-13 10:25:13;173611,11
2026-05-13 10:25:13;76219,51
2026-05-13 10:25:13;91911,766
2026-05-13 10:25:13;376506,03
2026-05-13 10:25:13;210084,05
2026-05-13 10:25:13;223214,3
2026-05-13 10:25:13;185643,56
2026-05-13 10:25:13;223214,3
2026-05-13 10:25:13;152439,02
2026-05-13 10:25:13;216584,17
2026-05-13 10:25:13;105042,02
2026-05-13 10:25:13;206043,95
2026-05-13 10:25:13;221631,2
2026-05-13 10:25:13;223214,3
2026-05-13 10:25:13;315656,56
2026-05-13 10:25:13;210674,17
2026-05-13 10:25:13;133689,84
2026-05-13 10:25:13;287356,3
2026-05-13 10:25:13;187125,75
2026-05-13 10:25:13;189393,95
2026-05-13 10:25:13;215517,23
2026-05-13 10:25:13;357142,88
2026-05-13 10:25:13;183823,53
2026-05-13 10:25:13;150000
2026-05-13 10:25:13;250000,03
2026-05-13 10:25:13;213068,19
2026-05-13 10:25:13;255102,05
2026-05-13 10:25:13;208333,33
2026-05-13 10:25:14;147637,8
2026-05-13 10:25:14;300480,75
2026-05-13 10:25:14;227272,73
2026-05-13 10:25:14;446428,53
2026-05-13 10:25:14;234962,4
2026-05-13 10:25:14;204248,36
2026-05-13 10:25:14;252525,25
2026-05-13 10:25:14;269396,56
2026-05-13 10:25:14;240384,61
2026-05-13 10:25:14;105932,2
2026-05-13 10:25:14;520833,34
2026-05-13 10:25:14;160256,4
2026-05-13 10:25:14;250000
2026-05-13 10:25:14;148809,53
2026-05-13 10:25:14;206611,58
2026-05-13 10:25:14;247524,75
2026-05-13 10:25:14;367647,03
2026-05-13 10:25:14;60679,61
2026-05-13 10:25:14;187500
2026-05-13 10:25:14;224820,16
2026-05-13 10:25:14;117924,54
2026-05-13 10:25:14;255102,05
2026-05-13 10:25:14;246063
2026-05-13 10:25:14;178571,44
2026-05-13 10:25:14;125000
2026-05-13 10:25:14;217391,3
2026-05-13 10:25:14;191326,52
2026-05-13 10:25:14;208333,33
2026-05-13 10:25:14;85034,016
2026-05-13 10:25:14;183823,53
2026-05-13 10:25:14;223214,3
2026-05-13 10:25:14;132042,25
2026-05-13 10:25:14;105337,086
2026-05-13 10:25:14;203252,05
2026-05-13 10:25:14;279850,75
2026-05-13 10:25:14;120192,305
2026-05-13 10:25:14;189393,95
2026-05-13 10:25:14;147058,83
2026-05-13 10:25:14;218023,25
2026-05-13 10:25:14;183823,53
2026-05-13 10:25:14;148809,53
2026-05-13 10:25:14;172018,34
2026-05-13 10:25:14;99206,35
2026-05-13 10:25:14;200000
2026-05-13 10:25:14;376506,03
2026-05-13 10:25:14;171232,88
2026-05-13 10:25:14;140977,45
2026-05-13 10:25:14;192901,25
2026-05-13 10:25:14;130208,336
2026-05-13 10:25:14;130208,336
2026-05-13 10:25:14;182038,84
2026-05-13 10:25:14;263157,9
2026-05-13 10:25:14;384615,4
2026-05-13 10:25:14;137362,64
2026-05-13 10:25:14;309405,94
2026-05-13 10:25:14;242718,44
2026-05-13 10:25:14;135869,56
2026-05-13 10:25:14;211864,4
2026-05-13 10:25:14;120192,305
2026-05-13 10:25:14;208333,33
2026-05-13 10:25:14;202922,1
2026-05-13 10:25:14;140977,44
2026-05-13 10:25:14;213675,23
2026-05-13 10:25:14;201612,9
2026-05-13 10:25:14;52083,332
2026-05-13 10:25:14;210674,14
2026-05-13 10:25:14;154958,67
2026-05-13 10:25:14;122549,016
2026-05-13 10:25:14;180288,47
2026-05-13 10:25:14;294811,3
2026-05-13 10:25:14;73964,5
2026-05-13 10:25:14;151209,69
2026-05-13 10:25:14;208333,34
2026-05-13 10:25:14;119426,76
2026-05-13 10:25:14;186567,16
2026-05-13 10:25:14;71839,08
2026-05-13 10:25:14;147058,83
2026-05-13 10:25:14;147058,83
2026-05-13 10:25:14;147058,83
2026-05-13 10:25:14;289735,1
2026-05-13 10:25:14;254065,06
2026-05-13 10:25:14;125838,93
2026-05-13 10:25:14;269396,53
2026-05-13 10:25:14;201612,9
2026-05-13 10:25:14;144230,77
2026-05-13 10:25:14;178571,44
2026-05-13 10:25:14;275735,3
2026-05-13 10:25:14;260416,67
2026-05-13 10:25:14;309917,34
2026-05-13 10:25:14;134408,61
2026-05-13 10:25:14;219298,25
2026-05-13 10:25:14;90579,71
2026-05-13 10:25:14;328947,38
2026-05-13 10:25:14;195312,5
2026-05-13 10:25:14;123355,266
2026-05-13 10:25:14;211148,66
2026-05-13 10:25:14;151209,67
2026-05-13 10:25:14;284090,94
2026-05-13 10:25:14;152439,02
2026-05-13 10:25:14;240384,64
2026-05-13 10:25:14;252525,25
2026-05-13 10:25:14;258264,47
2026-05-13 10:25:14;245098,03
2026-05-13 10:25:14;208333,33
2026-05-13 10:25:14;142045,47
2026-05-13 10:25:14;252525,25
2026-05-13 10:25:14;364583,34
2026-05-13 10:25:14;245098,03
2026-05-13 10:25:14;328947,34
2026-05-13 10:25:14;111607,15
2026-05-13 10:25:14;NaN
2026-05-13 10:25:14;403225,78
2026-05-13 10:25:14;158898,3
2026-05-13 10:25:14;213068,19
2026-05-13 10:25:14;185643,56
2026-05-13 10:25:14;256147,53
2026-05-13 10:25:14;189393,95
2026-05-13 10:25:14;337837,84
2026-05-13 10:25:14;142045,45
2026-05-13 10:25:14;132042,25
2026-05-13 10:25:14;97656,25
2026-05-13 10:25:14;79617,836
2026-05-13 10:25:14;147637,8
2026-05-13 10:25:14;137867,64
2026-05-13 10:25:14;146484,38
2026-05-13 10:25:14;240384,61
2026-05-13 10:25:14;213068,19
2026-05-13 10:25:14;187969,92
2026-05-13 10:25:14;159235,67
2026-05-13 10:25:14;312500
2026-05-13 10:25:14;221238,94
2026-05-13 10:25:14;177304,95
2026-05-13 10:25:14;297619,06
2026-05-13 10:25:14;240384,64
2026-05-13 10:25:14;231481,5
2026-05-13 10:25:14;250000
2026-05-13 10:25:14;153374,23
2026-05-13 10:25:14;168918,92
2026-05-13 10:25:14;90579,71
2026-05-13 10:25:14;151209,69
2026-05-13 10:25:14;117187,5
2026-05-13 10:25:14;219298,25
2026-05-13 10:25:14;228658,53
2026-05-13 10:25:14;83892,625
2026-05-13 10:25:14;277777,72
2026-05-13 10:25:14;110619,47
2026-05-13 10:25:14;148809,53
2026-05-13 10:25:14;309405,94
2026-05-13 10:25:14;284090,9
2026-05-13 10:25:14;120967,74
2026-05-13 10:25:14;347222,22
2026-05-13 10:25:14;218023,25
2026-05-13 10:25:14;73529,414
2026-05-13 10:25:14;164473,69
2026-05-13 10:25:14;165929,2
2026-05-13 10:25:14;104166,664
2026-05-13 10:25:14;121359,22
2026-05-13 10:25:14;163612,56
2026-05-13 10:25:14;168918,92
2026-05-13 10:25:14;189393,94
2026-05-13 10:25:14;143678,16
2026-05-13 10:25:14;325520,84
2026-05-13 10:25:14;154958,67
2026-05-13 10:25:14;176886,8
2026-05-13 10:25:14;347222,22
2026-05-13 10:25:14;148809,53
2026-05-13 10:25:14;47348,484
2026-05-13 10:25:14;197784,8
2026-05-13 10:25:14;195312,5
2026-05-13 10:25:14;113636,37
2026-05-13 10:25:14;135869,56
2026-05-13 10:25:14;347222,22
2026-05-13 10:25:14;290697,7
2026-05-13 10:25:14;226449,27
2026-05-13 10:25:14;185185,17
2026-05-13 10:25:14;166666,67
2026-05-13 10:25:14;54347,824
2026-05-13 10:25:14;187969,92
2026-05-13 10:25:14;160256,4
2026-05-13 10:25:14;137362,64
2026-05-13 10:25:14;108695,65
2026-05-13 10:25:14;161637,94
2026-05-13 10:25:14;182038,83
2026-05-13 10:25:14;320512,8
2026-05-13 10:25:14;267094,03
2026-05-13 10:25:14;255102,05
2026-05-13 10:25:14;213068,19
2026-05-13 10:25:14;195312,5
2026-05-13 10:25:14;173611,11
2026-05-13 10:25:14;183823,53
2026-05-13 10:25:14;161290,33
2026-05-13 10:25:14;133547,02
2026-05-13 10:25:14;173611,11
2026-05-13 10:25:14;215517,23
2026-05-13 10:25:14;254065,03
2026-05-13 10:25:14;160256,4
2026-05-13 10:25:14;173611,12
2026-05-13 10:25:14;211864,4
2026-05-13 10:25:14;138888,89
2026-05-13 10:25:14;NaN
2026-05-13 10:25:14;185643,56
2026-05-13 10:25:14;262237,78
2026-05-13 10:25:14;300480,75
2026-05-13 10:25:14;243506,48
2026-05-13 10:25:14;210674,17
2026-05-13 10:25:14;203804,34
2026-05-13 10:25:14;624999,94
2026-05-13 10:25:14;193798,45
2026-05-13 10:25:14;158227,84
2026-05-13 10:25:14;78616,35
2026-05-13 10:25:14;268817,22
2026-05-13 10:25:14;103305,79
2026-05-13 10:25:14;234375
2026-05-13 10:25:14;186567,17
2026-05-13 10:25:14;90579,71
2026-05-13 10:25:14;160256,4
2026-05-13 10:25:14;169836,95
2026-05-13 10:25:14;231481,47
2026-05-13 10:25:14;367647,06
2026-05-13 10:25:14;240384,64
2026-05-13 10:25:14;164473,69
2026-05-13 10:25:15;185643,56
2026-05-13 10:25:15;152439,02
2026-05-13 10:25:15;193298,97
2026-05-13 10:25:15;284090,94
2026-05-13 10:25:15;247524,75
2026-05-13 10:25:15;152439,02
2026-05-13 10:25:15;271739,12
2026-05-13 10:25:15;160256,4
2026-05-13 10:25:15;75301,2
2026-05-13 10:25:15;96153,84
2026-05-13 10:25:15;178571,42
2026-05-13 10:25:15;122549,016
2026-05-13 10:25:15;102459,02
2026-05-13 10:25:15;204918,02
2026-05-13 10:25:15;148809,53
2026-05-13 10:25:15;109649,125
2026-05-13 10:25:15;332446,8
2026-05-13 10:25:15;120192,305
2026-05-13 10:25:15;178571,44
2026-05-13 10:25:15;148809,53
2026-05-13 10:25:15;136861,33
2026-05-13 10:25:15;344036,7
2026-05-13 10:25:15;68681,31
2026-05-13 10:25:15;109649,125
2026-05-13 10:25:15;148809,53
2026-05-13 10:25:15;213068,19
2026-05-13 10:25:15;195312,5
2026-05-13 10:25:15;148809,53
2026-05-13 10:25:15;122549,016
2026-05-13 10:25:15;303398,06
2026-05-13 10:25:15;367647,03
2026-05-13 10:25:15;128865,984
2026-05-13 10:25:15;223214,3
2026-05-13 10:25:15;102459,01
2026-05-13 10:25:15;115740,75
2026-05-13 10:25:15;154321
2026-05-13 10:25:15;190839,69
2026-05-13 10:25:15;215517,23
2026-05-13 10:25:15;210674,17
2026-05-13 10:25:15;170454,53
2026-05-13 10:25:15;386597,94
2026-05-13 10:25:15;151209,69
2026-05-13 10:25:15;182481,75
2026-05-13 10:25:15;201612,9
2026-05-13 10:25:15;163043,47
2026-05-13 10:25:15;328947,34
2026-05-13 10:25:15;132978,72
2026-05-13 10:25:15;195312,5
2026-05-13 10:25:15;152439,03
2026-05-13 10:25:15;186011,9
2026-05-13 10:25:15;NaN
2026-05-13 10:25:15;234962,4
2026-05-13 10:25:15;168918,92
2026-05-13 10:25:15;223214,3
2026-05-13 10:25:15;206043,95
2026-05-13 10:25:15;153374,23
2026-05-13 10:25:15;86805,555
2026-05-13 10:25:15;105042,02
2026-05-13 10:25:15;189393,94
2026-05-13 10:25:15;289351,84
2026-05-13 10:25:15;87616,82
2026-05-13 10:25:15;321691,16
2026-05-13 10:25:15;267857,12
2026-05-13 10:25:15;182748,55
2026-05-13 10:25:15;120192,32
2026-05-13 10:25:15;134408,61
2026-05-13 10:25:15;156250
2026-05-13 10:25:15;83333,336
2026-05-13 10:25:15;148809,53
2026-05-13 10:25:15;204918,02
2026-05-13 10:25:15;214460,8
2026-05-13 10:25:15;150000
2026-05-13 10:25:15;201612,89
2026-05-13 10:25:15;250000
2026-05-13 10:25:15;142045,45
2026-05-13 10:25:15;353773,6
2026-05-13 10:25:15;163398,7
2026-05-13 10:25:15;208333,34
2026-05-13 10:25:15;215517,23
2026-05-13 10:25:15;264830,53
2026-05-13 10:25:15;192307,7
2026-05-13 10:25:15;173611,11
2026-05-13 10:25:15;208333,33
2026-05-13 10:25:15;206611,58
2026-05-13 10:25:15;182038,83
2026-05-13 10:25:15;164473,69
2026-05-13 10:25:15;351123,6
2026-05-13 10:25:15;215517,23
2026-05-13 10:25:15;173611,11
2026-05-13 10:25:15;91911,766
2026-05-13 10:25:15;182481,77
2026-05-13 10:25:15;275735,28
2026-05-13 10:25:15;181159,4
2026-05-13 10:25:15;234375
2026-05-13 10:25:15;367647,03
2026-05-13 10:25:15;105932,2
2026-05-13 10:25:15;140449,44
2026-05-13 10:25:15;196850,39
2026-05-13 10:25:15;179856,12
2026-05-13 10:25:15;312500
2026-05-13 10:25:15;158227,84
2026-05-13 10:25:15;233208,95
2026-05-13 10:25:15;218023,25
2026-05-13 10:25:15;176886,8
2026-05-13 10:25:15;104166,664
2026-05-13 10:25:15;195312,5
2026-05-13 10:25:15;185185,17
2026-05-13 10:25:15;132978,72
2026-05-13 10:25:15;218023,27
2026-05-13 10:25:15;217391,3
2026-05-13 10:25:15;152439,02
2026-05-13 10:25:15;177304,97
2026-05-13 10:25:15;221238,94
2026-05-13 10:25:15;110619,47
2026-05-13 10:25:15;138888,89
2026-05-13 10:25:15;284090,94
2026-05-13 10:25:15;244140,62
2026-05-13 10:25:15;309405,94
2026-05-13 10:25:15;183823,52
2026-05-13 10:25:15;178571,44
2026-05-13 10:25:15;145348,84
2026-05-13 10:25:15;117924,54
2026-05-13 10:25:15;203252,05
2026-05-13 10:25:15;NaN
2026-05-13 10:25:15;94696,98
2026-05-13 10:25:15;NaN
2026-05-13 10:25:15;126262,625
2026-05-13 10:25:15;162337,66
2026-05-13 10:25:15;277777,78
2026-05-13 10:25:15;294117,66
2026-05-13 10:25:15;123762,375
2026-05-13 10:25:15;250000
2026-05-13 10:25:15;179856,12
2026-05-13 10:25:15;302419,38
2026-05-13 10:25:15;173611,11
2026-05-13 10:25:15;198412,7
2026-05-13 10:25:15;105932,2
2026-05-13 10:25:15;89285,72
2026-05-13 10:25:15;237341,77
2026-05-13 10:25:15;231481,5
2026-05-13 10:25:15;121359,22
2026-05-13 10:25:15;218023,27
2026-05-13 10:25:15;201612,89
2026-05-13 10:25:15;215517,23
2026-05-13 10:25:15;328947,38
2026-05-13 10:25:15;263157,9
2026-05-13 10:25:15;84841,63
2026-05-13 10:25:15;279850,75
2026-05-13 10:25:15;62500
2026-05-13 10:25:15;287356,3
2026-05-13 10:25:15;301204,8
2026-05-13 10:25:15;290697,7
2026-05-13 10:25:15;250000
2026-05-13 10:25:15;247524,75
2026-05-13 10:25:15;128865,984
2026-05-13 10:25:15;229357,81
2026-05-13 10:25:15;179856,11
2026-05-13 10:25:15;105932,2
2026-05-13 10:25:15;61881,188
2026-05-13 10:25:15;218531,48
2026-05-13 10:25:15;304878,03
2026-05-13 10:25:15;125000
2026-05-13 10:25:15;154321
2026-05-13 10:25:15;225225,2
2026-05-13 10:25:15;176056,34
2026-05-13 10:25:15;180288,47
2026-05-13 10:25:15;143129,77
2026-05-13 10:25:15;82236,84
2026-05-13 10:25:15;172018,34
2026-05-13 10:25:15;217391,3
2026-05-13 10:25:15;89285,71
2026-05-13 10:25:15;203804,34
2026-05-13 10:25:15;360576,94
2026-05-13 10:25:15;110619,47
2026-05-13 10:25:15;77479,336
2026-05-13 10:25:15;145348,84
2026-05-13 10:25:15;294117,66
2026-05-13 10:25:15;204248,36
2026-05-13 10:25:15;228658,53
2026-05-13 10:25:15;287356,3
2026-05-13 10:25:15;138888,89
2026-05-13 10:25:15;317796,62
2026-05-13 10:25:15;147058,83
2026-05-13 10:25:15;218531,48
2026-05-13 10:25:15;NaN
2026-05-13 10:25:15;247524,75
2026-05-13 10:25:15;247524,75
2026-05-13 10:25:15;153688,53
2026-05-13 10:25:15;92592,586
2026-05-13 10:25:15;183823,53
2026-05-13 10:25:15;240384,61
2026-05-13 10:25:15;NaN
2026-05-13 10:25:15;180288,47
2026-05-13 10:25:15;146484,38
2026-05-13 10:25:15;177304,97
2026-05-13 10:25:15;102459,01
2026-05-13 10:25:15;227272,73
2026-05-13 10:25:15;123152,72
2026-05-13 10:25:15;196850,39
2026-05-13 10:25:15;312500
2026-05-13 10:25:15;297619,06
2026-05-13 10:25:15;287356,3
2026-05-13 10:25:15;297619,06
2026-05-13 10:25:15;195312,5
2026-05-13 10:25:15;197368,42
2026-05-13 10:25:15;196850,39
2026-05-13 10:25:15;99206,35
2026-05-13 10:25:15;250000
2026-05-13 10:25:15;246063
2026-05-13 10:25:15;213068,19
2026-05-13 10:25:15;210084,03
2026-05-13 10:25:15;113636,37
2026-05-13 10:25:15;250000
2026-05-13 10:25:15;160256,42
2026-05-13 10:25:15;105042,02
2026-05-13 10:25:15;225903,61
2026-05-13 10:25:15;155279,5
2026-05-13 10:25:15;115740,75
2026-05-13 10:25:15;289351,84
2026-05-13 10:25:15;109649,125
2026-05-13 10:25:15;264084,5
2026-05-13 10:25:15;208333,33
2026-05-13 10:25:15;220588,25
2026-05-13 10:25:15;96899,23
2026-05-13 10:25:15;250000
2026-05-13 10:25:15;132978,73
2026-05-13 10:25:15;150000
2026-05-13 10:25:15;242718,44
2026-05-13 10:25:15;180288,47
2026-05-13 10:25:15;152439,03
2026-05-13 10:25:16;208333,33
2026-05-13 10:25:16;150602,4
2026-05-13 10:25:16;250000
2026-05-13 10:25:16;353773,56
2026-05-13 10:25:16;148809,53
2026-05-13 10:25:16;139664,81
2026-05-13 10:25:16;189393,95
2026-05-13 10:25:16;250000
2026-05-13 10:25:16;210674,17
2026-05-13 10:25:16;130208,336
2026-05-13 10:25:16;178571,44
2026-05-13 10:25:16;127551,02
2026-05-13 10:25:16;176056,34
2026-05-13 10:25:16;96153,84
2026-05-13 10:25:16;187500
2026-05-13 10:25:16;238095,23
2026-05-13 10:25:16;136861,31
2026-05-13 10:25:16;173611,11
2026-05-13 10:25:16;219298,25
2026-05-13 10:25:16;147058,83
2026-05-13 10:25:16;165562,92
2026-05-13 10:25:16;99206,35
2026-05-13 10:25:16;195312,5
2026-05-13 10:25:16;213675,23
2026-05-13 10:25:16;208333,34
2026-05-13 10:25:16;126689,19
2026-05-13 10:25:16;264084,5
2026-05-13 10:25:16;197784,83
2026-05-13 10:25:16;215517,23
2026-05-13 10:25:16;60096,152
2026-05-13 10:25:16;98425,195
2026-05-13 10:25:16;121359,22
2026-05-13 10:25:16;223214,3
2026-05-13 10:25:16;123152,72
2026-05-13 10:25:16;116822,42
2026-05-13 10:25:16;68681,31
2026-05-13 10:25:16;154321
2026-05-13 10:25:16;193798,45
2026-05-13 10:25:16;271739,12
2026-05-13 10:25:16;245098,03
2026-05-13 10:25:16;267857,16
2026-05-13 10:25:16;201612,9
2026-05-13 10:25:16;183823,53
2026-05-13 10:25:16;323275,88
2026-05-13 10:25:16;129310,34
2026-05-13 10:25:16;360576,94
2026-05-13 10:25:16;257731,97
2026-05-13 10:25:16;235849,08
2026-05-13 10:25:16;103305,78
2026-05-13 10:25:16;89285,72
2026-05-13 10:25:16;375000
2026-05-13 10:25:16;167410,72
2026-05-13 10:25:16;156250
2026-05-13 10:25:16;148809,53
2026-05-13 10:25:16;117924,52
2026-05-13 10:25:16;250000
2026-05-13 10:25:16;119047,62
2026-05-13 10:25:16;231481,5
2026-05-13 10:25:16;136861,31
2026-05-13 10:25:16;138888,89
2026-05-13 10:25:16;173611,11
2026-05-13 10:25:16;153688,53
2026-05-13 10:25:16;137665,2
2026-05-13 10:25:16;284090,9
2026-05-13 10:25:16;265957,44
2026-05-13 10:25:16;215517,23
2026-05-13 10:25:16;102459,01
2026-05-13 10:25:16;178571,44
2026-05-13 10:25:16;269396,53
2026-05-13 10:25:16;245098,03
2026-05-13 10:25:16;231481,5
2026-05-13 10:25:16;178571,44
2026-05-13 10:25:16;250000
2026-05-13 10:25:16;198412,7
2026-05-13 10:25:16;159235,67
2026-05-13 10:25:16;145348,84
2026-05-13 10:25:16;101626,02
2026-05-13 10:25:16;182038,83
2026-05-13 10:25:16;201612,9
2026-05-13 10:25:16;275735,3
2026-05-13 10:25:16;138888,89
2026-05-13 10:25:16;217391,3
2026-05-13 10:25:16;131118,89
2026-05-13 10:25:16;211864,4
2026-05-13 10:25:16;242248,06
2026-05-13 10:25:16;158898,31
2026-05-13 10:25:16;250000
2026-05-13 10:25:16;137867,64
2026-05-13 10:25:16;105042,02
2026-05-13 10:25:16;240384,61
2026-05-13 10:25:16;127551,02
2026-05-13 10:25:16;78125
2026-05-13 10:25:16;172018,34
2026-05-13 10:25:16;225225,23
2026-05-13 10:25:16;133928,58
2026-05-13 10:25:16;233644,88
2026-05-13 10:25:16;158227,84
2026-05-13 10:25:16;182038,83
2026-05-13 10:25:16;242718,44
2026-05-13 10:25:16;256849,33
2026-05-13 10:25:16;203804,34
2026-05-13 10:25:16;347222,22
2026-05-13 10:25:16;162337,66
2026-05-13 10:25:16;84459,46
2026-05-13 10:25:16;116822,44
2026-05-13 10:25:16;157563,03
2026-05-13 10:25:16;215517,23
2026-05-13 10:25:16;123762,375
2026-05-13 10:25:16;182748,55
2026-05-13 10:25:16;220070,42
2026-05-13 10:25:16;120192,305
2026-05-13 10:25:16;307377,06
2026-05-13 10:25:16;178571,44
2026-05-13 10:25:16;206043,95
2026-05-13 10:25:16;255102,05
2026-05-13 10:25:16;156250
2026-05-13 10:25:16;160256,4
2026-05-13 10:25:16;107758,62
2026-05-13 10:25:16;164473,69
2026-05-13 10:25:16;213675,2
2026-05-13 10:25:16;115740,75
2026-05-13 10:25:16;181159,42
2026-05-13 10:25:16;54347,824
2026-05-13 10:25:16;75301,2
2026-05-13 10:25:16;138888,89
2026-05-13 10:25:16;183823,53
2026-05-13 10:25:16;223214,3
2026-05-13 10:25:16;220588,22
2026-05-13 10:25:16;173611,11
2026-05-13 10:25:16;215517,23
2026-05-13 10:25:16;203804,34
2026-05-13 10:25:16;113636,36
2026-05-13 10:25:16;297619,06
2026-05-13 10:25:16;215517,23
2026-05-13 10:25:16;294811,3
2026-05-13 10:25:16;65104,168
2026-05-13 10:25:16;145348,84
2026-05-13 10:25:16;125838,93
2026-05-13 10:25:16;297619,06
2026-05-13 10:25:16;82236,836
2026-05-13 10:25:16;224820,16
2026-05-13 10:25:16;148809,53
2026-05-13 10:25:16;221631,2
2026-05-13 10:25:16;275735,28
2026-05-13 10:25:16;223214,3
2026-05-13 10:25:16;235849,08
2026-05-13 10:25:16;178571,42
2026-05-13 10:25:16;54347,824
2026-05-13 10:25:16;240384,61
2026-05-13 10:25:16;193298,97
2026-05-13 10:25:16;157563,03
2026-05-13 10:25:16;250000
2026-05-13 10:25:16;355113,62
2026-05-13 10:25:16;173611,11
2026-05-13 10:25:16;156250
2026-05-13 10:25:16;178571,44
2026-05-13 10:25:16;177556,81
2026-05-13 10:25:16;220588,25
2026-05-13 10:25:16;312500
2026-05-13 10:25:16;237341,77
2026-05-13 10:25:16;143129,77
2026-05-13 10:25:16;150602,4
2026-05-13 10:25:16;158898,31
2026-05-13 10:25:16;131578,95
2026-05-13 10:25:16;176056,34
2026-05-13 10:25:16;152439,03
2026-05-13 10:25:16;93283,58
2026-05-13 10:25:16;NaN
2026-05-13 10:25:16;158898,31
2026-05-13 10:25:16;150000
2026-05-13 10:25:16;168918,92
2026-05-13 10:25:16;150602,4
2026-05-13 10:25:16;235849,05
2026-05-13 10:25:16;203804,34
2026-05-13 10:25:16;84459,46
2026-05-13 10:25:16;181159,42
2026-05-13 10:25:16;142045,47
2026-05-13 10:25:16;113636,37
2026-05-13 10:25:16;240384,61
2026-05-13 10:25:16;231481,5
2026-05-13 10:25:16;134408,61
2026-05-13 10:25:16;197784,8
2026-05-13 10:25:16;247524,75
2026-05-13 10:25:16;192307,69
2026-05-13 10:25:16;148809,52
2026-05-13 10:25:16;240384,64
2026-05-13 10:25:16;292968,75
2026-05-13 10:25:16;218023,25
2026-05-13 10:25:16;117924,54
2026-05-13 10:25:16;174825,19
2026-05-13 10:25:16;218023,25
2026-05-13 10:25:16;206611,58
2026-05-13 10:25:16;NaN
2026-05-13 10:25:16;67934,78
2026-05-13 10:25:16;200000
2026-05-13 10:25:16;187969,92
2026-05-13 10:25:16;168010,77
2026-05-13 10:25:16;221238,94
2026-05-13 10:25:16;284090,9
2026-05-13 10:25:16;375000
2026-05-13 10:25:16;NaN
2026-05-13 10:25:16;172018,34
2026-05-13 10:25:16;280898,88
2026-05-13 10:25:16;108381,51
2026-05-13 10:25:16;193298,97
2026-05-13 10:25:16;100806,45
2026-05-13 10:25:16;204918,02
2026-05-13 10:25:16;127551,02
2026-05-13 10:25:16;72674,42
2026-05-13 10:25:16;195312,5
2026-05-13 10:25:16;120192,32
2026-05-13 10:25:16;90579,71
2026-05-13 10:25:16;324675,34
2026-05-13 10:25:16;220070,42
2026-05-13 10:25:17;114678,91
2026-05-13 10:25:17;235849,08
2026-05-13 10:25:17;255102,05
2026-05-13 10:25:17;185643,56
2026-05-13 10:25:17;246710,53
2026-05-13 10:25:17;294811,3
2026-05-13 10:25:17;167410,72
2026-05-13 10:25:17;284090,9
2026-05-13 10:25:17;201612,9
2026-05-13 10:25:17;220588,25
2026-05-13 10:25:17;NaN
2026-05-13 10:25:17;158227,84
2026-05-13 10:25:17;228658,53
2026-05-13 10:25:17;308642
2026-05-13 10:25:17;195312,5
2026-05-13 10:25:17;113636,37
2026-05-13 10:25:17;121753,24
2026-05-13 10:25:17;235849,08
2026-05-13 10:25:17;225225,23
2026-05-13 10:25:17;357142,88
2026-05-13 10:25:17;50000
2026-05-13 10:25:17;154958,67
2026-05-13 10:25:17;215517,23
2026-05-13 10:25:17;194099,38
2026-05-13 10:25:17;161290,33
2026-05-13 10:25:17;227272,73
2026-05-13 10:25:17;215517,23
2026-05-13 10:25:17;189393,94
2026-05-13 10:25:17;390625
2026-05-13 10:25:17;360576,94
2026-05-13 10:25:17;242718,44
2026-05-13 10:25:17;253378,38
2026-05-13 10:25:17;307377,06
2026-05-13 10:25:17;183823,52
2026-05-13 10:25:17;332446,8
2026-05-13 10:25:17;247524,75
2026-05-13 10:25:17;73099,414
2026-05-13 10:25:17;201612,89
2026-05-13 10:25:17;173611,11
2026-05-13 10:25:17;93283,586
2026-05-13 10:25:17;234962,4
2026-05-13 10:25:17;353773,6
2026-05-13 10:25:17;198412,7
2026-05-13 10:25:17;160256,4
2026-05-13 10:25:17;73529,414
2026-05-13 10:25:17;163043,47
2026-05-13 10:25:17;127551,01
2026-05-13 10:25:17;180288,47
2026-05-13 10:25:17;192307,69
2026-05-13 10:25:17;187969,92
2026-05-13 10:25:17;172018,34
2026-05-13 10:25:17;208333,33
2026-05-13 10:25:17;170454,53
2026-05-13 10:25:17;139925,38
2026-05-13 10:25:17;381097,56
2026-05-13 10:25:17;175233,64
2026-05-13 10:25:17;127551,02
2026-05-13 10:25:17;152439,02
2026-05-13 10:25:17;360576,9
2026-05-13 10:25:17;183823,52
2026-05-13 10:25:17;176886,8
2026-05-13 10:25:17;183823,53
2026-05-13 10:25:17;99206,34
2026-05-13 10:25:17;195312,5
2026-05-13 10:25:17;193298,97
2026-05-13 10:25:17;168918,92
2026-05-13 10:25:17;300480,78
2026-05-13 10:25:17;197368,42
2026-05-13 10:25:17;252525,25
2026-05-13 10:25:17;166666,67
2026-05-13 10:25:17;107758,62
2026-05-13 10:25:17;195312,5
2026-05-13 10:25:17;180288,47
2026-05-13 10:25:17;186011,9
2026-05-13 10:25:17;88028,17
2026-05-13 10:25:17;240384,61
2026-05-13 10:25:17;301204,8
2026-05-13 10:25:17;160256,4
2026-05-13 10:25:17;195312,52
2026-05-13 10:25:17;163398,7
2026-05-13 10:25:17;375000
2026-05-13 10:25:17;125000
2026-05-13 10:25:17;136861,31
2026-05-13 10:25:17;250000
2026-05-13 10:25:17;137362,64
2026-05-13 10:25:17;173611,11
2026-05-13 10:25:17;156250
2026-05-13 10:25:17;137867,66
2026-05-13 10:25:17;215517,23
2026-05-13 10:25:17;178571,44
2026-05-13 10:25:17;201612,9
2026-05-13 10:25:17;271739,12
2026-05-13 10:25:17;74404,766
2026-05-13 10:25:17;137867,64
2026-05-13 10:25:17;138888,89
2026-05-13 10:25:17;173611,11
2026-05-13 10:25:17;89928,055
2026-05-13 10:25:17;51652,895
2026-05-13 10:25:17;132978,72
2026-05-13 10:25:17;154320,98
2026-05-13 10:25:17;189393,94
2026-05-13 10:25:17;250000
2026-05-13 10:25:17;145348,84
2026-05-13 10:25:17;372023,8
2026-05-13 10:25:17;161637,92
2026-05-13 10:25:17;353773,6
2026-05-13 10:25:17;109649,125
2026-05-13 10:25:17;308641,97
2026-05-13 10:25:17;260416,67
2026-05-13 10:25:17;240384,61
2026-05-13 10:25:17;281531,53
2026-05-13 10:25:17;215517,23
2026-05-13 10:25:17;231481,5
2026-05-13 10:25:17;248015,86
2026-05-13 10:25:17;116822,42
2026-05-13 10:25:17;376506
2026-05-13 10:25:17;117924,52
2026-05-13 10:25:17;201612,9
2026-05-13 10:25:17;86805,555
2026-05-13 10:25:17;250000
2026-05-13 10:25:17;172018,34
2026-05-13 10:25:17;265957,44
2026-05-13 10:25:17;275735,28
2026-05-13 10:25:17;242718,44
2026-05-13 10:25:17;274725,28
2026-05-13 10:25:17;137362,64
2026-05-13 10:25:17;195312,5
2026-05-13 10:25:17;215517,23
2026-05-13 10:25:17;431034,47
2026-05-13 10:25:17;125838,93
2026-05-13 10:25:17;264084,53
2026-05-13 10:25:17;303398,03
2026-05-13 10:25:17;64432,992
2026-05-13 10:25:17;260416,67
2026-05-13 10:25:17;152439,03
2026-05-13 10:25:17;147058,83
2026-05-13 10:25:17;189393,94
2026-05-13 10:25:17;101626,02
2026-05-13 10:25:17;180288,47
2026-05-13 10:25:17;115740,75
2026-05-13 10:25:17;257731,97
2026-05-13 10:25:17;260416,67
2026-05-13 10:25:17;347222,22
2026-05-13 10:25:17;107758,62
2026-05-13 10:25:17;126262,625
2026-05-13 10:25:17;85616,44
2026-05-13 10:25:17;317796,62
2026-05-13 10:25:17;201612,9
2026-05-13 10:25:17;180288,47
2026-05-13 10:25:17;166666,66
2026-05-13 10:25:17;176886,78
2026-05-13 10:25:17;156250
2026-05-13 10:25:17;192307,69
2026-05-13 10:25:17;115740,75
2026-05-13 10:25:17;181159,42
2026-05-13 10:25:17;312500
2026-05-13 10:25:17;203252,05
2026-05-13 10:25:17;154958,67
2026-05-13 10:25:17;136612,03
2026-05-13 10:25:17;253378,38
2026-05-13 10:25:17;233644,84
2026-05-13 10:25:17;284090,94
2026-05-13 10:25:17;218023,25
2026-05-13 10:25:17;231481,5
2026-05-13 10:25:17;195312,5
2026-05-13 10:25:17;367647,03
2026-05-13 10:25:17;225903,61
2026-05-13 10:25:17;304878,06
2026-05-13 10:25:17;165929,2
2026-05-13 10:25:17;372023,8
2026-05-13 10:25:17;49212,598
2026-05-13 10:25:17;195312,5
2026-05-13 10:25:17;120967,74
2026-05-13 10:25:17;208333,33
2026-05-13 10:25:17;373134,34
2026-05-13 10:25:17;225903,61
2026-05-13 10:25:17;126262,625
2026-05-13 10:25:17;158898,31
2026-05-13 10:25:17;217391,3
2026-05-13 10:25:17;245098,03
2026-05-13 10:25:17;238095,23
2026-05-13 10:25:17;NaN
2026-05-13 10:25:17;173611,11
2026-05-13 10:25:17;233644,84
2026-05-13 10:25:17;99206,35
2026-05-13 10:25:17;173611,11
2026-05-13 10:25:17;182038,83
2026-05-13 10:25:17;85616,44
2026-05-13 10:25:17;136861,31
2026-05-13 10:25:17;84459,46
2026-05-13 10:25:17;145348,84
2026-05-13 10:25:17;258620,69
2026-05-13 10:25:17;233644,88
2026-05-13 10:25:17;173611,11
2026-05-13 10:25:17;183823,53
2026-05-13 10:25:17;135869,56
2026-05-13 10:25:17;347222,22
2026-05-13 10:25:17;190839,69
2026-05-13 10:25:17;221631,2
2026-05-13 10:25:17;260416,64
2026-05-13 10:25:17;203252,05
2026-05-13 10:25:17;307377,06
2026-05-13 10:25:17;117924,52
2026-05-13 10:25:17;158898,31
2026-05-13 10:25:17;127551,02
2026-05-13 10:25:17;91240,875
2026-05-13 10:25:17;195312,5
2026-05-13 10:25:17;373134,34
2026-05-13 10:25:17;237341,77
2026-05-13 10:25:17;80128,2
2026-05-13 10:25:17;152439,03
2026-05-13 10:25:17;96899,23
2026-05-13 10:25:17;164473,67
2026-05-13 10:25:17;160256,4
2026-05-13 10:25:17;146713,62
2026-05-13 10:25:17;227272,73
2026-05-13 10:25:17;247524,75
2026-05-13 10:25:17;54824,562
2026-05-13 10:25:17;110619,47
2026-05-13 10:25:17;355113,62
2026-05-13 10:25:18;83333,33
2026-05-13 10:25:18;297619,06
2026-05-13 10:25:18;173611,11
2026-05-13 10:25:18;192307,7
2026-05-13 10:25:18;140977,44
2026-05-13 10:25:18;64432,992
2026-05-13 10:25:18;123762,375
2026-05-13 10:25:18;185643,56
2026-05-13 10:25:18;323275,84
2026-05-13 10:25:18;304878,03
2026-05-13 10:25:18;68681,32
2026-05-13 10:25:18;96153,85
2026-05-13 10:25:18;168918,92
2026-05-13 10:25:18;133689,84
2026-05-13 10:25:18;178571,44
2026-05-13 10:25:18;189393,94
2026-05-13 10:25:18;271739,12
2026-05-13 10:25:18;157232,7
2026-05-13 10:25:18;232919,25
2026-05-13 10:25:18;89285,72
2026-05-13 10:25:18;183823,53
2026-05-13 10:25:18;135869,56
2026-05-13 10:25:18;362318,84
2026-05-13 10:25:18;70224,72
2026-05-13 10:25:18;314748,2
2026-05-13 10:25:18;309405,94
2026-05-13 10:25:18;210084,03
2026-05-13 10:25:18;82236,836
2026-05-13 10:25:18;229357,81
2026-05-13 10:25:18;112612,62
2026-05-13 10:25:18;175233,66
2026-05-13 10:25:18;287356,3
2026-05-13 10:25:18;250000
2026-05-13 10:25:18;215517,23
2026-05-13 10:25:18;160256,4
2026-05-13 10:25:18;237341,77
2026-05-13 10:25:18;210084,05
2026-05-13 10:25:18;185643,56
2026-05-13 10:25:18;178571,44
2026-05-13 10:25:18;223214,3
2026-05-13 10:25:18;NaN
2026-05-13 10:25:18;164473,69
2026-05-13 10:25:18;253378,38
2026-05-13 10:25:18;67934,78
2026-05-13 10:25:18;235849,05
2026-05-13 10:25:18;213068,19
2026-05-13 10:25:18;220588,22
2026-05-13 10:25:18;258264,47
2026-05-13 10:25:18;127551,02
2026-05-13 10:25:18;284090,9
2026-05-13 10:25:18;106837,6
2026-05-13 10:25:18;215517,23
2026-05-13 10:25:18;223214,3
2026-05-13 10:25:18;166666,67
2026-05-13 10:25:18;150000
2026-05-13 10:25:18;243055,55
2026-05-13 10:25:18;227272,73
2026-05-13 10:25:18;123762,375
2026-05-13 10:25:18;186965,81
2026-05-13 10:25:18;100806,45
2026-05-13 10:25:18;97656,25
2026-05-13 10:25:18;262605,03
2026-05-13 10:25:18;130208,32
2026-05-13 10:25:18;271739,12
2026-05-13 10:25:18;303398,03
2026-05-13 10:25:18;166666,66
2026-05-13 10:25:18;83705,36
2026-05-13 10:25:18;297619,06
2026-05-13 10:25:18;111607,15
2026-05-13 10:25:18;271739,12
2026-05-13 10:25:18;378787,9
2026-05-13 10:25:18;167410,72
2026-05-13 10:25:18;228658,53
2026-05-13 10:25:18;195312,5
2026-05-13 10:25:18;218023,25
2026-05-13 10:25:18;308642
2026-05-13 10:25:18;161637,94
2026-05-13 10:25:18;215517,23
2026-05-13 10:25:18;325520,84
2026-05-13 10:25:18;120967,74
2026-05-13 10:25:18;160256,4
2026-05-13 10:25:18;175233,64
2026-05-13 10:25:18;122549,03
2026-05-13 10:25:18;228658,53
2026-05-13 10:25:18;233644,84
2026-05-13 10:25:18;229357,78
2026-05-13 10:25:18;300480,75
2026-05-13 10:25:18;245098,03
2026-05-13 10:25:18;220588,25
2026-05-13 10:25:18;204918,02
2026-05-13 10:25:18;120967,74
2026-05-13 10:25:18;284090,9
2026-05-13 10:25:18;183054,4
2026-05-13 10:25:18;111607,15
2026-05-13 10:25:18;238095,23
2026-05-13 10:25:18;233644,84
2026-05-13 10:25:18;182038,83
2026-05-13 10:25:18;213068,19
2026-05-13 10:25:18;115740,75
2026-05-13 10:25:18;168918,92
2026-05-13 10:25:18;219298,25
2026-05-13 10:25:18;156250,02
2026-05-13 10:25:18;152972,03
2026-05-13 10:25:18;125000
2026-05-13 10:25:18;235849,05
2026-05-13 10:25:18;136861,31
2026-05-13 10:25:18;233644,84
2026-05-13 10:25:18;142045,45
2026-05-13 10:25:18;221238,94
2026-05-13 10:25:18;297619,06
2026-05-13 10:25:18;173611,11
2026-05-13 10:25:18;NaN
2026-05-13 10:25:18;167785,25
2026-05-13 10:25:18;185643,56
2026-05-13 10:25:18;132978,72
2026-05-13 10:25:18;125000
2026-05-13 10:25:18;201612,9
2026-05-13 10:25:18;219298,25
2026-05-13 10:25:18;232712,77
2026-05-13 10:25:18;136861,31
2026-05-13 10:25:18;245098,03
2026-05-13 10:25:18;208333,34
2026-05-13 10:25:18;180635,84
2026-05-13 10:25:18;94696,97
2026-05-13 10:25:18;109011,625
2026-05-13 10:25:18;246710,53
2026-05-13 10:25:18;134892,1
2026-05-13 10:25:18;140449,44
2026-05-13 10:25:18;287828,94
2026-05-13 10:25:18;181159,42
2026-05-13 10:25:18;153688,53
2026-05-13 10:25:18;208333,33
2026-05-13 10:25:18;127551,02
2026-05-13 10:25:18;187500
2026-05-13 10:25:18;181159,42
2026-05-13 10:25:18;160256,4
2026-05-13 10:25:18;117924,52
2026-05-13 10:25:18;NaN
2026-05-13 10:25:18;148809,53
2026-05-13 10:25:18;168918,92
2026-05-13 10:25:18;136861,31
2026-05-13 10:25:18;107758,62
2026-05-13 10:25:18;294811,3
2026-05-13 10:25:18;182926,83
2026-05-13 10:25:18;NaN
2026-05-13 10:25:18;258264,47
2026-05-13 10:25:18;172018,34
2026-05-13 10:25:18;189393,94
2026-05-13 10:25:18;183823,53
2026-05-13 10:25:18;243506,5
2026-05-13 10:25:18;177304,97
2026-05-13 10:25:18;125000
2026-05-13 10:25:18;173611,11
2026-05-13 10:25:18;122549,016
2026-05-13 10:25:18;NaN
2026-05-13 10:25:18;694444,56
2026-05-13 10:25:18;367647,03
2026-05-13 10:25:18;309405,94
2026-05-13 10:25:18;400641,03
2026-05-13 10:25:18;135869,56
2026-05-13 10:25:18;229357,81
2026-05-13 10:25:18;257731,97
2026-05-13 10:25:18;183823,52
2026-05-13 10:25:18;204918,02
2026-05-13 10:25:18;173611,11
2026-05-13 10:25:18;208333,34
2026-05-13 10:25:18;250000
2026-05-13 10:25:18;204918,02
2026-05-13 10:25:18;72674,42
2026-05-13 10:25:18;331858,4
2026-05-13 10:25:18;100806,45
2026-05-13 10:25:18;215517,23
2026-05-13 10:25:18;320512,8
2026-05-13 10:25:18;191717,8
2026-05-13 10:25:18;91911,766
2026-05-13 10:25:18;113636,37
2026-05-13 10:25:18;367647,06
2026-05-13 10:25:18;123762,375
2026-05-13 10:25:18;169836,95
2026-05-13 10:25:18;158227,84
2026-05-13 10:25:18;178571,44
2026-05-13 10:25:18;133928,58
2026-05-13 10:25:18;303398,03
2026-05-13 10:25:18;191326,55
2026-05-13 10:25:18;231481,5
2026-05-13 10:25:18;76219,516
2026-05-13 10:25:18;135869,56
2026-05-13 10:25:18;60679,61
2026-05-13 10:25:18;231481,5
2026-05-13 10:25:18;76219,516
2026-05-13 10:25:18;163043,47
2026-05-13 10:25:18;320512,8
2026-05-13 10:25:18;152439,02
2026-05-13 10:25:18;104166,664
2026-05-13 10:25:18;306748,47
2026-05-13 10:25:18;88652,484
2026-05-13 10:25:18;250000
2026-05-13 10:25:18;185643,56
2026-05-13 10:25:18;158898,31
2026-05-13 10:25:18;111607,15
2026-05-13 10:25:18;135869,56
2026-05-13 10:25:18;225225,23
2026-05-13 10:25:18;130208,32
2026-05-13 10:25:18;122549,03
2026-05-13 10:25:18;116822,42
2026-05-13 10:25:18;119047,62
2026-05-13 10:25:18;187500
2026-05-13 10:25:18;234375
2026-05-13 10:25:18;237341,77
2026-05-13 10:25:18;216763,02
2026-05-13 10:25:18;123762,375
2026-05-13 10:25:18;294117,66
2026-05-13 10:25:18;210674,17
2026-05-13 10:25:18;343406,6
2026-05-13 10:25:18;130208,336
2026-05-13 10:25:18;187500
2026-05-13 10:25:18;137867,64
2026-05-13 10:25:18;114329,27
2026-05-13 10:25:18;203804,34
2026-05-13 10:25:18;NaN
2026-05-13 10:25:18;320512,8
2026-05-13 10:25:18;223214,3
2026-05-13 10:25:18;180288,47
2026-05-13 10:25:18;135869,56
2026-05-13 10:25:18;213068,19
2026-05-13 10:25:18;87412,586
2026-05-13 10:25:18;73529,414
2026-05-13 10:25:18;104166,664
2026-05-13 10:25:18;267857,16
2026-05-13 10:25:19;130208,336
2026-05-13 10:25:19;123355,266
2026-05-13 10:25:19;186567,17
2026-05-13 10:25:19;177304,97
2026-05-13 10:25:19;243506,5
2026-05-13 10:25:19;182038,84
2026-05-13 10:25:19;234375
2026-05-13 10:25:19;135869,56
2026-05-13 10:25:19;198412,7
2026-05-13 10:25:19;240384,61
2026-05-13 10:25:19;242718,44
2026-05-13 10:25:19;215517,23
2026-05-13 10:25:19;290697,7
2026-05-13 10:25:19;182038,83
2026-05-13 10:25:19;189393,94
2026-05-13 10:25:19;147058,83
2026-05-13 10:25:19;242718,44
2026-05-13 10:25:19;161637,92
2026-05-13 10:25:19;186567,17
2026-05-13 10:25:19;347222,22
2026-05-13 10:25:19;277777,78
2026-05-13 10:25:19;139925,38
2026-05-13 10:25:19;NaN
2026-05-13 10:25:19;242718,44
2026-05-13 10:25:19;229357,78
2026-05-13 10:25:19;213068,19
2026-05-13 10:25:19;112951,805
2026-05-13 10:25:19;142045,45
2026-05-13 10:25:19;117924,52
2026-05-13 10:25:19;250000
2026-05-13 10:25:19;294117,66
2026-05-13 10:25:19;193298,97
2026-05-13 10:25:19;186567,17
2026-05-13 10:25:19;189393,94
2026-05-13 10:25:19;103305,79
2026-05-13 10:25:19;199468,08
2026-05-13 10:25:19;143129,77
2026-05-13 10:25:19;182038,83
2026-05-13 10:25:19;186567,17
2026-05-13 10:25:19;231481,5
2026-05-13 10:25:19;154321
2026-05-13 10:25:19;132978,72
2026-05-13 10:25:19;264084,5
2026-05-13 10:25:19;134408,61
2026-05-13 10:25:19;181159,42
2026-05-13 10:25:19;264830,5
2026-05-13 10:25:19;287356,3
2026-05-13 10:25:19;186011,9
2026-05-13 10:25:19;328947,34
2026-05-13 10:25:19;300480,75
2026-05-13 10:25:19;183823,52
2026-05-13 10:25:19;203252,05
2026-05-13 10:25:19;131118,89
2026-05-13 10:25:19;292056,1
2026-05-13 10:25:19;271739,12
2026-05-13 10:25:19;97656,25
2026-05-13 10:25:19;255102,05
2026-05-13 10:25:19;81168,836
2026-05-13 10:25:19;76219,51
2026-05-13 10:25:19;223214,3
2026-05-13 10:25:19;111607,15
2026-05-13 10:25:19;173611,11
2026-05-13 10:25:19;208333,33
2026-05-13 10:25:19;254065,03
2026-05-13 10:25:19;119047,62
2026-05-13 10:25:19;114678,91
2026-05-13 10:25:19;353773,6
2026-05-13 10:25:19;198412,69
2026-05-13 10:25:19;139925,38
2026-05-13 10:25:19;245098,03
2026-05-13 10:25:19;407608,7
2026-05-13 10:25:19;268817,22
2026-05-13 10:25:19;297619,06
2026-05-13 10:25:19;107296,14
2026-05-13 10:25:19;127551,02
2026-05-13 10:25:19;340909,06
2026-05-13 10:25:19;294117,66
2026-05-13 10:25:19;NaN
2026-05-13 10:25:19;111607,15
2026-05-13 10:25:19;56818,184
2026-05-13 10:25:19;107142,85
2026-05-13 10:25:19;210674,17
2026-05-13 10:25:19;160256,4
2026-05-13 10:25:19;351123,6
2026-05-13 10:25:19;288461,53
2026-05-13 10:25:19;231481,5
2026-05-13 10:25:19;265957,44
2026-05-13 10:25:19;189393,94
2026-05-13 10:25:19;240384,61
2026-05-13 10:25:19;181159,42
2026-05-13 10:25:19;161637,92
2026-05-13 10:25:19;309917,34
2026-05-13 10:25:19;215517,23
2026-05-13 10:25:19;347222,22
2026-05-13 10:25:19;156250
2026-05-13 10:25:19;143678,16
2026-05-13 10:25:19;180288,47
2026-05-13 10:25:19;170454,55
2026-05-13 10:25:19;206953,66
2026-05-13 10:25:19;200320,52
2026-05-13 10:25:19;199468,08
2026-05-13 10:25:19;242248,06
2026-05-13 10:25:19;234375
2026-05-13 10:25:19;271739,12
2026-05-13 10:25:19;173611,11
2026-05-13 10:25:19;178571,44
2026-05-13 10:25:19;137362,62
2026-05-13 10:25:19;75301,2
2026-05-13 10:25:19;142045,45
2026-05-13 10:25:19;357142,84
2026-05-13 10:25:19;120192,305
2026-05-13 10:25:19;125838,93
2026-05-13 10:25:19;167785,25
2026-05-13 10:25:19;308642
2026-05-13 10:25:19;157563,03
2026-05-13 10:25:19;245098,03
2026-05-13 10:25:19;178571,44
2026-05-13 10:25:19;116822,42
2026-05-13 10:25:19;115740,75
2026-05-13 10:25:19;135869,56
2026-05-13 10:25:19;206953,66
2026-05-13 10:25:19;289351,84
2026-05-13 10:25:19;192307,7
2026-05-13 10:25:19;175233,64
2026-05-13 10:25:19;229357,78
2026-05-13 10:25:19;262605,03
2026-05-13 10:25:19;390625
2026-05-13 10:25:19;144508,67
2026-05-13 10:25:19;245098,03
2026-05-13 10:25:19;231481,47
2026-05-13 10:25:19;315656,56
2026-05-13 10:25:19;235849,08
2026-05-13 10:25:19;281954,88
2026-05-13 10:25:19;182481,75
2026-05-13 10:25:19;309917,34
2026-05-13 10:25:19;182481,77
2026-05-13 10:25:19;180288,47
2026-05-13 10:25:19;255102,05
2026-05-13 10:25:19;178571,44
2026-05-13 10:25:19;100806,445
2026-05-13 10:25:19;360576,94
2026-05-13 10:25:19;147637,8
2026-05-13 10:25:19;240384,61
2026-05-13 10:25:19;158227,84
2026-05-13 10:25:19;190839,69
2026-05-13 10:25:19;131578,95
2026-05-13 10:25:19;186567,17
2026-05-13 10:25:19;210674,14
2026-05-13 10:25:19;242718,44
2026-05-13 10:25:19;146484,38
2026-05-13 10:25:19;265957,44
2026-05-13 10:25:19;163043,47
2026-05-13 10:25:19;127551,02
2026-05-13 10:25:19;290697,7
2026-05-13 10:25:19;131578,95
2026-05-13 10:25:19;104166,664
2026-05-13 10:25:19;79113,92
2026-05-13 10:25:19;51229,51
2026-05-13 10:25:19;176056,34
2026-05-13 10:25:19;NaN
2026-05-13 10:25:19;396825,4
2026-05-13 10:25:19;NaN
2026-05-13 10:25:19;164473,67
2026-05-13 10:25:19;181159,42
2026-05-13 10:25:19;220588,25
2026-05-13 10:25:19;128424,65
2026-05-13 10:25:19;173611,11
2026-05-13 10:25:19;115030,68
2026-05-13 10:25:19;269784,16
2026-05-13 10:25:19;156250
2026-05-13 10:25:19;385802,5
2026-05-13 10:25:19;244140,62
2026-05-13 10:25:19;203252,05
2026-05-13 10:25:19;252525,25
2026-05-13 10:25:19;43706,297
2026-05-13 10:25:19;250000
2026-05-13 10:25:19;183823,52
2026-05-13 10:25:19;390625
2026-05-13 10:25:19;247524,75
2026-05-13 10:25:19;204918,02
2026-05-13 10:25:19;81168,836
2026-05-13 10:25:19;166666,66
2026-05-13 10:25:19;121359,22
2026-05-13 10:25:19;203252,05
2026-05-13 10:25:19;297619,03
2026-05-13 10:25:19;123762,375
2026-05-13 10:25:19;178571,44
2026-05-13 10:25:19;164473,69
2026-05-13 10:25:19;260416,64
2026-05-13 10:25:19;116822,42
2026-05-13 10:25:20;164473,69
2026-05-13 10:25:20;106837,6
2026-05-13 10:25:20;178571,44
2026-05-13 10:25:20;325520,84
2026-05-13 10:25:20;185643,56
2026-05-13 10:25:20;146627,56
2026-05-13 10:25:20;117187,5
2026-05-13 10:25:20;127551,02
2026-05-13 10:25:20;198412,7
2026-05-13 10:25:20;178571,44
2026-05-13 10:25:20;80818,96
2026-05-13 10:25:20;88028,17
2026-05-13 10:25:20;431034,47
2026-05-13 10:25:20;100000
2026-05-13 10:25:20;NaN
2026-05-13 10:25:20;52521,008
2026-05-13 10:25:20;234962,4
2026-05-13 10:25:20;280898,88
2026-05-13 10:25:20;213675,23
2026-05-13 10:25:20;281954,88
2026-05-13 10:25:20;117924,54
2026-05-13 10:25:20;225903,61
2026-05-13 10:25:20;132978,73
2026-05-13 10:25:20;105932,2
2026-05-13 10:25:20;322164,97
2026-05-13 10:25:20;160256,4
2026-05-13 10:25:20;220588,25
2026-05-13 10:25:20;198412,7
2026-05-13 10:25:20;145348,84
2026-05-13 10:25:20;279850,75
2026-05-13 10:25:20;193298,97
2026-05-13 10:25:20;158898,31
2026-05-13 10:25:20;120192,305
2026-05-13 10:25:20;195312,5
2026-05-13 10:25:20;204918,02
2026-05-13 10:25:20;215517,23
2026-05-13 10:25:20;206953,66
2026-05-13 10:25:20;215517,23
2026-05-13 10:25:20;215517,23
2026-05-13 10:25:20;165929,19
2026-05-13 10:25:20;264084,5
2026-05-13 10:25:20;165929,2
2026-05-13 10:25:20;142045,45
2026-05-13 10:25:20;143678,16
2026-05-13 10:25:20;297619,06
2026-05-13 10:25:20;260416,67
2026-05-13 10:25:20;267094,03
2026-05-13 10:25:20;180288,47
2026-05-13 10:25:20;360576,94
2026-05-13 10:25:20;91240,875
2026-05-13 10:25:20;NaN
2026-05-13 10:25:20;355113,66
2026-05-13 10:25:20;297619
2026-05-13 10:25:20;147058,83
2026-05-13 10:25:20;123762,375
2026-05-13 10:25:20;65104,168
2026-05-13 10:25:20;106837,62
2026-05-13 10:25:20;164473,69
2026-05-13 10:25:20;309405,94
2026-05-13 10:25:20;235849,08
2026-05-13 10:25:20;120967,74
2026-05-13 10:25:20;126262,625
2026-05-13 10:25:20;176886,78
2026-05-13 10:25:20;119047,62
2026-05-13 10:25:20;250000
2026-05-13 10:25:20;189393,95
2026-05-13 10:25:20;83333,33
2026-05-13 10:25:20;238095,23
2026-05-13 10:25:20;206611,58
2026-05-13 10:25:20;180288,47
2026-05-13 10:25:20;163398,7
2026-05-13 10:25:20;182038,83
2026-05-13 10:25:20;364583,34
2026-05-13 10:25:20;208333,33
2026-05-13 10:25:20;201612,9
2026-05-13 10:25:20;NaN
2026-05-13 10:25:20;166666,66
2026-05-13 10:25:20;185643,55
2026-05-13 10:25:20;304878,06
2026-05-13 10:25:20;274122,8
2026-05-13 10:25:20;312500,03
2026-05-13 10:25:20;237341,77
2026-05-13 10:25:20;203804,34
2026-05-13 10:25:20;110946,74
2026-05-13 10:25:20;223214,3
2026-05-13 10:25:20;135869,56
2026-05-13 10:25:20;163043,48
2026-05-13 10:25:20;170068,03
2026-05-13 10:25:20;247524,75
2026-05-13 10:25:20;297619,06
2026-05-13 10:25:20;132978,72
2026-05-13 10:25:20;231481,47
2026-05-13 10:25:20;289735,1
2026-05-13 10:25:20;153688,53
2026-05-13 10:25:20;250000
2026-05-13 10:25:20;105932,2
2026-05-13 10:25:20;145348,84
2026-05-13 10:25:20;247524,75
2026-05-13 10:25:20;81168,83
2026-05-13 10:25:20;151209,69
2026-05-13 10:25:20;160256,4
2026-05-13 10:25:20;176056,34
2026-05-13 10:25:20;81168,836
2026-05-13 10:25:20;174825,17
2026-05-13 10:25:20;375000
2026-05-13 10:25:20;198412,7
2026-05-13 10:25:20;210674,17
2026-05-13 10:25:20;284090,9
2026-05-13 10:25:20;192307,69
2026-05-13 10:25:20;135869,56
2026-05-13 10:25:20;309917,34
2026-05-13 10:25:20;175233,64
2026-05-13 10:25:20;176886,8
2026-05-13 10:25:20;225903,61
2026-05-13 10:25:20;109649,125
2026-05-13 10:25:20;192307,69
2026-05-13 10:25:20;105932,2
2026-05-13 10:25:20;240384,61
2026-05-13 10:25:20;390625
2026-05-13 10:25:20;211864,4
2026-05-13 10:25:20;211864,4
2026-05-13 10:25:20;185643,56
2026-05-13 10:25:20;185643,56
2026-05-13 10:25:20;235849,08
2026-05-13 10:25:20;130208,32
2026-05-13 10:25:20;284090,9
2026-05-13 10:25:20;180288,47
2026-05-13 10:25:20;297619,06
2026-05-13 10:25:20;164473,69
2026-05-13 10:25:20;208333,33
2026-05-13 10:25:20;189393,95
2026-05-13 10:25:20;267857,12
2026-05-13 10:25:20;91911,766
2026-05-13 10:25:20;208333,34
2026-05-13 10:25:20;292056,1
2026-05-13 10:25:20;132042,25
2026-05-13 10:25:20;NaN
2026-05-13 10:25:20;215517,23
2026-05-13 10:25:20;235849,08
2026-05-13 10:25:20;217391,3
2026-05-13 10:25:20;100806,445
2026-05-13 10:25:20;360576,94
2026-05-13 10:25:20;243506,48
2026-05-13 10:25:20;NaN
2026-05-13 10:25:20;132978,72
2026-05-13 10:25:20;180288,47
2026-05-13 10:25:20;367647,06
2026-05-13 10:25:20;187500
2026-05-13 10:25:20;138888,89
2026-05-13 10:25:20;78125,01
2026-05-13 10:25:20;93283,58
2026-05-13 10:25:20;256147,53
2026-05-13 10:25:20;117924,54
2026-05-13 10:25:20;147058,83
2026-05-13 10:25:20;152439,03
2026-05-13 10:25:20;162337,66
2026-05-13 10:25:20;250000
2026-05-13 10:25:20;267857,12
2026-05-13 10:25:20;240384,61
2026-05-13 10:25:20;156250
2026-05-13 10:25:20;185185,17
2026-05-13 10:25:20;243506,5
2026-05-13 10:25:20;306372,53
2026-05-13 10:25:20;143678,16
2026-05-13 10:25:20;182926,83
2026-05-13 10:25:20;382653,1
2026-05-13 10:25:20;211864,4
2026-05-13 10:25:20;233644,84
2026-05-13 10:25:20;247524,75
2026-05-13 10:25:20;215517,23
2026-05-13 10:25:20;308642
2026-05-13 10:25:20;160256,4
2026-05-13 10:25:20;150602,4
2026-05-13 10:25:20;164473,67
2026-05-13 10:25:20;175233,64
2026-05-13 10:25:20;210084,03
2026-05-13 10:25:20;297619,03
2026-05-13 10:25:20;132978,72
2026-05-13 10:25:20;125000
2026-05-13 10:25:20;240384,61
2026-05-13 10:25:20;182038,84
2026-05-13 10:25:20;147637,8
2026-05-13 10:25:20;223214,3
2026-05-13 10:25:20;145348,84
2026-05-13 10:25:20;312500
2026-05-13 10:25:20;119047,62
2026-05-13 10:25:20;382653,03
2026-05-13 10:25:20;235849,08
2026-05-13 10:25:20;269784,2
2026-05-13 10:25:20;213068,19
2026-05-13 10:25:20;89285,72
2026-05-13 10:25:20;153688,53
2026-05-13 10:25:20;109649,125
2026-05-13 10:25:20;NaN
2026-05-13 10:25:20;120192,32
2026-05-13 10:25:20;271739,12
2026-05-13 10:25:20;277777,78
2026-05-13 10:25:20;199468,1
2026-05-13 10:25:20;85616,44
2026-05-13 10:25:20;67204,305
2026-05-13 10:25:20;168918,92
2026-05-13 10:25:20;246710,53
2026-05-13 10:25:20;175233,64
2026-05-13 10:25:20;198412,7
2026-05-13 10:25:20;165929,2
2026-05-13 10:25:20;421348,28
2026-05-13 10:25:20;304878,06
2026-05-13 10:25:20;120192,305
2026-05-13 10:25:20;113636,37
2026-05-13 10:25:20;172018,34
2026-05-13 10:25:20;240384,61
2026-05-13 10:25:20;117924,51
2026-05-13 10:25:20;165929,2
2026-05-13 10:25:20;284090,9
2026-05-13 10:25:20;334821,44
2026-05-13 10:25:20;225225,23
2026-05-13 10:25:20;208333,33
2026-05-13 10:25:20;154321
2026-05-13 10:25:20;94696,98
2026-05-13 10:25:20;NaN
2026-05-13 10:25:20;173611,11
2026-05-13 10:25:20;73529,414
2026-05-13 10:25:21;306372,53
2026-05-13 10:25:21;NaN
2026-05-13 10:25:21;203252,05
2026-05-13 10:25:21;287356,3
2026-05-13 10:25:21;151209,67
2026-05-13 10:25:21;139925,36
2026-05-13 10:25:21;127551,02
2026-05-13 10:25:21;210084,05
2026-05-13 10:25:21;163612,56
2026-05-13 10:25:21;274122,8
2026-05-13 10:25:21;119047,62
2026-05-13 10:25:21;146484,38
2026-05-13 10:25:21;51229,504
2026-05-13 10:25:21;136861,31
2026-05-13 10:25:21;128865,984
2026-05-13 10:25:21;218023,25
2026-05-13 10:25:21;180288,47
2026-05-13 10:25:21;225903,61
2026-05-13 10:25:21;147928,98
2026-05-13 10:25:21;242718,44
2026-05-13 10:25:21;204248,36
2026-05-13 10:25:21;113636,37
2026-05-13 10:25:21;308641,97
2026-05-13 10:25:21;201612,89
2026-05-13 10:25:21;140449,44
2026-05-13 10:25:21;NaN
2026-05-13 10:25:21;227272,73
2026-05-13 10:25:21;114678,91
2026-05-13 10:25:21;137362,62
2026-05-13 10:25:21;181686,05
2026-05-13 10:25:21;154958,67
2026-05-13 10:25:21;201612,9
2026-05-13 10:25:21;NaN
2026-05-13 10:25:21;260416,67
2026-05-13 10:25:21;238095,23
2026-05-13 10:25:21;88652,484
2026-05-13 10:25:21;256849,33
2026-05-13 10:25:21;156250
2026-05-13 10:25:21;206043,95
2026-05-13 10:25:21;183823,53
2026-05-13 10:25:21;140449,44
2026-05-13 10:25:21;220588,22
2026-05-13 10:25:21;213068,19
2026-05-13 10:25:21;229357,81
2026-05-13 10:25:21;134408,61
2026-05-13 10:25:21;178571,44
2026-05-13 10:25:21;180288,47
2026-05-13 10:25:21;269396,53
2026-05-13 10:25:21;138888,89
2026-05-13 10:25:21;292968,75
2026-05-13 10:25:21;135869,56
2026-05-13 10:25:21;178571,44
2026-05-13 10:25:21;217391,33
2026-05-13 10:25:21;195312,48
2026-05-13 10:25:21;300480,75
2026-05-13 10:25:21;302419,34
2026-05-13 10:25:21;275735,28
2026-05-13 10:25:21;231481,5
2026-05-13 10:25:21;172018,34
2026-05-13 10:25:21;99206,35
2026-05-13 10:25:21;176886,78
2026-05-13 10:25:21;158227,84
2026-05-13 10:25:21;231481,5
2026-05-13 10:25:21;203252,05
2026-05-13 10:25:21;125000
2026-05-13 10:25:21;145348,83
2026-05-13 10:25:21;77639,75
2026-05-13 10:25:21;135869,56
2026-05-13 10:25:21;102459,01
2026-05-13 10:25:21;158227,84
2026-05-13 10:25:21;221893,48
2026-05-13 10:25:21;227272,73
2026-05-13 10:25:21;104166,67
2026-05-13 10:25:21;137867,64
2026-05-13 10:25:21;147058,83
2026-05-13 10:25:21;164473,69
2026-05-13 10:25:21;260416,67
2026-05-13 10:25:21;146484,38
2026-05-13 10:25:21;223214,3
2026-05-13 10:25:21;161637,92
2026-05-13 10:25:21;265957,44
2026-05-13 10:25:21;150000
2026-05-13 10:25:21;170454,53
2026-05-13 10:25:21;306372,53
2026-05-13 10:25:21;275735,3
2026-05-13 10:25:21;111607,15
2026-05-13 10:25:21;220588,25
2026-05-13 10:25:21;126262,625
2026-05-13 10:25:21;187500
2026-05-13 10:25:21;164473,69
2026-05-13 10:25:21;185643,56
2026-05-13 10:25:21;201612,89
2026-05-13 10:25:21;117924,52
2026-05-13 10:25:21;192307,7
2026-05-13 10:25:21;175233,66
2026-05-13 10:25:21;304878,03
2026-05-13 10:25:21;122549,016
2026-05-13 10:25:21;292056,1
2026-05-13 10:25:21;130208,336
2026-05-13 10:25:21;132978,73
2026-05-13 10:25:21;164473,69
2026-05-13 10:25:21;240384,64
2026-05-13 10:25:21;191326,55
2026-05-13 10:25:21;284090,94
2026-05-13 10:25:21;250000
2026-05-13 10:25:21;255102,05
2026-05-13 10:25:21;191326,55
2026-05-13 10:25:21;186567,17
2026-05-13 10:25:21;181159,42
2026-05-13 10:25:21;257731,97
2026-05-13 10:25:21;210674,17
2026-05-13 10:25:21;111607,15
2026-05-13 10:25:21;257731,97
2026-05-13 10:25:21;218023,25
2026-05-13 10:25:21;431034,47
2026-05-13 10:25:21;208333,33
2026-05-13 10:25:21;204918,02
2026-05-13 10:25:21;117924,52
2026-05-13 10:25:21;66489,37
2026-05-13 10:25:21;178571,44
2026-05-13 10:25:21;334821,44
2026-05-13 10:25:21;84459,46
2026-05-13 10:25:21;206611,58
2026-05-13 10:25:21;160256,4
2026-05-13 10:25:21;199468,08
2026-05-13 10:25:21;115740,75
2026-05-13 10:25:21;138888,89
2026-05-13 10:25:21;370762,75
2026-05-13 10:25:21;343406,6
2026-05-13 10:25:21;263157,9
2026-05-13 10:25:21;183823,52
2026-05-13 10:25:21;250000
2026-05-13 10:25:21;138888,89
2026-05-13 10:25:21;288461,53
2026-05-13 10:25:21;271739,12
2026-05-13 10:25:21;148809,53
2026-05-13 10:25:21;189393,94
2026-05-13 10:25:21;181159,42
2026-05-13 10:25:21;182038,84
2026-05-13 10:25:21;187500
2026-05-13 10:25:21;210674,17
2026-05-13 10:25:21;223214,3
2026-05-13 10:25:21;NaN
2026-05-13 10:25:21;244140,62
2026-05-13 10:25:21;247524,75
2026-05-13 10:25:21;154958,67
2026-05-13 10:25:21;71839,08
2026-05-13 10:25:21;74404,766
2026-05-13 10:25:21;277777,78
2026-05-13 10:25:21;173611,11
2026-05-13 10:25:21;289735,1
2026-05-13 10:25:21;156250
2026-05-13 10:25:21;NaN
2026-05-13 10:25:21;160256,4
2026-05-13 10:25:21;245098,03
2026-05-13 10:25:21;211864,4
2026-05-13 10:25:21;217013,89
2026-05-13 10:25:21;152439,02
2026-05-13 10:25:21;181159,4
2026-05-13 10:25:21;290697,7
2026-05-13 10:25:21;378787,88
2026-05-13 10:25:21;131578,95
2026-05-13 10:25:21;122549,016
2026-05-13 10:25:21;152439,03
2026-05-13 10:25:21;218023,27
2026-05-13 10:25:21;206611,58
2026-05-13 10:25:21;180288,47
2026-05-13 10:25:21;183823,53
2026-05-13 10:25:21;99206,35
2026-05-13 10:25:21;193798,45
2026-05-13 10:25:21;137362,62
2026-05-13 10:25:21;NaN
2026-05-13 10:25:21;301204,8
2026-05-13 10:25:21;254065,06
2026-05-13 10:25:21;265957,47
2026-05-13 10:25:21;297619,06
2026-05-13 10:25:21;164473,69
2026-05-13 10:25:21;175233,66
2026-05-13 10:25:21;100806,45
2026-05-13 10:25:21;192307,69
2026-05-13 10:25:21;225225,23
2026-05-13 10:25:21;286697,25
2026-05-13 10:25:21;224820,16
2026-05-13 10:25:21;156250
2026-05-13 10:25:21;120192,305
2026-05-13 10:25:21;167112,3
2026-05-13 10:25:21;231481,5
2026-05-13 10:25:21;160256,4
2026-05-13 10:25:21;178571,44
2026-05-13 10:25:21;164473,67
2026-05-13 10:25:21;312499,97
2026-05-13 10:25:21;128865,984
2026-05-13 10:25:21;318471,34
2026-05-13 10:25:21;148809,53
2026-05-13 10:25:21;254065,03
2026-05-13 10:25:21;257731,97
2026-05-13 10:25:21;303398,06
2026-05-13 10:25:21;297619,06
2026-05-13 10:25:21;225225,23
2026-05-13 10:25:21;72254,336
2026-05-13 10:25:21;337837,84
2026-05-13 10:25:21;253378,38
2026-05-13 10:25:21;50000
2026-05-13 10:25:21;146484,38
2026-05-13 10:25:21;148809,53
2026-05-13 10:25:21;109649,125
2026-05-13 10:25:21;180635,83
2026-05-13 10:25:21;250000
2026-05-13 10:25:21;275735,28
2026-05-13 10:25:21;210084,05
2026-05-13 10:25:21;125000
2026-05-13 10:25:21;172018,34
2026-05-13 10:25:21;247524,75
2026-05-13 10:25:21;271739,12
2026-05-13 10:25:21;173611,11
2026-05-13 10:25:21;218023,25
2026-05-13 10:25:21;183823,52
2026-05-13 10:25:21;157563,02
2026-05-13 10:25:21;150000
2026-05-13 10:25:21;180288,47
2026-05-13 10:25:21;139664,81
2026-05-13 10:25:21;206611,58
2026-05-13 10:25:21;157563,03
2026-05-13 10:25:21;53879,31
2026-05-13 10:25:21;167785,25
2026-05-13 10:25:21;215517,23
2026-05-13 10:25:21;231481,5
2026-05-13 10:25:21;113636,37
2026-05-13 10:25:21;234375
2026-05-13 10:25:21;367647,03
2026-05-13 10:25:22;49212,598
2026-05-13 10:25:22;228658,53
2026-05-13 10:25:22;215517,23
2026-05-13 10:25:22;164473,69
2026-05-13 10:25:22;173611,11
2026-05-13 10:25:22;156250
2026-05-13 10:25:22;240384,61
2026-05-13 10:25:22;118670,88
2026-05-13 10:25:22;223214,3
2026-05-13 10:25:22;255102,05
2026-05-13 10:25:22;152439,03
2026-05-13 10:25:22;123762,375
2026-05-13 10:25:22;218531,48
2026-05-13 10:25:22;287356,3
2026-05-13 10:25:22;351123,6
2026-05-13 10:25:22;131578,95
2026-05-13 10:25:22;115740,75
2026-05-13 10:25:22;163043,48
2026-05-13 10:25:22;245098,03
2026-05-13 10:25:22;195312,5
2026-05-13 10:25:22;215517,23
2026-05-13 10:25:22;263157,9
2026-05-13 10:25:22;211864,4
2026-05-13 10:25:22;123355,266
2026-05-13 10:25:22;210674,17
2026-05-13 10:25:22;148809,53
2026-05-13 10:25:22;125000
2026-05-13 10:25:22;260416,67
2026-05-13 10:25:22;99206,35
2026-05-13 10:25:22;112612,62
2026-05-13 10:25:22;167410,72
2026-05-13 10:25:22;147637,8
2026-05-13 10:25:22;189393,94
2026-05-13 10:25:22;228658,53
2026-05-13 10:25:22;208333,34
2026-05-13 10:25:22;140977,44
2026-05-13 10:25:22;135869,56
2026-05-13 10:25:22;210674,17
2026-05-13 10:25:22;315656,56
2026-05-13 10:25:22;206043,95
2026-05-13 10:25:22;294117,66
2026-05-13 10:25:22;130208,336
2026-05-13 10:25:22;240384,61
2026-05-13 10:25:22;116822,42
2026-05-13 10:25:22;156250,02
2026-05-13 10:25:22;119047,62
2026-05-13 10:25:22;260416,67
2026-05-13 10:25:22;200000
2026-05-13 10:25:22;81699,35
2026-05-13 10:25:22;231481,5
2026-05-13 10:25:22;211864,4
2026-05-13 10:25:22;258264,47
2026-05-13 10:25:22;81699,35
2026-05-13 10:25:22;167112,3
2026-05-13 10:25:22;178571,44
2026-05-13 10:25:22;173611,11
2026-05-13 10:25:22;145348,84
2026-05-13 10:25:22;271739,12
2026-05-13 10:25:22;271739,12
2026-05-13 10:25:22;290697,7
2026-05-13 10:25:22;200000
2026-05-13 10:25:22;373134,3
2026-05-13 10:25:22;157563,02
2026-05-13 10:25:22;202922,1
2026-05-13 10:25:22;267094,03
2026-05-13 10:25:22;189393,95
2026-05-13 10:25:22;81168,836
2026-05-13 10:25:22;316455,72
2026-05-13 10:25:22;225903,61
2026-05-13 10:25:22;247524,75
2026-05-13 10:25:22;106837,62
2026-05-13 10:25:22;154958,67
2026-05-13 10:25:22;29620,854
2026-05-13 10:25:22;256849,33
2026-05-13 10:25:22;220588,22
2026-05-13 10:25:22;306372,53
2026-05-13 10:25:22;83333,336
2026-05-13 10:25:22;134892,1
2026-05-13 10:25:22;223214,3
2026-05-13 10:25:22;NaN
2026-05-13 10:25:22;119047,62
2026-05-13 10:25:22;173611,11
2026-05-13 10:25:22;196850,39
2026-05-13 10:25:22;220070,42
2026-05-13 10:25:22;183823,53
2026-05-13 10:25:22;135869,56
2026-05-13 10:25:22;220588,22
2026-05-13 10:25:22;229357,78
2026-05-13 10:25:22;284090,94
2026-05-13 10:25:22;231481,5
2026-05-13 10:25:22;98684,21
2026-05-13 10:25:22;111607,15
2026-05-13 10:25:22;101626,02
2026-05-13 10:25:22;130208,336
2026-05-13 10:25:22;221238,94
2026-05-13 10:25:22;157563,03
2026-05-13 10:25:22;166666,66
2026-05-13 10:25:22;350467,28
2026-05-13 10:25:22;328947,4
2026-05-13 10:25:22;151209,67
2026-05-13 10:25:22;163043,48
2026-05-13 10:25:22;100000
2026-05-13 10:25:22;185185,17
2026-05-13 10:25:22;96153,84
2026-05-13 10:25:22;215517,23
2026-05-13 10:25:22;320512,8
2026-05-13 10:25:22;231481,5
2026-05-13 10:25:22;202922,08
2026-05-13 10:25:22;187500
2026-05-13 10:25:22;187969,92
2026-05-13 10:25:22;208333,33
2026-05-13 10:25:22;127551,02
2026-05-13 10:25:22;112612,62
2026-05-13 10:25:22;91911,76
2026-05-13 10:25:22;163398,7
2026-05-13 10:25:22;367647,06
2026-05-13 10:25:22;182038,83
2026-05-13 10:25:22;242718,44
2026-05-13 10:25:22;151209,67
2026-05-13 10:25:22;208333,33
2026-05-13 10:25:22;294117,66
2026-05-13 10:25:22;233208,95
2026-05-13 10:25:22;284090,9
2026-05-13 10:25:22;168918,92
2026-05-13 10:25:22;217391,3
2026-05-13 10:25:22;215517,23
2026-05-13 10:25:22;154958,67
2026-05-13 10:25:22;382653,03
2026-05-13 10:25:22;146198,83
2026-05-13 10:25:22;147637,8
2026-05-13 10:25:22;242718,44
2026-05-13 10:25:22;242718,44
2026-05-13 10:25:22;89928,06
2026-05-13 10:25:22;163043,47
2026-05-13 10:25:22;271739,12
2026-05-13 10:25:22;235849,05
2026-05-13 10:25:22;123762,375
2026-05-13 10:25:22;177304,97
2026-05-13 10:25:22;352112,7
2026-05-13 10:25:22;112951,805
2026-05-13 10:25:22;80472,1
2026-05-13 10:25:22;148809,52
2026-05-13 10:25:22;182038,84
2026-05-13 10:25:22;127551,02
2026-05-13 10:25:22;182038,83
2026-05-13 10:25:22;163398,7
2026-05-13 10:25:22;344036,7
2026-05-13 10:25:22;178571,44
2026-05-13 10:25:22;357142,88
2026-05-13 10:25:22;132978,72
2026-05-13 10:25:22;245098,03
2026-05-13 10:25:22;76219,516
2026-05-13 10:25:22;168918,92
2026-05-13 10:25:22;113636,37
2026-05-13 10:25:22;81168,836
2026-05-13 10:25:22;185643,56
2026-05-13 10:25:22;178571,44
2026-05-13 10:25:22;91911,766
2026-05-13 10:25:22;208333,34
2026-05-13 10:25:22;181159,42
2026-05-13 10:25:22;223214,3
2026-05-13 10:25:22;331858,4
2026-05-13 10:25:22;148809,53
2026-05-13 10:25:22;225903,61
2026-05-13 10:25:22;322164,97
2026-05-13 10:25:22;208333,34
2026-05-13 10:25:22;77160,49
2026-05-13 10:25:22;173611,11
2026-05-13 10:25:22;255102,05
2026-05-13 10:25:22;250000
2026-05-13 10:25:22;114678,91
2026-05-13 10:25:22;60679,61
2026-05-13 10:25:22;153688,53
2026-05-13 10:25:22;309405,94
2026-05-13 10:25:22;370370,34
2026-05-13 10:25:22;157563,03
2026-05-13 10:25:22;173611,11
2026-05-13 10:25:22;71022,73
2026-05-13 10:25:22;95419,84
2026-05-13 10:25:22;122549,016
2026-05-13 10:25:22;147637,8
2026-05-13 10:25:22;145348,84
2026-05-13 10:25:22;180288,47
2026-05-13 10:25:22;77160,5
2026-05-13 10:25:22;328947,38
2026-05-13 10:25:22;246710,53
2026-05-13 10:25:22;88028,17
2026-05-13 10:25:22;201612,9
2026-05-13 10:25:22;238095,23
2026-05-13 10:25:22;96153,84
2026-05-13 10:25:22;189393,95
2026-05-13 10:25:22;199468,1
2026-05-13 10:25:22;145348,84
2026-05-13 10:25:22;110619,47
2026-05-13 10:25:22;144508,67
2026-05-13 10:25:22;125000
2026-05-13 10:25:22;63775,51
2026-05-13 10:25:22;71839,08
2026-05-13 10:25:22;178571,44
2026-05-13 10:25:22;260416,67
2026-05-13 10:25:22;NaN
2026-05-13 10:25:22;105932,2
2026-05-13 10:25:22;119047,62
2026-05-13 10:25:22;171232,88
2026-05-13 10:25:22;231481,47
2026-05-13 10:25:22;292968,75
2026-05-13 10:25:22;NaN
2026-05-13 10:25:22;185643,56
2026-05-13 10:25:22;126262,625
2026-05-13 10:25:22;262605,03
2026-05-13 10:25:22;87412,58
2026-05-13 10:25:22;100806,45
2026-05-13 10:25:22;91911,766
2026-05-13 10:25:22;168918,92
2026-05-13 10:25:22;134892,1
2026-05-13 10:25:22;164473,69
2026-05-13 10:25:22;328947,34
2026-05-13 10:25:22;280898,88
2026-05-13 10:25:22;152439,03
2026-05-13 10:25:22;247524,75
2026-05-13 10:25:22;373134,34
2026-05-13 10:25:22;168918,92
2026-05-13 10:25:22;88028,17
2026-05-13 10:25:22;182038,84
2026-05-13 10:25:22;150000
2026-05-13 10:25:22;73529,414
2026-05-13 10:25:22;NaN
2026-05-13 10:25:22;167410,72
2026-05-13 10:25:22;153688,53
2026-05-13 10:25:22;201612,89
2026-05-13 10:25:22;161637,94
2026-05-13 10:25:23;334821,44
2026-05-13 10:25:23;105932,2
2026-05-13 10:25:23;148809,53
2026-05-13 10:25:23;168918,92
2026-05-13 10:25:23;237341,77
2026-05-13 10:25:23;150000
2026-05-13 10:25:23;154958,67
2026-05-13 10:25:23;160256,4
2026-05-13 10:25:23;198412,69
2026-05-13 10:25:23;240384,64
2026-05-13 10:25:23;390625
2026-05-13 10:25:23;88652,484
2026-05-13 10:25:23;284090,9
2026-05-13 10:25:23;165929,2
2026-05-13 10:25:23;117924,52
2026-05-13 10:25:23;147058,83
2026-05-13 10:25:23;114678,89
2026-05-13 10:25:23;218023,25
2026-05-13 10:25:23;211864,4
2026-05-13 10:25:23;211864,4
2026-05-13 10:25:23;173611,11
2026-05-13 10:25:23;211864,4
2026-05-13 10:25:23;71839,08
2026-05-13 10:25:23;97656,25
2026-05-13 10:25:23;153688,53
2026-05-13 10:25:23;215517,23
2026-05-13 10:25:23;287356,3
2026-05-13 10:25:23;112951,805
2026-05-13 10:25:23;211148,66
2026-05-13 10:25:23;304878,06
2026-05-13 10:25:23;100806,445
2026-05-13 10:25:23;187500
2026-05-13 10:25:23;181159,42
2026-05-13 10:25:23;182038,83
2026-05-13 10:25:23;328947,34
2026-05-13 10:25:23;177304,97
2026-05-13 10:25:23;172018,34
2026-05-13 10:25:23;55803,574
2026-05-13 10:25:23;231481,47
2026-05-13 10:25:23;242718,44
2026-05-13 10:25:23;140977,44
2026-05-13 10:25:23;92592,59
2026-05-13 10:25:23;172018,34
2026-05-13 10:25:23;240384,61
2026-05-13 10:25:23;191326,55
2026-05-13 10:25:23;245098,03
2026-05-13 10:25:23;211864,4
2026-05-13 10:25:23;150000
2026-05-13 10:25:23;275735,28
2026-05-13 10:25:23;229779,42
2026-05-13 10:25:23;110619,47
2026-05-13 10:25:23;227272,73
2026-05-13 10:25:23;398936,16
2026-05-13 10:25:23;185643,56
2026-05-13 10:25:23;128424,664
2026-05-13 10:25:23;182748,55
2026-05-13 10:25:23;121359,22
2026-05-13 10:25:23;178571,42
2026-05-13 10:25:23;243506,48
2026-05-13 10:25:23;357142,88
2026-05-13 10:25:23;247524,75
2026-05-13 10:25:23;154320,98
2026-05-13 10:25:23;303398,03
2026-05-13 10:25:23;281531,53
2026-05-13 10:25:23;152439,03
2026-05-13 10:25:23;142045,45
2026-05-13 10:25:23;334821,44
2026-05-13 10:25:23;290697,7
2026-05-13 10:25:23;199468,1
2026-05-13 10:25:23;271739,12
2026-05-13 10:25:23;260416,67
2026-05-13 10:25:23;157232,7
2026-05-13 10:25:23;182038,83
2026-05-13 10:25:23;262605,03
2026-05-13 10:25:23;262605,03
2026-05-13 10:25:23;176886,8
2026-05-13 10:25:23;168918,92
2026-05-13 10:25:23;132978,73
2026-05-13 10:25:23;142045,45
2026-05-13 10:25:23;161637,92
2026-05-13 10:25:23;186567,16
2026-05-13 10:25:23;264084,5
2026-05-13 10:25:23;NaN
2026-05-13 10:25:23;215517,23
2026-05-13 10:25:23;292968,75
2026-05-13 10:25:23;148809,53
2026-05-13 10:25:23;156250
2026-05-13 10:25:23;91911,766
2026-05-13 10:25:23;252016,14
2026-05-13 10:25:23;176886,8
2026-05-13 10:25:23;191326,52
2026-05-13 10:25:23;245098,03
2026-05-13 10:25:23;446428,53
2026-05-13 10:25:23;201612,89
2026-05-13 10:25:23;279850,72
2026-05-13 10:25:23;215517,23
2026-05-13 10:25:23;229779,42
2026-05-13 10:25:23;246063
2026-05-13 10:25:23;117924,54
2026-05-13 10:25:23;147637,8
2026-05-13 10:25:23;174581,02
2026-05-13 10:25:23;117924,54
2026-05-13 10:25:23;91463,414
2026-05-13 10:25:23;180288,47
2026-05-13 10:25:23;55066,08
2026-05-13 10:25:23;277777,78
2026-05-13 10:25:23;NaN
2026-05-13 10:25:23;218023,25
2026-05-13 10:25:23;254065,03
2026-05-13 10:25:23;267094,03
2026-05-13 10:25:23;265957,44
2026-05-13 10:25:23;210084,05
2026-05-13 10:25:23;281531,53
2026-05-13 10:25:23;189393,95
2026-05-13 10:25:23;161637,92
2026-05-13 10:25:23;162337,67
2026-05-13 10:25:23;367647,03
2026-05-13 10:25:23;221631,2
2026-05-13 10:25:23;94696,98
2026-05-13 10:25:23;101626,02
2026-05-13 10:25:23;153688,53
2026-05-13 10:25:23;303398,06
2026-05-13 10:25:23;160256,4
2026-05-13 10:25:23;189393,94
2026-05-13 10:25:23;157563,02
2026-05-13 10:25:23;208333,33
2026-05-13 10:25:23;297619,06
2026-05-13 10:25:23;178571,44
2026-05-13 10:25:23;65789,48
2026-05-13 10:25:23;176056,34
2026-05-13 10:25:23;163043,48
2026-05-13 10:25:23;362318,84
2026-05-13 10:25:23;126262,625
2026-05-13 10:25:23;210084,05
2026-05-13 10:25:23;245098,03
2026-05-13 10:25:23;405844,2
2026-05-13 10:25:23;79617,836
2026-05-13 10:25:23;189393,94
2026-05-13 10:25:23;151209,67
2026-05-13 10:25:23;125000
2026-05-13 10:25:23;150602,4
2026-05-13 10:25:23;143678,16
2026-05-13 10:25:23;NaN
2026-05-13 10:25:23;148809,52
2026-05-13 10:25:23;312500,03
2026-05-13 10:25:23;300480,75
2026-05-13 10:25:23;168918,92
2026-05-13 10:25:23;233208,95
2026-05-13 10:25:23;183823,52
2026-05-13 10:25:23;100267,38
2026-05-13 10:25:23;357142,88
2026-05-13 10:25:23;304878,06
2026-05-13 10:25:23;102459,01
2026-05-13 10:25:23;107296,14
2026-05-13 10:25:23;227272,73
2026-05-13 10:25:23;211864,4
2026-05-13 10:25:23;242718,44
2026-05-13 10:25:23;290697,7
2026-05-13 10:25:23;215517,23
2026-05-13 10:25:23;223214,3
2026-05-13 10:25:23;136861,33
2026-05-13 10:25:23;225903,61
2026-05-13 10:25:23;120192,32
2026-05-13 10:25:23;162337,66
2026-05-13 10:25:23;134892,08
2026-05-13 10:25:23;101902,17
2026-05-13 10:25:23;228658,53
2026-05-13 10:25:23;185643,56
2026-05-13 10:25:23;255102,05
2026-05-13 10:25:23;264830,5
2026-05-13 10:25:23;233644,84
2026-05-13 10:25:23;215517,23
2026-05-13 10:25:23;113636,37
2026-05-13 10:25:23;274122,8
2026-05-13 10:25:23;138888,89
2026-05-13 10:25:23;122549,016
2026-05-13 10:25:23;176886,78
2026-05-13 10:25:23;140977,44
2026-05-13 10:25:23;474683,53
2026-05-13 10:25:23;156250,02
2026-05-13 10:25:23;260416,67
2026-05-13 10:25:23;118670,88
2026-05-13 10:25:23;81168,836
2026-05-13 10:25:23;280898,88
2026-05-13 10:25:23;257731,97
2026-05-13 10:25:23;113636,37
2026-05-13 10:25:23;97656,25
2026-05-13 10:25:23;85616,44
2026-05-13 10:25:23;132978,72
2026-05-13 10:25:23;367647,06
2026-05-13 10:25:23;182038,83
2026-05-13 10:25:23;86805,555
2026-05-13 10:25:23;57870,375
2026-05-13 10:25:23;151209,69
2026-05-13 10:25:23;125000
2026-05-13 10:25:23;87412,586
2026-05-13 10:25:23;227272,73
2026-05-13 10:25:23;137362,62
2026-05-13 10:25:23;160256,4
2026-05-13 10:25:23;121359,22
2026-05-13 10:25:23;208333,33
2026-05-13 10:25:23;174825,17
2026-05-13 10:25:23;256849,3
2026-05-13 10:25:23;219298,25
2026-05-13 10:25:23;227272,73
2026-05-13 10:25:23;88652,484
2026-05-13 10:25:23;121359,22
2026-05-13 10:25:23;206611,58
2026-05-13 10:25:23;121753,25
2026-05-13 10:25:23;154958,67
2026-05-13 10:25:23;176886,8
2026-05-13 10:25:23;117924,54
2026-05-13 10:25:23;123762,375
2026-05-13 10:25:23;221238,94
2026-05-13 10:25:23;221631,2
2026-05-13 10:25:23;212585,05
2026-05-13 10:25:23;218531,48
2026-05-13 10:25:23;100806,45
2026-05-13 10:25:23;145348,84
2026-05-13 10:25:23;201612,9
2026-05-13 10:25:23;125000
2026-05-13 10:25:23;152439,02
2026-05-13 10:25:23;98425,195
2026-05-13 10:25:23;360576,94
2026-05-13 10:25:23;297619,06
2026-05-13 10:25:23;277777,78
2026-05-13 10:25:23;238095,23
2026-05-13 10:25:23;122549,016
2026-05-13 10:25:23;227272,73
2026-05-13 10:25:23;79113,92
2026-05-13 10:25:23;185643,56
2026-05-13 10:25:23;306372,56
2026-05-13 10:25:23;217391,3
2026-05-13 10:25:24;168918,92
2026-05-13 10:25:24;158227,84
2026-05-13 10:25:24;168918,92
2026-05-13 10:25:24;178571,44
2026-05-13 10:25:24;170454,55
2026-05-13 10:25:24;97656,25
2026-05-13 10:25:24;76219,51
2026-05-13 10:25:24;343406,6
2026-05-13 10:25:24;123762,375
2026-05-13 10:25:24;104166,664
2026-05-13 10:25:24;235849,08
2026-05-13 10:25:24;195312,52
2026-05-13 10:25:24;290697,7
2026-05-13 10:25:24;180288,47
2026-05-13 10:25:24;343406,6
2026-05-13 10:25:24;301204,8
2026-05-13 10:25:24;105932,2
2026-05-13 10:25:24;217013,89
2026-05-13 10:25:24;114678,91
2026-05-13 10:25:24;93283,586
2026-05-13 10:25:24;267857,12
2026-05-13 10:25:24;235849,05
2026-05-13 10:25:24;203804,34
2026-05-13 10:25:24;NaN
2026-05-13 10:25:24;173611,11
2026-05-13 10:25:24;274725,28
2026-05-13 10:25:24;89285,72
2026-05-13 10:25:24;70621,47
2026-05-13 10:25:24;233644,84
2026-05-13 10:25:24;140977,44
2026-05-13 10:25:24;170454,55
2026-05-13 10:25:24;210674,14
2026-05-13 10:25:24;320512,8
2026-05-13 10:25:24;240384,64
2026-05-13 10:25:24;140449,44
2026-05-13 10:25:24;44014,086
2026-05-13 10:25:24;183823,53
2026-05-13 10:25:24;176886,8
2026-05-13 10:25:24;154320,98
2026-05-13 10:25:24;210084,05
2026-05-13 10:25:24;NaN
2026-05-13 10:25:24;183823,52
2026-05-13 10:25:24;112951,805
2026-05-13 10:25:24;247524,75
2026-05-13 10:25:24;172413,8
2026-05-13 10:25:24;260416,67
2026-05-13 10:25:24;109649,125
2026-05-13 10:25:24;334821,44
2026-05-13 10:25:24;268817,22
2026-05-13 10:25:24;78616,35
2026-05-13 10:25:24;127551,02
2026-05-13 10:25:24;83892,625
2026-05-13 10:25:24;178571,44
2026-05-13 10:25:24;61274,508
2026-05-13 10:25:24;139925,38
2026-05-13 10:25:24;142045,47
2026-05-13 10:25:24;218023,25
2026-05-13 10:25:24;300480,75
2026-05-13 10:25:24;142045,47
2026-05-13 10:25:24;231481,5
2026-05-13 10:25:24;115740,75
2026-05-13 10:25:24;133928,56
2026-05-13 10:25:24;164473,7
2026-05-13 10:25:24;96899,23
2026-05-13 10:25:24;350467,28
2026-05-13 10:25:24;263157,9
2026-05-13 10:25:24;195312,5
2026-05-13 10:25:24;277777,78
2026-05-13 10:25:24;132978,72
2026-05-13 10:25:24;223214,3
2026-05-13 10:25:24;210084,05
2026-05-13 10:25:24;257731,97
2026-05-13 10:25:24;201612,9
2026-05-13 10:25:24;225903,61
2026-05-13 10:25:24;197784,8
2026-05-13 10:25:24;242718,44
2026-05-13 10:25:24;86805,555
2026-05-13 10:25:24;154321
2026-05-13 10:25:24;390624,97
2026-05-13 10:25:24;375000
2026-05-13 10:25:24;240384,61
2026-05-13 10:25:24;NaN
2026-05-13 10:25:24;306372,53
2026-05-13 10:25:24;98425,195
2026-05-13 10:25:24;238095,23
2026-05-13 10:25:24;271739,12
2026-05-13 10:25:24;175233,64
2026-05-13 10:25:24;213675,23
2026-05-13 10:25:24;178571,44
2026-05-13 10:25:24;142045,45
2026-05-13 10:25:24;108381,51
2026-05-13 10:25:24;294117,66
2026-05-13 10:25:24;75301,2
2026-05-13 10:25:24;162337,67
2026-05-13 10:25:24;197368,42
2026-05-13 10:25:24;215517,23
2026-05-13 10:25:24;111607,15
2026-05-13 10:25:24;250000
2026-05-13 10:25:24;210084,03
2026-05-13 10:25:24;137362,64
2026-05-13 10:25:24;160256,4
2026-05-13 10:25:24;143129,77
2026-05-13 10:25:24;219298,25
2026-05-13 10:25:24;168918,92
2026-05-13 10:25:24;240384,64
2026-05-13 10:25:24;199468,1
2026-05-13 10:25:24;262605,03
2026-05-13 10:25:24;137867,66
2026-05-13 10:25:24;247524,75
2026-05-13 10:25:24;158227,86
2026-05-13 10:25:24;238095,23
2026-05-13 10:25:24;340909,06
2026-05-13 10:25:24;221238,94
2026-05-13 10:25:24;147637,8
2026-05-13 10:25:24;109649,125
2026-05-13 10:25:24;145348,84
2026-05-13 10:25:24;117924,54
2026-05-13 10:25:24;113636,37
2026-05-13 10:25:24;148809,53
2026-05-13 10:25:24;160256,4
2026-05-13 10:25:24;178571,44
2026-05-13 10:25:24;220588,25
2026-05-13 10:25:24;357142,88
2026-05-13 10:25:24;275735,28
2026-05-13 10:25:24;318877,56
2026-05-13 10:25:24;140449,44
2026-05-13 10:25:24;294117,66
2026-05-13 10:25:24;264830,5
2026-05-13 10:25:24;190839,69
2026-05-13 10:25:24;161637,92
2026-05-13 10:25:24;353773,6
2026-05-13 10:25:24;214041,1
2026-05-13 10:25:24;242718,44
2026-05-13 10:25:24;180288,47
2026-05-13 10:25:24;185643,56
2026-05-13 10:25:24;168918,92
2026-05-13 10:25:24;130208,336
2026-05-13 10:25:24;168918,92
2026-05-13 10:25:24;240384,61
2026-05-13 10:25:24;91911,766
2026-05-13 10:25:24;143678,16
2026-05-13 10:25:24;378787,88
2026-05-13 10:25:24;NaN
2026-05-13 10:25:24;189393,94
2026-05-13 10:25:24;215517,23
2026-05-13 10:25:24;294811,3
2026-05-13 10:25:24;160256,4
2026-05-13 10:25:24;176886,78
2026-05-13 10:25:24;253378,38
2026-05-13 10:25:24;284090,9
2026-05-13 10:25:24;189393,94
2026-05-13 10:25:24;144230,77
2026-05-13 10:25:24;195312,5
2026-05-13 10:25:24;107758,62
2026-05-13 10:25:24;135869,56
2026-05-13 10:25:24;187969,92
2026-05-13 10:25:24;142045,47
2026-05-13 10:25:24;376506
2026-05-13 10:25:24;240384,61
2026-05-13 10:25:24;347222,22
2026-05-13 10:25:24;183823,53
2026-05-13 10:25:24;240384,61
2026-05-13 10:25:24;292056,1
2026-05-13 10:25:24;284090,9
2026-05-13 10:25:24;145348,84
2026-05-13 10:25:24;280898,88
2026-05-13 10:25:24;250000
2026-05-13 10:25:24;134408,61
2026-05-13 10:25:24;195312,5
2026-05-13 10:25:24;113636,37
2026-05-13 10:25:24;240384,61
2026-05-13 10:25:24;93283,586
2026-05-13 10:25:24;168918,92
2026-05-13 10:25:24;257352,94
2026-05-13 10:25:24;117924,54
2026-05-13 10:25:24;201612,9
2026-05-13 10:25:24;74404,766
2026-05-13 10:25:24;297619,06
2026-05-13 10:25:24;213068,19
2026-05-13 10:25:24;84459,46
2026-05-13 10:25:24;203252,05
2026-05-13 10:25:24;181159,42
2026-05-13 10:25:24;142045,45
2026-05-13 10:25:24;102459,01
2026-05-13 10:25:24;147058,83
2026-05-13 10:25:24;223214,3
2026-05-13 10:25:24;164473,69
2026-05-13 10:25:24;130208,336
2026-05-13 10:25:24;131578,95
2026-05-13 10:25:24;80128,2
2026-05-13 10:25:24;94696,98
2026-05-13 10:25:24;193298,97
2026-05-13 10:25:24;242718,44
2026-05-13 10:25:24;182481,77
2026-05-13 10:25:24;223214,3
2026-05-13 10:25:24;83333,33
2026-05-13 10:25:24;189393,94
2026-05-13 10:25:24;172018,34
2026-05-13 10:25:24;135869,58
2026-05-13 10:25:24;122549,016
2026-05-13 10:25:24;151515,14
2026-05-13 10:25:24;224820,16
2026-05-13 10:25:24;245098,03
2026-05-13 10:25:24;256147,56
2026-05-13 10:25:24;271739,12
2026-05-13 10:25:24;290697,7
2026-05-13 10:25:24;137362,62
2026-05-13 10:25:24;165929,2
2026-05-13 10:25:24;170454,55
2026-05-13 10:25:24;77160,49
2026-05-13 10:25:24;221238,94
2026-05-13 10:25:24;197368,42
2026-05-13 10:25:24;114678,91
2026-05-13 10:25:24;297619,06
2026-05-13 10:25:24;148809,53
2026-05-13 10:25:24;147058,83
2026-05-13 10:25:24;167785,23
2026-05-13 10:25:24;104166,664
2026-05-13 10:25:24;390625,03
2026-05-13 10:25:24;236742,44
2026-05-13 10:25:24;82781,46
2026-05-13 10:25:24;240384,61
2026-05-13 10:25:24;148809,53
2026-05-13 10:25:24;286259,56
2026-05-13 10:25:24;161290,33
2026-05-13 10:25:24;211864,4
2026-05-13 10:25:24;76219,516
2026-05-13 10:25:24;568181,7
2026-05-13 10:25:24;231481,47
2026-05-13 10:25:24;175233,64
2026-05-13 10:25:24;234962,4
2026-05-13 10:25:24;215517,23
2026-05-13 10:25:24;302419,34
2026-05-13 10:25:24;235849,08
2026-05-13 10:25:25;91911,76
2026-05-13 10:25:25;172018,34
2026-05-13 10:25:25;175233,66
2026-05-13 10:25:25;269396,56
2026-05-13 10:25:25;189393,94
2026-05-13 10:25:25;105932,2
2026-05-13 10:25:25;231481,5
2026-05-13 10:25:25;183823,52
2026-05-13 10:25:25;351123,6
2026-05-13 10:25:25;240384,64
2026-05-13 10:25:25;267857,12
2026-05-13 10:25:25;264830,53
2026-05-13 10:25:25;189393,94
2026-05-13 10:25:25;178571,42
2026-05-13 10:25:25;158898,31
2026-05-13 10:25:25;148809,53
2026-05-13 10:25:25;238095,23
2026-05-13 10:25:25;234962,4
2026-05-13 10:25:25;168918,92
2026-05-13 10:25:25;431034,47
2026-05-13 10:25:25;359195,4
2026-05-13 10:25:25;124172,18
2026-05-13 10:25:25;107758,62
2026-05-13 10:25:25;151209,67
2026-05-13 10:25:25;94696,97
2026-05-13 10:25:25;85616,44
2026-05-13 10:25:25;224820,12
2026-05-13 10:25:25;347222,22
2026-05-13 10:25:25;306372,53
2026-05-13 10:25:25;220588,22
2026-05-13 10:25:25;196850,39
2026-05-13 10:25:25;172018,34
2026-05-13 10:25:25;145348,84
2026-05-13 10:25:25;250000
2026-05-13 10:25:25;225903,61
2026-05-13 10:25:25;63775,51
2026-05-13 10:25:25;243506,48
2026-05-13 10:25:25;284090,9
2026-05-13 10:25:25;168918,92
2026-05-13 10:25:25;160256,4
2026-05-13 10:25:25;170068,03
2026-05-13 10:25:25;164473,69
2026-05-13 10:25:25;145348,84
2026-05-13 10:25:25;197368,42
2026-05-13 10:25:25;308642
2026-05-13 10:25:25;176056,34
2026-05-13 10:25:25;189393,94
2026-05-13 10:25:25;161637,92
2026-05-13 10:25:25;140977,44
2026-05-13 10:25:25;81168,83
2026-05-13 10:25:25;93750
2026-05-13 10:25:25;280898,88
2026-05-13 10:25:25;260416,67
2026-05-13 10:25:25;206043,95
2026-05-13 10:25:25;260416,64
2026-05-13 10:25:25;114678,91
2026-05-13 10:25:25;297619,06
2026-05-13 10:25:25;274122,8
2026-05-13 10:25:25;83892,625
2026-05-13 10:25:25;102459,01
2026-05-13 10:25:25;179856,12
2026-05-13 10:25:25;147058,83
2026-05-13 10:25:25;252525,25
2026-05-13 10:25:25;100806,45
2026-05-13 10:25:25;124378,1
2026-05-13 10:25:25;138888,89
2026-05-13 10:25:25;233644,84
2026-05-13 10:25:25;113636,37
2026-05-13 10:25:25;150602,4
2026-05-13 10:25:25;187500
2026-05-13 10:25:25;183823,52
2026-05-13 10:25:25;150000
2026-05-13 10:25:25;172018,34
2026-05-13 10:25:25;195312,5
2026-05-13 10:25:25;241935,48
2026-05-13 10:25:25;191326,52
2026-05-13 10:25:25;178571,44
2026-05-13 10:25:25;129310,34
2026-05-13 10:25:25;135869,56
2026-05-13 10:25:25;215517,23
2026-05-13 10:25:25;192307,7
2026-05-13 10:25:25;142045,45
2026-05-13 10:25:25;183823,52
2026-05-13 10:25:25;63451,773
2026-05-13 10:25:25;211864,4
2026-05-13 10:25:25;80128,2
2026-05-13 10:25:25;235849,08
2026-05-13 10:25:25;182038,83
2026-05-13 10:25:25;384615,38
2026-05-13 10:25:25;337837,84
2026-05-13 10:25:25;91911,76
2026-05-13 10:25:25;206611,58
2026-05-13 10:25:25;148809,53
2026-05-13 10:25:25;373134,3
2026-05-13 10:25:25;203804,34
2026-05-13 10:25:25;127551,02
2026-05-13 10:25:25;240384,61
2026-05-13 10:25:25;125838,93
2026-05-13 10:25:25;367647,06
2026-05-13 10:25:25;128865,984
2026-05-13 10:25:25;235215,03
2026-05-13 10:25:25;500000
2026-05-13 10:25:25;308642
2026-05-13 10:25:25;187500
2026-05-13 10:25:25;227272,73
2026-05-13 10:25:25;274725,25
2026-05-13 10:25:25;81168,836
2026-05-13 10:25:25;173611,11
2026-05-13 10:25:25;347222,2
2026-05-13 10:25:25;153374,23
2026-05-13 10:25:25;363372,1
2026-05-13 10:25:25;398089,16
2026-05-13 10:25:25;290697,7
2026-05-13 10:25:25;250000
2026-05-13 10:25:25;284090,9
2026-05-13 10:25:25;131578,95
2026-05-13 10:25:25;337837,84
2026-05-13 10:25:25;164473,69
2026-05-13 10:25:25;258264,47
2026-05-13 10:25:25;168918,92
2026-05-13 10:25:25;221238,94
2026-05-13 10:25:25;104166,664
2026-05-13 10:25:25;254065,03
2026-05-13 10:25:25;265957,47
2026-05-13 10:25:25;143129,78
2026-05-13 10:25:25;357142,88
2026-05-13 10:25:25;231481,5
2026-05-13 10:25:25;219298,25
2026-05-13 10:25:25;252525,25
2026-05-13 10:25:25;260416,67
2026-05-13 10:25:25;185643,56
2026-05-13 10:25:25;281954,88
2026-05-13 10:25:25;148809,53
2026-05-13 10:25:25;201612,9
2026-05-13 10:25:25;145348,84
2026-05-13 10:25:25;215517,23
2026-05-13 10:25:25;247524,75
2026-05-13 10:25:25;245098,03
2026-05-13 10:25:25;178571,44
2026-05-13 10:25:25;215517,23
2026-05-13 10:25:25;252525,25
2026-05-13 10:25:25;178571,44
2026-05-13 10:25:25;143129,78
2026-05-13 10:25:25;279850,75
2026-05-13 10:25:25;223214,3
2026-05-13 10:25:25;129533,67
2026-05-13 10:25:25;258264,47
2026-05-13 10:25:25;183823,52
2026-05-13 10:25:25;223214,3
2026-05-13 10:25:25;94696,98
2026-05-13 10:25:25;181159,42
2026-05-13 10:25:25;160256,4
2026-05-13 10:25:25;215517,23
2026-05-13 10:25:25;235849,08
2026-05-13 10:25:25;176886,8
2026-05-13 10:25:25;148809,53
2026-05-13 10:25:25;280898,88
2026-05-13 10:25:25;160256,4
2026-05-13 10:25:25;297619
2026-05-13 10:25:25;182481,75
2026-05-13 10:25:25;123762,375
2026-05-13 10:25:25;211864,4
2026-05-13 10:25:25;178571,44
2026-05-13 10:25:25;181159,42
2026-05-13 10:25:25;213068,19
2026-05-13 10:25:25;106837,6
2026-05-13 10:25:25;175233,64
2026-05-13 10:25:25;182038,83
2026-05-13 10:25:25;120192,305
2026-05-13 10:25:25;122549,016
2026-05-13 10:25:25;178571,44
2026-05-13 10:25:25;193798,45
2026-05-13 10:25:25;303398,06
2026-05-13 10:25:25;331858,4
2026-05-13 10:25:25;117924,54
2026-05-13 10:25:25;150000
2026-05-13 10:25:25;253378,38
2026-05-13 10:25:25;144508,67
2026-05-13 10:25:25;294117,66
2026-05-13 10:25:25;115740,734
2026-05-13 10:25:25;367647,06
2026-05-13 10:25:25;191326,52
2026-05-13 10:25:25;90579,71
2026-05-13 10:25:25;256849,3
2026-05-13 10:25:25;162337,66
2026-05-13 10:25:25;63775,51
2026-05-13 10:25:25;416666,7
2026-05-13 10:25:25;162337,66
2026-05-13 10:25:25;250000
2026-05-13 10:25:25;158898,3
2026-05-13 10:25:25;193798,45
2026-05-13 10:25:25;146198,83
2026-05-13 10:25:25;162337,67
2026-05-13 10:25:25;204918,05
2026-05-13 10:25:25;161637,94
2026-05-13 10:25:25;158227,86
2026-05-13 10:25:25;280898,88
2026-05-13 10:25:25;128865,984
2026-05-13 10:25:25;183823,53
2026-05-13 10:25:25;167410,72
2026-05-13 10:25:25;267094,03
2026-05-13 10:25:25;158227,84
2026-05-13 10:25:25;160256,4
2026-05-13 10:25:25;203804,34
2026-05-13 10:25:25;284090,9
2026-05-13 10:25:25;63775,51
2026-05-13 10:25:25;205592,11
2026-05-13 10:25:25;223214,3
2026-05-13 10:25:25;223214,3
2026-05-13 10:25:25;275735,28
2026-05-13 10:25:25;228102,19
2026-05-13 10:25:25;166666,66
2026-05-13 10:25:25;360576,94
2026-05-13 10:25:25;90579,71
2026-05-13 10:25:25;193798,45
2026-05-13 10:25:25;284090,9
2026-05-13 10:25:25;116822,42
2026-05-13 10:25:25;260416,67
2026-05-13 10:25:25;146484,38
2026-05-13 10:25:25;309917,34
2026-05-13 10:25:25;279850,75
2026-05-13 10:25:25;165929,2
2026-05-13 10:25:25;260416,67
2026-05-13 10:25:25;90579,7
2026-05-13 10:25:25;195312,5
2026-05-13 10:25:25;210674,14
2026-05-13 10:25:25;294811,3
2026-05-13 10:25:25;152439,03
2026-05-13 10:25:25;227272,73
2026-05-13 10:25:25;347222,22
2026-05-13 10:25:25;303398,03
2026-05-13 10:25:25;255102,05
2026-05-13 10:25:25;235849,05
2026-05-13 10:25:25;357142,88
2026-05-13 10:25:25;134408,61
2026-05-13 10:25:25;250000
2026-05-13 10:25:25;106837,6
2026-05-13 10:25:25;125000
2026-05-13 10:25:25;231481,47
2026-05-13 10:25:26;367647,03
2026-05-13 10:25:26;215517,23
2026-05-13 10:25:26;152439,03
2026-05-13 10:25:26;168918,92
2026-05-13 10:25:26;175233,64
2026-05-13 10:25:26;223214,3
2026-05-13 10:25:26;138888,89
2026-05-13 10:25:26;465425,53
2026-05-13 10:25:26;180288,47
2026-05-13 10:25:26;223214,3
2026-05-13 10:25:26;228658,53
2026-05-13 10:25:26;121359,22
2026-05-13 10:25:26;206043,95
2026-05-13 10:25:26;247524,75
2026-05-13 10:25:26;280898,88
2026-05-13 10:25:26;115030,68
2026-05-13 10:25:26;122549,016
2026-05-13 10:25:26;284090,9
2026-05-13 10:25:26;390625,03
2026-05-13 10:25:26;271739,12
2026-05-13 10:25:26;173611,11
2026-05-13 10:25:26;290697,7
2026-05-13 10:25:26;242718,44
2026-05-13 10:25:26;126262,625
2026-05-13 10:25:26;342465,75
2026-05-13 10:25:26;225903,61
2026-05-13 10:25:26;168918,92
2026-05-13 10:25:26;223214,3
2026-05-13 10:25:26;188253,02
2026-05-13 10:25:26;315656,56
2026-05-13 10:25:26;225903,61
2026-05-13 10:25:26;168918,92
2026-05-13 10:25:26;223214,3
2026-05-13 10:25:26;227272,73
2026-05-13 10:25:26;386597,94
2026-05-13 10:25:26;256147,53
2026-05-13 10:25:26;180288,47
2026-05-13 10:25:26;206611,58
2026-05-13 10:25:26;130208,336
2026-05-13 10:25:26;294811,34
2026-05-13 10:25:26;192307,7
2026-05-13 10:25:26;101626,02
2026-05-13 10:25:26;279850,75
2026-05-13 10:25:26;171232,88
2026-05-13 10:25:26;231481,5
2026-05-13 10:25:26;206043,95
2026-05-13 10:25:26;135869,56
2026-05-13 10:25:26;66489,36
2026-05-13 10:25:26;347222,22
2026-05-13 10:25:26;158898,31
2026-05-13 10:25:26;159235,67
2026-05-13 10:25:26;199468,08
2026-05-13 10:25:26;150602,4
2026-05-13 10:25:26;186567,17
2026-05-13 10:25:26;127551,02
2026-05-13 10:25:26;240384,64
2026-05-13 10:25:26;304878,06
2026-05-13 10:25:26;144230,77
2026-05-13 10:25:26;138888,89
2026-05-13 10:25:26;182481,75
2026-05-13 10:25:26;197368,42
2026-05-13 10:25:26;179856,11
2026-05-13 10:25:26;121359,22
2026-05-13 10:25:26;375000
2026-05-13 10:25:26;218023,27
2026-05-13 10:25:26;234374,98
2026-05-13 10:25:26;267857,16
2026-05-13 10:25:26;179856,12
2026-05-13 10:25:26;NaN
2026-05-13 10:25:26;200000
2026-05-13 10:25:26;243506,48
2026-05-13 10:25:26;215517,23
2026-05-13 10:25:26;231481,5
2026-05-13 10:25:26;168918,92
2026-05-13 10:25:26;99206,35
2026-05-13 10:25:26;176886,78
2026-05-13 10:25:26;154321
2026-05-13 10:25:26;211864,4
2026-05-13 10:25:26;152439,03
2026-05-13 10:25:26;238095,23
2026-05-13 10:25:26;363372,1
2026-05-13 10:25:26;215517,23
2026-05-13 10:25:26;69444,445
2026-05-13 10:25:26;84459,46
2026-05-13 10:25:26;245098,03
2026-05-13 10:25:26;227272,73
2026-05-13 10:25:26;145348,84
2026-05-13 10:25:26;235849,08
2026-05-13 10:25:26;264830,5
2026-05-13 10:25:26;107758,62
2026-05-13 10:25:26;304878,06
2026-05-13 10:25:26;195312,5
2026-05-13 10:25:26;157232,7
2026-05-13 10:25:26;192307,69
2026-05-13 10:25:26;165929,2
2026-05-13 10:25:26;312500
2026-05-13 10:25:26;124172,195
2026-05-13 10:25:26;142045,45
2026-05-13 10:25:26;218023,27
2026-05-13 10:25:26;192307,69
2026-05-13 10:25:26;218531,48
2026-05-13 10:25:26;185643,56
2026-05-13 10:25:26;480769,16
2026-05-13 10:25:26;151209,67
2026-05-13 10:25:26;373134,34
2026-05-13 10:25:26;268817,22
2026-05-13 10:25:26;105932,2
2026-05-13 10:25:26;694444,75
2026-05-13 10:25:26;219298,25
2026-05-13 10:25:26;176056,34
2026-05-13 10:25:26;127551,02
2026-05-13 10:25:26;96899,23
2026-05-13 10:25:26;297619,06
2026-05-13 10:25:26;67934,78
2026-05-13 10:25:26;115030,68
2026-05-13 10:25:26;286697,25
2026-05-13 10:25:26;171232,88
2026-05-13 10:25:26;99206,35
2026-05-13 10:25:26;142045,45
2026-05-13 10:25:26;165929,2
2026-05-13 10:25:26;258264,47
2026-05-13 10:25:26;56818,184
2026-05-13 10:25:26;294811,3
2026-05-13 10:25:26;110946,74
2026-05-13 10:25:26;284090,94
2026-05-13 10:25:26;233957,22
2026-05-13 10:25:26;170454,55
2026-05-13 10:25:26;306748,47
2026-05-13 10:25:26;128865,984
2026-05-13 10:25:26;290697,7
2026-05-13 10:25:26;245098,03
2026-05-13 10:25:26;187500
2026-05-13 10:25:26;98425,195
2026-05-13 10:25:26;NaN
2026-05-13 10:25:26;245098,03
2026-05-13 10:25:26;183823,53
2026-05-13 10:25:26;134892,08
2026-05-13 10:25:26;181159,42
2026-05-13 10:25:26;203804,34
2026-05-13 10:25:26;245098,06
2026-05-13 10:25:26;189393,95
2026-05-13 10:25:26;213068,19
2026-05-13 10:25:26;210084,05
2026-05-13 10:25:26;300480,78
2026-05-13 10:25:26;178571,44
2026-05-13 10:25:26;123762,375
2026-05-13 10:25:26;302419,38
2026-05-13 10:25:26;158227,84
2026-05-13 10:25:26;182481,75
2026-05-13 10:25:26;231481,47
2026-05-13 10:25:26;60096,152
2026-05-13 10:25:26;347222,22
2026-05-13 10:25:26;151209,67
2026-05-13 10:25:26;73529,414
2026-05-13 10:25:26;275735,28
2026-05-13 10:25:26;198412,7
2026-05-13 10:25:26;125000
2026-05-13 10:25:26;135869,56
2026-05-13 10:25:26;350467,28
2026-05-13 10:25:26;215517,23
2026-05-13 10:25:26;260416,67
2026-05-13 10:25:26;135869,56
2026-05-13 10:25:26;213675,23
2026-05-13 10:25:26;182038,84
2026-05-13 10:25:26;91911,76
2026-05-13 10:25:26;301204,8
2026-05-13 10:25:26;208333,34
2026-05-13 10:25:26;NaN
2026-05-13 10:25:26;174825,16
2026-05-13 10:25:26;304878,06
2026-05-13 10:25:26;152439,03
2026-05-13 10:25:26;203252,05
2026-05-13 10:25:26;247524,75
2026-05-13 10:25:26;131118,89
2026-05-13 10:25:26;161637,94
2026-05-13 10:25:26;164473,69
2026-05-13 10:25:26;308641,97
2026-05-13 10:25:26;367647,06
2026-05-13 10:25:26;108381,51
2026-05-13 10:25:26;111607,15
2026-05-13 10:25:26;264084,5
2026-05-13 10:25:26;164473,69
2026-05-13 10:25:26;138888,89
2026-05-13 10:25:26;223214,3
2026-05-13 10:25:26;116822,42
2026-05-13 10:25:26;113636,37
2026-05-13 10:25:26;284090,9
2026-05-13 10:25:26;175233,64
2026-05-13 10:25:26;382653,1
2026-05-13 10:25:26;221631,2
2026-05-13 10:25:26;208333,33
2026-05-13 10:25:26;200000
2026-05-13 10:25:26;130208,336
2026-05-13 10:25:26;146484,38
2026-05-13 10:25:26;235849,08
2026-05-13 10:25:26;150000
2026-05-13 10:25:26;294117,66
2026-05-13 10:25:26;113636,37
2026-05-13 10:25:26;297619,06
2026-05-13 10:25:26;107758,62
2026-05-13 10:25:26;323275,84
2026-05-13 10:25:26;225903,61
2026-05-13 10:25:26;359195,4
2026-05-13 10:25:26;223214,3
2026-05-13 10:25:26;245098,03
2026-05-13 10:25:26;208333,33
2026-05-13 10:25:26;301204,8
2026-05-13 10:25:26;132042,25
2026-05-13 10:25:26;164473,69
2026-05-13 10:25:26;416666,66
2026-05-13 10:25:26;176056,34
2026-05-13 10:25:26;325520,84
2026-05-13 10:25:26;256147,53
2026-05-13 10:25:26;385802,5
2026-05-13 10:25:26;199468,1
2026-05-13 10:25:26;231481,5
2026-05-13 10:25:26;271739,16
2026-05-13 10:25:26;250000
2026-05-13 10:25:26;164473,69
2026-05-13 10:25:26;347222,22
2026-05-13 10:25:26;145348,84
2026-05-13 10:25:26;347222,22
2026-05-13 10:25:26;44964,027
2026-05-13 10:25:26;38819,875
2026-05-13 10:25:26;104166,664
2026-05-13 10:25:26;223214,3
2026-05-13 10:25:26;312500
2026-05-13 10:25:26;168918,92
2026-05-13 10:25:26;210674,17
2026-05-13 10:25:26;125000
2026-05-13 10:25:26;122549,016
2026-05-13 10:25:26;284090,94
2026-05-13 10:25:26;284090,94
2026-05-13 10:25:26;248344,36
2026-05-13 10:25:26;204918,02
2026-05-13 10:25:26;190839,69
2026-05-13 10:25:27;260416,67
2026-05-13 10:25:27;215517,23
2026-05-13 10:25:27;294117,66
2026-05-13 10:25:27;279850,75
2026-05-13 10:25:27;208333,34
2026-05-13 10:25:27;347222,22
2026-05-13 10:25:27;240384,64
2026-05-13 10:25:27;215517,23
2026-05-13 10:25:27;204918,02
2026-05-13 10:25:27;255102,05
2026-05-13 10:25:27;121359,22
2026-05-13 10:25:27;215517,23
2026-05-13 10:25:27;189393,94
2026-05-13 10:25:27;213068,19
2026-05-13 10:25:27;176056,34
2026-05-13 10:25:27;142045,45
2026-05-13 10:25:27;240384,64
2026-05-13 10:25:27;213675,2
2026-05-13 10:25:27;215517,23
2026-05-13 10:25:27;117924,52
2026-05-13 10:25:27;54824,562
2026-05-13 10:25:27;132978,73
2026-05-13 10:25:27;141242,94
2026-05-13 10:25:27;297619,03
2026-05-13 10:25:27;440140,84
2026-05-13 10:25:27;NaN
2026-05-13 10:25:27;312500
2026-05-13 10:25:27;203804,34
2026-05-13 10:25:27;183823,53
2026-05-13 10:25:27;208333,33
2026-05-13 10:25:27;162337,66
2026-05-13 10:25:27;223214,27
2026-05-13 10:25:27;236742,44
2026-05-13 10:25:27;300480,75
2026-05-13 10:25:27;99206,35
2026-05-13 10:25:27;172018,34
2026-05-13 10:25:27;132978,72
2026-05-13 10:25:27;108695,65
2026-05-13 10:25:27;NaN
2026-05-13 10:25:27;133928,58
2026-05-13 10:25:27;347222,22
2026-05-13 10:25:27;98167,55
2026-05-13 10:25:27;58411,21
2026-05-13 10:25:27;70224,72
2026-05-13 10:25:27;182038,83
2026-05-13 10:25:27;189393,94
2026-05-13 10:25:27;221238,94
2026-05-13 10:25:27;238095,23
2026-05-13 10:25:27;197368,42
2026-05-13 10:25:27;96153,84
2026-05-13 10:25:27;347222,22
2026-05-13 10:25:27;208333,33
2026-05-13 10:25:27;271739,12
2026-05-13 10:25:27;282485,88
2026-05-13 10:25:27;176056,34
2026-05-13 10:25:27;123762,375
2026-05-13 10:25:27;326086,94
2026-05-13 10:25:27;122549,016
2026-05-13 10:25:27;210674,17
2026-05-13 10:25:27;284090,9
2026-05-13 10:25:27;183823,53
2026-05-13 10:25:27;74404,766
2026-05-13 10:25:27;294117,66
2026-05-13 10:25:27;175233,64
2026-05-13 10:25:27;228658,55
2026-05-13 10:25:27;213068,19
2026-05-13 10:25:27;183823,53
2026-05-13 10:25:27;171232,88
2026-05-13 10:25:27;221631,2
2026-05-13 10:25:27;245098,03
2026-05-13 10:25:27;100806,445
2026-05-13 10:25:27;83333,33
2026-05-13 10:25:27;245098,03
2026-05-13 10:25:27;150602,4
2026-05-13 10:25:27;250000
2026-05-13 10:25:27;227272,73
2026-05-13 10:25:27;178571,44
2026-05-13 10:25:27;137362,64
2026-05-13 10:25:27;112612,62
2026-05-13 10:25:27;231481,47
2026-05-13 10:25:27;183823,53
2026-05-13 10:25:27;134892,1
2026-05-13 10:25:27;256849,3
2026-05-13 10:25:27;206043,95
2026-05-13 10:25:27;138888,89
2026-05-13 10:25:27;183823,53
2026-05-13 10:25:27;103305,79
2026-05-13 10:25:27;NaN
2026-05-13 10:25:27;360576,94
2026-05-13 10:25:27;228658,53
2026-05-13 10:25:27;163043,47
2026-05-13 10:25:27;265957,47
2026-05-13 10:25:27;126262,625
2026-05-13 10:25:27;192307,69
2026-05-13 10:25:27;147058,83
2026-05-13 10:25:27;217391,3
2026-05-13 10:25:27;76219,51
2026-05-13 10:25:27;168918,92
2026-05-13 10:25:27;156250
2026-05-13 10:25:27;164473,69
2026-05-13 10:25:27;337837,84
2026-05-13 10:25:27;160256,4
2026-05-13 10:25:27;297619,03
2026-05-13 10:25:27;99206,35
2026-05-13 10:25:27;123762,375
2026-05-13 10:25:27;245098,03
2026-05-13 10:25:27;195312,5
2026-05-13 10:25:27;133928,58
2026-05-13 10:25:27;281954,88
2026-05-13 10:25:27;398936,16
2026-05-13 10:25:27;153688,53
2026-05-13 10:25:27;189393,94
2026-05-13 10:25:27;108695,65
2026-05-13 10:25:27;140449,44
2026-05-13 10:25:27;231481,5
2026-05-13 10:25:27;227272,73
2026-05-13 10:25:27;187969,92
2026-05-13 10:25:27;372023,8
2026-05-13 10:25:27;215517,23
2026-05-13 10:25:27;130208,336
2026-05-13 10:25:27;281531,53
2026-05-13 10:25:27;27654,867
2026-05-13 10:25:27;111607,15
2026-05-13 10:25:27;265957,44
2026-05-13 10:25:27;215517,23
2026-05-13 10:25:27;183823,53
2026-05-13 10:25:27;195312,48
2026-05-13 10:25:27;210084,05
2026-05-13 10:25:27;353773,6
2026-05-13 10:25:27;267094,03
2026-05-13 10:25:27;138888,89
2026-05-13 10:25:27;215517,23
2026-05-13 10:25:27;252016,14
2026-05-13 10:25:27;245098,03
2026-05-13 10:25:27;320512,8
2026-05-13 10:25:27;100806,45
2026-05-13 10:25:27;111607,15
2026-05-13 10:25:27;238095,23
2026-05-13 10:25:27;182038,84
2026-05-13 10:25:27;168918,92
2026-05-13 10:25:27;158898,31
2026-05-13 10:25:27;190839,69
2026-05-13 10:25:27;70621,47
2026-05-13 10:25:27;203804,34
2026-05-13 10:25:27;213068,19
2026-05-13 10:25:27;168918,92
2026-05-13 10:25:27;308642
2026-05-13 10:25:27;189393,95
2026-05-13 10:25:27;257731,97
2026-05-13 10:25:27;215517,23
2026-05-13 10:25:27;520833,34
2026-05-13 10:25:27;201612,9
2026-05-13 10:25:27;190839,69
2026-05-13 10:25:27;183823,52
2026-05-13 10:25:27;223214,3
2026-05-13 10:25:27;111607,13
2026-05-13 10:25:27;284090,9
2026-05-13 10:25:27;177556,83
2026-05-13 10:25:27;137362,62
2026-05-13 10:25:27;122549,016
2026-05-13 10:25:27;228658,55
2026-05-13 10:25:27;227272,73
2026-05-13 10:25:27;306372,53
2026-05-13 10:25:27;235849,05
2026-05-13 10:25:27;247524,75
2026-05-13 10:25:27;130208,336
2026-05-13 10:25:27;367647,03
2026-05-13 10:25:27;105932,2
2026-05-13 10:25:27;403225,78
2026-05-13 10:25:27;218023,25
2026-05-13 10:25:27;170454,55
2026-05-13 10:25:27;173611,11
2026-05-13 10:25:27;186567,17
2026-05-13 10:25:27;164473,69
2026-05-13 10:25:27;336021,53
2026-05-13 10:25:27;213675,23
2026-05-13 10:25:27;304878,06
2026-05-13 10:25:27;297619,06
2026-05-13 10:25:27;201612,9
2026-05-13 10:25:27;140977,44
2026-05-13 10:25:27;125000
2026-05-13 10:25:27;59523,81
2026-05-13 10:25:27;350467,28
2026-05-13 10:25:27;147637,8
2026-05-13 10:25:27;86805,555
2026-05-13 10:25:27;182481,77
2026-05-13 10:25:27;150602,4
2026-05-13 10:25:27;275735,3
2026-05-13 10:25:27;164473,67
2026-05-13 10:25:27;203804,34
2026-05-13 10:25:27;309405,94
2026-05-13 10:25:27;288461,53
2026-05-13 10:25:27;137867,64
2026-05-13 10:25:27;304878,06
2026-05-13 10:25:27;193798,45
2026-05-13 10:25:27;168918,92
2026-05-13 10:25:27;173611,11
2026-05-13 10:25:27;208333,34
2026-05-13 10:25:27;142857,16
2026-05-13 10:25:27;247524,75
2026-05-13 10:25:27;168918,92
2026-05-13 10:25:27;142045,45
2026-05-13 10:25:27;213068,19
2026-05-13 10:25:27;274122,8
2026-05-13 10:25:27;218023,25
2026-05-13 10:25:27;223214,3
2026-05-13 10:25:27;111607,15
2026-05-13 10:25:27;126262,625
2026-05-13 10:25:27;189393,94
2026-05-13 10:25:27;182481,75
2026-05-13 10:25:27;260416,67
2026-05-13 10:25:27;NaN
2026-05-13 10:25:27;130208,336
2026-05-13 10:25:27;238095,23
2026-05-13 10:25:27;375000
2026-05-13 10:25:27;308642
2026-05-13 10:25:27;208333,34
2026-05-13 10:25:27;158898,31
2026-05-13 10:25:27;104166,664
2026-05-13 10:25:27;252525,25
2026-05-13 10:25:27;69444,445
2026-05-13 10:25:27;170454,53
2026-05-13 10:25:27;83892,625
2026-05-13 10:25:27;139925,38
2026-05-13 10:25:27;237341,77
2026-05-13 10:25:28;228102,19
2026-05-13 10:25:28;240384,64
2026-05-13 10:25:28;153374,23
2026-05-13 10:25:28;281531,53
2026-05-13 10:25:28;235849,08
2026-05-13 10:25:28;297619,06
2026-05-13 10:25:28;267857,12
2026-05-13 10:25:28;189393,95
2026-05-13 10:25:28;302419,34
2026-05-13 10:25:28;130208,336
2026-05-13 10:25:28;225903,61
2026-05-13 10:25:28;255102,05
2026-05-13 10:25:28;274122,8
2026-05-13 10:25:28;195312,5
2026-05-13 10:25:28;362318,8
2026-05-13 10:25:28;135869,56
2026-05-13 10:25:28;161637,92
2026-05-13 10:25:28;116822,42
2026-05-13 10:25:28;115740,75
2026-05-13 10:25:28;260416,67
2026-05-13 10:25:28;135869,56
2026-05-13 10:25:28;198412,7
2026-05-13 10:25:28;264830,5
2026-05-13 10:25:28;129310,34
2026-05-13 10:25:28;180288,47
2026-05-13 10:25:28;267094,03
2026-05-13 10:25:28;156250
2026-05-13 10:25:28;172018,34
2026-05-13 10:25:28;106837,6
2026-05-13 10:25:28;322164,97
2026-05-13 10:25:28;315126,03
2026-05-13 10:25:28;104748,6
2026-05-13 10:25:28;90579,71
2026-05-13 10:25:28;201612,9
2026-05-13 10:25:28;210674,14
2026-05-13 10:25:28;240384,64
2026-05-13 10:25:28;195312,5
2026-05-13 10:25:28;277777,78
2026-05-13 10:25:28;113636,37
2026-05-13 10:25:28;180288,47
2026-05-13 10:25:28;153688,53
2026-05-13 10:25:28;367647,03
2026-05-13 10:25:28;220588,25
2026-05-13 10:25:28;245098,03
2026-05-13 10:25:28;328947,34
2026-05-13 10:25:28;192307,69
2026-05-13 10:25:28;235849,05
2026-05-13 10:25:28;310283,7
2026-05-13 10:25:28;195312,5
2026-05-13 10:25:28;297619,06
2026-05-13 10:25:28;158898,3
2026-05-13 10:25:28;183823,52
2026-05-13 10:25:28;213068,19
2026-05-13 10:25:28;218023,27
2026-05-13 10:25:28;181159,42
2026-05-13 10:25:28;233208,95
2026-05-13 10:25:28;103591,164
2026-05-13 10:25:28;210084,05
2026-05-13 10:25:28;446428,6
2026-05-13 10:25:28;101626,02
2026-05-13 10:25:28;90579,71
2026-05-13 10:25:28;176056,34
2026-05-13 10:25:28;197368,42
2026-05-13 10:25:28;160256,4
2026-05-13 10:25:28;229779,42
2026-05-13 10:25:28;175233,64
2026-05-13 10:25:28;136861,33
2026-05-13 10:25:28;199468,08
2026-05-13 10:25:28;195312,5
2026-05-13 10:25:28;115740,75
2026-05-13 10:25:28;372023,8
2026-05-13 10:25:28;398936,2
2026-05-13 10:25:28;138888,89
2026-05-13 10:25:28;274725,28
2026-05-13 10:25:28;246063
2026-05-13 10:25:28;247524,75
2026-05-13 10:25:28;165929,2
2026-05-13 10:25:28;NaN
2026-05-13 10:25:28;152439,03
2026-05-13 10:25:28;186567,17
2026-05-13 10:25:28;240384,64
2026-05-13 10:25:28;201612,89
2026-05-13 10:25:28;228658,53
2026-05-13 10:25:28;179856,12
2026-05-13 10:25:28;144230,77
2026-05-13 10:25:28;213068,19
2026-05-13 10:25:28;215517,23
2026-05-13 10:25:28;115740,75
2026-05-13 10:25:28;213675,2
2026-05-13 10:25:28;237341,77
2026-05-13 10:25:28;158898,31
2026-05-13 10:25:28;226449,3
2026-05-13 10:25:28;237341,77
2026-05-13 10:25:28;121359,22
2026-05-13 10:25:28;121359,22
2026-05-13 10:25:28;165343,92
2026-05-13 10:25:28;284090,9
2026-05-13 10:25:28;275735,28
2026-05-13 10:25:28;86805,555
2026-05-13 10:25:28;117924,54
2026-05-13 10:25:28;273437,5
2026-05-13 10:25:28;320512,8
2026-05-13 10:25:28;225903,61
2026-05-13 10:25:28;138888,89
2026-05-13 10:25:28;171232,88
2026-05-13 10:25:28;153688,53
2026-05-13 10:25:28;220588,25
2026-05-13 10:25:28;193298,97
2026-05-13 10:25:28;247524,75
2026-05-13 10:25:28;167410,72
2026-05-13 10:25:28;892857,2
2026-05-13 10:25:28;213675,23
2026-05-13 10:25:28;112275,445
2026-05-13 10:25:28;297619,06
2026-05-13 10:25:28;166666,66
2026-05-13 10:25:28;324675,3
2026-05-13 10:25:28;178571,44
2026-05-13 10:25:28;178571,44
2026-05-13 10:25:28;171703,3
2026-05-13 10:25:28;113636,37
2026-05-13 10:25:28;229357,81
2026-05-13 10:25:28;162337,67
2026-05-13 10:25:28;116822,42
2026-05-13 10:25:28;218531,48
2026-05-13 10:25:28;196850,39
2026-05-13 10:25:28;256147,56
2026-05-13 10:25:28;250000
2026-05-13 10:25:28;197368,42
2026-05-13 10:25:28;161637,94
2026-05-13 10:25:28;143678,16
2026-05-13 10:25:28;225903,61
2026-05-13 10:25:28;292968,75
2026-05-13 10:25:28;250000
2026-05-13 10:25:28;127551,02
2026-05-13 10:25:28;303030,28
2026-05-13 10:25:28;186567,17
2026-05-13 10:25:28;104166,664
2026-05-13 10:25:28;150000
2026-05-13 10:25:28;142045,45
2026-05-13 10:25:28;132978,72
2026-05-13 10:25:28;294811,3
2026-05-13 10:25:28;74404,766
2026-05-13 10:25:28;235849,08
2026-05-13 10:25:28;173611,11
2026-05-13 10:25:28;198412,7
2026-05-13 10:25:28;223214,3
2026-05-13 10:25:28;367647,06
2026-05-13 10:25:28;160256,4
2026-05-13 10:25:28;331858,4
2026-05-13 10:25:28;208333,34
2026-05-13 10:25:28;125000
2026-05-13 10:25:28;128865,984
2026-05-13 10:25:28;142045,47
2026-05-13 10:25:28;284090,9
2026-05-13 10:25:28;258264,47
2026-05-13 10:25:28;166666,66
2026-05-13 10:25:28;157563,03
2026-05-13 10:25:28;318877,56
2026-05-13 10:25:28;367647,06
2026-05-13 10:25:28;NaN
2026-05-13 10:25:28;315126,06
2026-05-13 10:25:28;243506,5
2026-05-13 10:25:28;157563,03
2026-05-13 10:25:28;195312,5
2026-05-13 10:25:28;117924,52
2026-05-13 10:25:28;189393,94
2026-05-13 10:25:28;290697,7
2026-05-13 10:25:28;127551,02
2026-05-13 10:25:28;198412,7
2026-05-13 10:25:28;189393,94
2026-05-13 10:25:28;210674,17
2026-05-13 10:25:28;193798,45
2026-05-13 10:25:28;167410,72
2026-05-13 10:25:28;135869,56
2026-05-13 10:25:28;145348,84
2026-05-13 10:25:28;168918,92
2026-05-13 10:25:28;125000
2026-05-13 10:25:28;238095,23
2026-05-13 10:25:28;225225,23
2026-05-13 10:25:28;287356,3
2026-05-13 10:25:28;219298,25
2026-05-13 10:25:28;105932,2
2026-05-13 10:25:28;198412,69
2026-05-13 10:25:28;219298,25
2026-05-13 10:25:28;199468,1
2026-05-13 10:25:28;167410,72
2026-05-13 10:25:28;193298,97
2026-05-13 10:25:28;352112,7
2026-05-13 10:25:28;416666,7
2026-05-13 10:25:28;225903,61
2026-05-13 10:25:28;231481,47
2026-05-13 10:25:28;397727,25
2026-05-13 10:25:28;113636,37
2026-05-13 10:25:28;245098,03
2026-05-13 10:25:28;400641,03
2026-05-13 10:25:28;125000
2026-05-13 10:25:28;237341,77
2026-05-13 10:25:28;65789,48
2026-05-13 10:25:28;274725,25
2026-05-13 10:25:28;213675,2
2026-05-13 10:25:28;359195,38
2026-05-13 10:25:28;238095,23
2026-05-13 10:25:28;224550,9
2026-05-13 10:25:28;307377,06
2026-05-13 10:25:28;185643,56
2026-05-13 10:25:28;213068,19
2026-05-13 10:25:28;252525,25
2026-05-13 10:25:28;125000
2026-05-13 10:25:28;231481,5
2026-05-13 10:25:28;164473,67
2026-05-13 10:25:28;280898,88
2026-05-13 10:25:28;166666,66
2026-05-13 10:25:28;92592,586
2026-05-13 10:25:28;233644,84
2026-05-13 10:25:28;371287,12
2026-05-13 10:25:28;235849,08
2026-05-13 10:25:28;164473,69
2026-05-13 10:25:28;225225,23
2026-05-13 10:25:28;142045,45
2026-05-13 10:25:28;173611,11
2026-05-13 10:25:28;201612,9
2026-05-13 10:25:28;290697,7
2026-05-13 10:25:28;102459,01
2026-05-13 10:25:28;254065,03
2026-05-13 10:25:28;195312,5
2026-05-13 10:25:28;220588,25
2026-05-13 10:25:28;118670,88
2026-05-13 10:25:28;306372,53
2026-05-13 10:25:28;132978,72
2026-05-13 10:25:28;260416,67
2026-05-13 10:25:28;166666,67
2026-05-13 10:25:28;367647,06
2026-05-13 10:25:28;182038,83
2026-05-13 10:25:28;367647,06
2026-05-13 10:25:28;120192,305
2026-05-13 10:25:28;137867,64
2026-05-13 10:25:28;173611,11
2026-05-13 10:25:28;198412,7
2026-05-13 10:25:29;174825,17
2026-05-13 10:25:29;132978,72
2026-05-13 10:25:29;164473,67
2026-05-13 10:25:29;152439,03
2026-05-13 10:25:29;195312,5
2026-05-13 10:25:29;189393,95
2026-05-13 10:25:29;180288,47
2026-05-13 10:25:29;221238,94
2026-05-13 10:25:29;168918,92
2026-05-13 10:25:29;96153,84
2026-05-13 10:25:29;217391,3
2026-05-13 10:25:29;203804,34
2026-05-13 10:25:29;123762,375
2026-05-13 10:25:29;NaN
2026-05-13 10:25:29;178571,44
2026-05-13 10:25:29;195312,5
2026-05-13 10:25:29;290697,7
2026-05-13 10:25:29;87108,01
2026-05-13 10:25:29;173611,11
2026-05-13 10:25:29;245098,03
2026-05-13 10:25:29;250000
2026-05-13 10:25:29;240384,61
2026-05-13 10:25:29;165562,92
2026-05-13 10:25:29;375000
2026-05-13 10:25:29;172018,34
2026-05-13 10:25:29;147058,83
2026-05-13 10:25:29;218023,25
2026-05-13 10:25:29;124172,18
2026-05-13 10:25:29;256849,33
2026-05-13 10:25:29;143678,16
2026-05-13 10:25:29;228658,53
2026-05-13 10:25:29;250000
2026-05-13 10:25:29;137362,64
2026-05-13 10:25:29;196850,39
2026-05-13 10:25:29;175233,64
2026-05-13 10:25:29;267857,16
2026-05-13 10:25:29;94696,97
2026-05-13 10:25:29;174825,19
2026-05-13 10:25:29;154321
2026-05-13 10:25:29;164473,69
2026-05-13 10:25:29;315126,06
2026-05-13 10:25:29;228102,19
2026-05-13 10:25:29;163043,47
2026-05-13 10:25:29;142045,45
2026-05-13 10:25:29;167410,72
2026-05-13 10:25:29;171232,88
2026-05-13 10:25:29;142045,45
2026-05-13 10:25:29;235849,05
2026-05-13 10:25:29;165929,2
2026-05-13 10:25:29;367647,06
2026-05-13 10:25:29;219298,25
2026-05-13 10:25:29;206611,58
2026-05-13 10:25:29;340909,06
2026-05-13 10:25:29;138888,89
2026-05-13 10:25:29;215517,23
2026-05-13 10:25:29;164473,67
2026-05-13 10:25:29;150000
2026-05-13 10:25:29;217013,89
2026-05-13 10:25:29;108695,65
2026-05-13 10:25:29;312499,97
2026-05-13 10:25:29;133928,58
2026-05-13 10:25:29;364077,7
2026-05-13 10:25:29;347222,22
2026-05-13 10:25:29;231481,5
2026-05-13 10:25:29;180288,47
2026-05-13 10:25:29;161637,94
2026-05-13 10:25:29;96153,84
2026-05-13 10:25:29;176886,8
2026-05-13 10:25:29;355113,62
2026-05-13 10:25:29;213675,2
2026-05-13 10:25:29;277777,78
2026-05-13 10:25:29;150000
2026-05-13 10:25:29;142045,45
2026-05-13 10:25:29;263157,9
2026-05-13 10:25:29;108695,65
2026-05-13 10:25:29;180288,47
2026-05-13 10:25:29;127551,02
2026-05-13 10:25:29;220588,22
2026-05-13 10:25:29;245098,03
2026-05-13 10:25:29;111607,15
2026-05-13 10:25:29;168918,92
2026-05-13 10:25:29;145348,84
2026-05-13 10:25:29;302419,38
2026-05-13 10:25:29;292968,75
2026-05-13 10:25:29;198412,7
2026-05-13 10:25:29;93283,586
2026-05-13 10:25:29;260416,67
2026-05-13 10:25:29;375000
2026-05-13 10:25:29;201612,89
2026-05-13 10:25:29;255102,05
2026-05-13 10:25:29;132978,73
2026-05-13 10:25:29;173611,11
2026-05-13 10:25:29;231481,5
2026-05-13 10:25:29;122549,016
2026-05-13 10:25:29;220070,42
2026-05-13 10:25:29;121359,22
2026-05-13 10:25:29;93283,586
2026-05-13 10:25:29;201612,89
2026-05-13 10:25:29;176056,34
2026-05-13 10:25:29;237341,77
2026-05-13 10:25:29;178571,44
2026-05-13 10:25:29;240384,61
2026-05-13 10:25:29;104166,664
2026-05-13 10:25:29;312500
2026-05-13 10:25:29;355113,62
2026-05-13 10:25:29;128865,984
2026-05-13 10:25:29;225903,61
2026-05-13 10:25:29;347222,22
2026-05-13 10:25:29;247524,75
2026-05-13 10:25:29;138888,89
2026-05-13 10:25:29;129533,67
2026-05-13 10:25:29;171232,88
2026-05-13 10:25:29;231481,5
2026-05-13 10:25:29;416666,66
2026-05-13 10:25:29;166666,66
2026-05-13 10:25:29;357142,88
2026-05-13 10:25:29;351123,6
2026-05-13 10:25:29;240384,61
2026-05-13 10:25:29;128424,664
2026-05-13 10:25:29;183823,53
2026-05-13 10:25:29;190839,69
2026-05-13 10:25:29;382653,1
2026-05-13 10:25:29;178571,44
2026-05-13 10:25:29;198412,7
2026-05-13 10:25:29;199468,08
2026-05-13 10:25:29;195312,5
2026-05-13 10:25:29;123762,375
2026-05-13 10:25:29;161637,92
2026-05-13 10:25:29;145348,84
2026-05-13 10:25:29;91240,875
2026-05-13 10:25:29;197368,42
2026-05-13 10:25:29;107758,62
2026-05-13 10:25:29;252525,25
2026-05-13 10:25:29;185185,17
2026-05-13 10:25:29;164473,67
2026-05-13 10:25:29;252525,25
2026-05-13 10:25:29;96153,84
2026-05-13 10:25:29;84459,46
2026-05-13 10:25:29;211864,4
2026-05-13 10:25:29;171232,88
2026-05-13 10:25:29;166666,67
2026-05-13 10:25:29;182038,83
2026-05-13 10:25:29;231481,5
2026-05-13 10:25:29;102459,01
2026-05-13 10:25:29;237341,77
2026-05-13 10:25:29;284090,9
2026-05-13 10:25:29;204918,02
2026-05-13 10:25:29;211864,4
2026-05-13 10:25:29;367647,03
2026-05-13 10:25:29;367647,06
2026-05-13 10:25:29;168918,92
2026-05-13 10:25:29;172018,34
2026-05-13 10:25:29;304878,03
2026-05-13 10:25:29;289351,84
2026-05-13 10:25:29;208333,34
2026-05-13 10:25:29;253378,38
2026-05-13 10:25:29;136861,33
2026-05-13 10:25:29;250000
2026-05-13 10:25:29;240384,64
2026-05-13 10:25:29;120192,32
2026-05-13 10:25:29;145348,84
2026-05-13 10:25:29;300480,78
2026-05-13 10:25:29;322164,97
2026-05-13 10:25:29;109649,125
2026-05-13 10:25:29;317029
2026-05-13 10:25:29;227272,73
2026-05-13 10:25:29;163398,7
2026-05-13 10:25:29;173611,11
2026-05-13 10:25:29;176056,34
2026-05-13 10:25:29;154320,98
2026-05-13 10:25:29;111607,15
2026-05-13 10:25:29;265957,44
2026-05-13 10:25:29;123762,375
2026-05-13 10:25:29;183823,53
2026-05-13 10:25:29;71022,73
2026-05-13 10:25:29;182038,83
2026-05-13 10:25:29;367647
2026-05-13 10:25:29;251677,86
2026-05-13 10:25:29;229357,78
2026-05-13 10:25:29;238549,61
2026-05-13 10:25:29;246063
2026-05-13 10:25:29;340909,1
2026-05-13 10:25:29;189393,94
2026-05-13 10:25:29;325520,84
2026-05-13 10:25:29;215517,23
2026-05-13 10:25:29;215517,23
2026-05-13 10:25:29;164473,67
2026-05-13 10:25:29;231481,47
2026-05-13 10:25:29;297619,06
2026-05-13 10:25:29;256849,3
2026-05-13 10:25:29;183823,52
2026-05-13 10:25:29;183823,53
2026-05-13 10:25:29;185185,19
2026-05-13 10:25:29;220588,25
2026-05-13 10:25:29;138121,55
2026-05-13 10:25:29;268817,2
2026-05-13 10:25:29;227272,73
2026-05-13 10:25:29;234962,4
2026-05-13 10:25:29;178571,44
2026-05-13 10:25:29;227272,73
2026-05-13 10:25:29;186567,17
2026-05-13 10:25:29;107758,63
2026-05-13 10:25:29;235849,05
2026-05-13 10:25:29;63775,51
2026-05-13 10:25:29;246710,53
2026-05-13 10:25:29;175233,66
2026-05-13 10:25:29;233644,84
2026-05-13 10:25:29;150000
2026-05-13 10:25:29;218023,25
2026-05-13 10:25:29;215517,23
2026-05-13 10:25:29;225225,23
2026-05-13 10:25:29;117187,5
2026-05-13 10:25:29;193298,97
2026-05-13 10:25:29;238549,61
2026-05-13 10:25:29;178571,44
2026-05-13 10:25:29;355113,62
2026-05-13 10:25:29;199468,08
2026-05-13 10:25:29;99734,04
2026-05-13 10:25:29;235849,05
2026-05-13 10:25:29;202922,1
2026-05-13 10:25:29;526315,8
2026-05-13 10:25:29;176886,8
2026-05-13 10:25:29;336021,53
2026-05-13 10:25:29;227272,73
2026-05-13 10:25:29;88028,17
2026-05-13 10:25:29;252525,25
2026-05-13 10:25:29;132978,72
2026-05-13 10:25:29;230061,36
2026-05-13 10:25:29;247524,75
2026-05-13 10:25:29;189393,94
2026-05-13 10:25:29;161637,92
2026-05-13 10:25:29;167410,72
2026-05-13 10:25:30;287356,3
2026-05-13 10:25:30;284090,9
2026-05-13 10:25:30;347222,22
2026-05-13 10:25:30;88652,484
2026-05-13 10:25:30;231481,5
2026-05-13 10:25:30;193298,97
2026-05-13 10:25:30;294117,66
2026-05-13 10:25:30;198412,7
2026-05-13 10:25:30;240384,64
2026-05-13 10:25:30;113122,18
2026-05-13 10:25:30;160256,4
2026-05-13 10:25:30;156250
2026-05-13 10:25:30;255102,05
2026-05-13 10:25:30;112612,62
2026-05-13 10:25:30;238095,23
2026-05-13 10:25:30;135869,56
2026-05-13 10:25:30;148809,53
2026-05-13 10:25:30;147058,83
2026-05-13 10:25:30;152439,03
2026-05-13 10:25:30;190548,78
2026-05-13 10:25:30;168918,92
2026-05-13 10:25:30;117924,54
2026-05-13 10:25:30;112612,62
2026-05-13 10:25:30;118670,88
2026-05-13 10:25:30;353773,56
2026-05-13 10:25:30;416666,66
2026-05-13 10:25:30;147058,83
2026-05-13 10:25:30;52083,332
2026-05-13 10:25:30;164473,69
2026-05-13 10:25:30;115740,75
2026-05-13 10:25:30;260416,67
2026-05-13 10:25:30;154958,67
2026-05-13 10:25:30;204918,05
2026-05-13 10:25:30;302419,34
2026-05-13 10:25:30;173611,11
2026-05-13 10:25:30;139925,38
2026-05-13 10:25:30;117924,54
2026-05-13 10:25:30;131578,95
2026-05-13 10:25:30;133928,58
2026-05-13 10:25:30;231481,5
2026-05-13 10:25:30;157563,02
2026-05-13 10:25:30;367647,03
2026-05-13 10:25:30;245098,06
2026-05-13 10:25:30;462963
2026-05-13 10:25:30;247524,75
2026-05-13 10:25:30;219298,25
2026-05-13 10:25:30;160256,4
2026-05-13 10:25:30;NaN
2026-05-13 10:25:30;231481,5
2026-05-13 10:25:30;178571,44
2026-05-13 10:25:30;217391,3
2026-05-13 10:25:30;195312,5
2026-05-13 10:25:30;300000
2026-05-13 10:25:30;328947,38
2026-05-13 10:25:30;218023,25
2026-05-13 10:25:30;187125,75
2026-05-13 10:25:30;568181,94
2026-05-13 10:25:30;204918,02
2026-05-13 10:25:30;206611,56
2026-05-13 10:25:30;287356,3
2026-05-13 10:25:30;179856,12
2026-05-13 10:25:30;173611,11
2026-05-13 10:25:30;142045,47
2026-05-13 10:25:30;250000
2026-05-13 10:25:30;297619,06
2026-05-13 10:25:30;79617,836
2026-05-13 10:25:30;114678,91
2026-05-13 10:25:30;244140,62
2026-05-13 10:25:30;99206,35
2026-05-13 10:25:30;221631,2
2026-05-13 10:25:30;416666,66
2026-05-13 10:25:30;105932,21
2026-05-13 10:25:30;103591,164
2026-05-13 10:25:30;271739,12
2026-05-13 10:25:30;294117,66
2026-05-13 10:25:30;61274,508
2026-05-13 10:25:30;140449,44
2026-05-13 10:25:30;190548,78
2026-05-13 10:25:30;229779,42
2026-05-13 10:25:30;268817,22
2026-05-13 10:25:30;375000
2026-05-13 10:25:30;NaN
2026-05-13 10:25:30;267094,03
2026-05-13 10:25:30;206043,95
2026-05-13 10:25:30;260416,67
2026-05-13 10:25:30;195312,5
2026-05-13 10:25:30;190548,78
2026-05-13 10:25:30;315656,56
2026-05-13 10:25:30;375000
2026-05-13 10:25:30;225903,61
2026-05-13 10:25:30;193298,97
2026-05-13 10:25:30;170454,55
2026-05-13 10:25:30;220588,25
2026-05-13 10:25:30;308641,97
2026-05-13 10:25:30;264084,5
2026-05-13 10:25:30;347222,22
2026-05-13 10:25:30;117924,52
2026-05-13 10:25:30;220588,25
2026-05-13 10:25:30;NaN
2026-05-13 10:25:30;204918,05
2026-05-13 10:25:30;364077,66
2026-05-13 10:25:30;178571,44
2026-05-13 10:25:30;172018,34
2026-05-13 10:25:30;288461,53
2026-05-13 10:25:30;193798,45
2026-05-13 10:25:30;221631,2
2026-05-13 10:25:30;378787,88
2026-05-13 10:25:30;178571,44
2026-05-13 10:25:30;125000
2026-05-13 10:25:30;263713,06
2026-05-13 10:25:30;200000
2026-05-13 10:25:30;215517,23
2026-05-13 10:25:30;257731,97
2026-05-13 10:25:30;333333,3
2026-05-13 10:25:30;416666,66
2026-05-13 10:25:30;318877,56
2026-05-13 10:25:30;297619,06
2026-05-13 10:25:30;155279,5
2026-05-13 10:25:30;103021,98
2026-05-13 10:25:30;NaN
2026-05-13 10:25:30;162337,67
2026-05-13 10:25:30;145348,84
2026-05-13 10:25:30;315656,56
2026-05-13 10:25:30;215517,23
2026-05-13 10:25:30;309917,34
2026-05-13 10:25:30;211864,4
2026-05-13 10:25:30;240384,64
2026-05-13 10:25:30;347222,22
2026-05-13 10:25:30;81699,35
2026-05-13 10:25:30;187500
2026-05-13 10:25:30;378787,88
2026-05-13 10:25:30;111607,15
2026-05-13 10:25:30;170454,53
2026-05-13 10:25:30;210084,03
2026-05-13 10:25:30;NaN
2026-05-13 10:25:30;201612,89
2026-05-13 10:25:30;199468,08
2026-05-13 10:25:30;112612,62
2026-05-13 10:25:30;210674,14
2026-05-13 10:25:30;307377,06
2026-05-13 10:25:30;229357,78
2026-05-13 10:25:30;237341,77
2026-05-13 10:25:30;164473,69
2026-05-13 10:25:30;242718,44
2026-05-13 10:25:30;213675,2
2026-05-13 10:25:30;154958,67
2026-05-13 10:25:30;105042,02
2026-05-13 10:25:30;125000
2026-05-13 10:25:30;178571,44
2026-05-13 10:25:30;208333,34
2026-05-13 10:25:30;433168,28
2026-05-13 10:25:30;250000
2026-05-13 10:25:30;328947,34
2026-05-13 10:25:30;357142,88
2026-05-13 10:25:30;223214,3
2026-05-13 10:25:30;157563,03
2026-05-13 10:25:30;424757,28
2026-05-13 10:25:30;73964,5
2026-05-13 10:25:30;284090,9
2026-05-13 10:25:30;237341,77
2026-05-13 10:25:30;237341,77
2026-05-13 10:25:30;213675,23
2026-05-13 10:25:30;125000
2026-05-13 10:25:30;123762,375
2026-05-13 10:25:30;171232,89
2026-05-13 10:25:30;132978,73
2026-05-13 10:25:30;182481,75
2026-05-13 10:25:30;185643,56
2026-05-13 10:25:30;372023,8
2026-05-13 10:25:30;218531,48
2026-05-13 10:25:30;297619,06
2026-05-13 10:25:30;81699,35
2026-05-13 10:25:30;117924,54
2026-05-13 10:25:30;109649,125
2026-05-13 10:25:30;328947,38
2026-05-13 10:25:30;256849,3
2026-05-13 10:25:30;306372,53
2026-05-13 10:25:30;89285,72
2026-05-13 10:25:30;104166,664
2026-05-13 10:25:30;275735,3
2026-05-13 10:25:30;265957,47
2026-05-13 10:25:30;183823,52
2026-05-13 10:25:30;157563,03
2026-05-13 10:25:30;160256,4
2026-05-13 10:25:30;103021,98
2026-05-13 10:25:30;265957,44
2026-05-13 10:25:30;114329,266
2026-05-13 10:25:30;223214,3
2026-05-13 10:25:30;125000
2026-05-13 10:25:30;138888,89
2026-05-13 10:25:30;240384,61
2026-05-13 10:25:30;252016,14
2026-05-13 10:25:30;223214,3
2026-05-13 10:25:30;181159,42
2026-05-13 10:25:30;178571,44
2026-05-13 10:25:30;183823,53
2026-05-13 10:25:30;152439,02
2026-05-13 10:25:30;208333,34
2026-05-13 10:25:30;250000
2026-05-13 10:25:30;140449,44
2026-05-13 10:25:30;156250
2026-05-13 10:25:30;150000
2026-05-13 10:25:30;166666,66
2026-05-13 10:25:30;227272,73
2026-05-13 10:25:30;71022,73
2026-05-13 10:25:30;178571,44
2026-05-13 10:25:30;240384,64
2026-05-13 10:25:30;166223,4
2026-05-13 10:25:30;186567,17
2026-05-13 10:25:30;158227,86
2026-05-13 10:25:30;115740,75
2026-05-13 10:25:30;163398,7
2026-05-13 10:25:30;95663,27
2026-05-13 10:25:30;694444,3
2026-05-13 10:25:30;223214,3
2026-05-13 10:25:30;264830,53
2026-05-13 10:25:30;281954,88
2026-05-13 10:25:30;193298,97
2026-05-13 10:25:30;250000
2026-05-13 10:25:30;256849,33
2026-05-13 10:25:30;113636,37
2026-05-13 10:25:30;104166,664
2026-05-13 10:25:30;165562,92
2026-05-13 10:25:30;78125
2026-05-13 10:25:30;297619,06
2026-05-13 10:25:30;133928,58
2026-05-13 10:25:30;186567,16
2026-05-13 10:25:30;187500
2026-05-13 10:25:30;257731,97
2026-05-13 10:25:30;264830,5
2026-05-13 10:25:30;97656,25
2026-05-13 10:25:30;260416,67
2026-05-13 10:25:30;154321
2026-05-13 10:25:30;117924,54
2026-05-13 10:25:30;284090,9
2026-05-13 10:25:30;148809,53
2026-05-13 10:25:31;208333,33
2026-05-13 10:25:31;91911,766
2026-05-13 10:25:31;265957,44
2026-05-13 10:25:31;312500,03
2026-05-13 10:25:31;133928,56
2026-05-13 10:25:31;271739,12
2026-05-13 10:25:31;277777,78
2026-05-13 10:25:31;176886,78
2026-05-13 10:25:31;123762,375
2026-05-13 10:25:31;225225,23
2026-05-13 10:25:31;446428,66
2026-05-13 10:25:31;245098,03
2026-05-13 10:25:31;168918,92
2026-05-13 10:25:31;156250,02
2026-05-13 10:25:31;157563,03
2026-05-13 10:25:31;197368,42
2026-05-13 10:25:31;238095,23
2026-05-13 10:25:31;271739,12
2026-05-13 10:25:31;206043,95
2026-05-13 10:25:31;50403,227
2026-05-13 10:25:31;99206,34
2026-05-13 10:25:31;62500
2026-05-13 10:25:31;225225,23
2026-05-13 10:25:31;108381,51
2026-05-13 10:25:31;287356,3
2026-05-13 10:25:31;156250,02
2026-05-13 10:25:31;133928,58
2026-05-13 10:25:31;328947,34
2026-05-13 10:25:31;106837,62
2026-05-13 10:25:31;359195,38
2026-05-13 10:25:31;173611,11
2026-05-13 10:25:31;185643,56
2026-05-13 10:25:31;142045,47
2026-05-13 10:25:31;123762,375
2026-05-13 10:25:31;208333,34
2026-05-13 10:25:31;304878,03
2026-05-13 10:25:31;114678,91
2026-05-13 10:25:31;287356,3
2026-05-13 10:25:31;168918,92
2026-05-13 10:25:31;152439,03
2026-05-13 10:25:31;337837,84
2026-05-13 10:25:31;190839,69
2026-05-13 10:25:31;233644,84
2026-05-13 10:25:31;301204,8
2026-05-13 10:25:31;101351,36
2026-05-13 10:25:31;202922,1
2026-05-13 10:25:31;178571,44
2026-05-13 10:25:31;156250
2026-05-13 10:25:31;143678,16
2026-05-13 10:25:31;152439,03
2026-05-13 10:25:31;360576,94
2026-05-13 10:25:31;137362,62
2026-05-13 10:25:31;142045,45
2026-05-13 10:25:31;250000
2026-05-13 10:25:31;135869,56
2026-05-13 10:25:31;98167,55
2026-05-13 10:25:31;181159,4
2026-05-13 10:25:31;199468,08
2026-05-13 10:25:31;178571,44
2026-05-13 10:25:31;116822,42
2026-05-13 10:25:31;237341,77
2026-05-13 10:25:31;312500
2026-05-13 10:25:31;271739,12
2026-05-13 10:25:31;132042,25
2026-05-13 10:25:31;83333,33
2026-05-13 10:25:31;238095,23
2026-05-13 10:25:31;318877,56
2026-05-13 10:25:31;520833,28
2026-05-13 10:25:31;95177,664
2026-05-13 10:25:31;290697,7
2026-05-13 10:25:31;328947,38
2026-05-13 10:25:31;210084,05
2026-05-13 10:25:31;105932,2
2026-05-13 10:25:31;344488,2
2026-05-13 10:25:31;101626,02
2026-05-13 10:25:31;183823,52
2026-05-13 10:25:31;192307,69
2026-05-13 10:25:31;148809,53
2026-05-13 10:25:31;255102,05
2026-05-13 10:25:31;357142,84
2026-05-13 10:25:31;367647,06
2026-05-13 10:25:31;318877,56
2026-05-13 10:25:31;279850,72
2026-05-13 10:25:31;105932,2
2026-05-13 10:25:31;144508,67
2026-05-13 10:25:31;99206,35
2026-05-13 10:25:31;235849,08
2026-05-13 10:25:31;240384,61
2026-05-13 10:25:31;109649,125
2026-05-13 10:25:31;178571,44
2026-05-13 10:25:31;140977,44
2026-05-13 10:25:31;172018,34
2026-05-13 10:25:31;173611,11
2026-05-13 10:25:31;280898,88
2026-05-13 10:25:31;186567,16
2026-05-13 10:25:31;290697,7
2026-05-13 10:25:31;121359,22
2026-05-13 10:25:31;185643,56
2026-05-13 10:25:31;173611,11
2026-05-13 10:25:31;215517,23
2026-05-13 10:25:31;148809,53
2026-05-13 10:25:31;208333,33
2026-05-13 10:25:31;242718,44
2026-05-13 10:25:31;198412,7
2026-05-13 10:25:31;367647,03
2026-05-13 10:25:31;267857,16
2026-05-13 10:25:31;109649,125
2026-05-13 10:25:31;148809,53
2026-05-13 10:25:31;113636,36
2026-05-13 10:25:31;128424,65
2026-05-13 10:25:31;250000
2026-05-13 10:25:31;76219,516
2026-05-13 10:25:31;189393,94
2026-05-13 10:25:31;277777,78
2026-05-13 10:25:31;200000
2026-05-13 10:25:31;297619,06
2026-05-13 10:25:31;160256,4
2026-05-13 10:25:31;44326,242
2026-05-13 10:25:31;238095,23
2026-05-13 10:25:31;202922,08
2026-05-13 10:25:31;446428,6
2026-05-13 10:25:31;139925,38
2026-05-13 10:25:31;225903,61
2026-05-13 10:25:31;337837,84
2026-05-13 10:25:31;119047,62
2026-05-13 10:25:31;480769,22
2026-05-13 10:25:31;135869,56
2026-05-13 10:25:31;71022,73
2026-05-13 10:25:31;234375
2026-05-13 10:25:31;76219,51
2026-05-13 10:25:31;152439,03
2026-05-13 10:25:31;112612,6
2026-05-13 10:25:31;208333,33
2026-05-13 10:25:31;253378,38
2026-05-13 10:25:31;69444,445
2026-05-13 10:25:31;192901,25
2026-05-13 10:25:31;274725,25
2026-05-13 10:25:31;185643,56
2026-05-13 10:25:31;138888,89
2026-05-13 10:25:31;215517,23
2026-05-13 10:25:31;201612,9
2026-05-13 10:25:31;148809,53
2026-05-13 10:25:31;185643,56
2026-05-13 10:25:31;176886,78
2026-05-13 10:25:31;140449,44
2026-05-13 10:25:31;131578,95
2026-05-13 10:25:31;231481,47
2026-05-13 10:25:31;146484,38
2026-05-13 10:25:31;148809,53
2026-05-13 10:25:31;186965,81
2026-05-13 10:25:31;203804,34
2026-05-13 10:25:31;223214,3
2026-05-13 10:25:31;206611,58
2026-05-13 10:25:31;142857,14
2026-05-13 10:25:31;189393,94
2026-05-13 10:25:31;215517,23
2026-05-13 10:25:31;157232,7
2026-05-13 10:25:31;126689,19
2026-05-13 10:25:31;130890,05
2026-05-13 10:25:31;304878,06
2026-05-13 10:25:31;182038,83
2026-05-13 10:25:31;252525,25
2026-05-13 10:25:31;78125,01
2026-05-13 10:25:31;126262,625
2026-05-13 10:25:31;164473,67
2026-05-13 10:25:31;120192,32
2026-05-13 10:25:31;187500
2026-05-13 10:25:31;164473,67
2026-05-13 10:25:31;250000
2026-05-13 10:25:31;332446,8
2026-05-13 10:25:31;367647,06
2026-05-13 10:25:31;480769,22
2026-05-13 10:25:31;176886,8
2026-05-13 10:25:31;302419,34
2026-05-13 10:25:31;271739,12
2026-05-13 10:25:31;353773,6
2026-05-13 10:25:31;132978,72
2026-05-13 10:25:31;104166,67
2026-05-13 10:25:31;352112,7
2026-05-13 10:25:31;140449,44
2026-05-13 10:25:31;353773,56
2026-05-13 10:25:31;NaN
2026-05-13 10:25:31;228658,55
2026-05-13 10:25:31;201612,9
2026-05-13 10:25:31;160256,4
2026-05-13 10:25:31;245098,03
2026-05-13 10:25:31;297619,06
2026-05-13 10:25:31;376506
2026-05-13 10:25:31;203252,05
2026-05-13 10:25:31;89285,72
2026-05-13 10:25:31;170454,55
2026-05-13 10:25:31;267094,03
2026-05-13 10:25:31;120967,74
2026-05-13 10:25:31;151209,67
2026-05-13 10:25:31;195312,5
2026-05-13 10:25:31;238549,62
2026-05-13 10:25:31;215517,23
2026-05-13 10:25:31;165929,2
2026-05-13 10:25:31;187969,92
2026-05-13 10:25:31;235849,08
2026-05-13 10:25:31;323275,84
2026-05-13 10:25:31;250000
2026-05-13 10:25:31;250000
2026-05-13 10:25:31;122549,016
2026-05-13 10:25:31;231481,5
2026-05-13 10:25:31;384615,38
2026-05-13 10:25:31;143678,16
2026-05-13 10:25:31;292397,66
2026-05-13 10:25:31;240384,61
2026-05-13 10:25:31;105042,02
2026-05-13 10:25:31;353773,6
2026-05-13 10:25:31;378787,84
2026-05-13 10:25:31;144230,77
2026-05-13 10:25:31;390625
2026-05-13 10:25:31;210084,05
2026-05-13 10:25:31;114678,89
2026-05-13 10:25:31;64432,992
2026-05-13 10:25:31;177304,97
2026-05-13 10:25:31;245098,03
2026-05-13 10:25:31;113636,37
2026-05-13 10:25:31;300480,78
2026-05-13 10:25:31;119047,62
2026-05-13 10:25:31;223214,3
2026-05-13 10:25:31;480769,16
2026-05-13 10:25:31;168918,92
2026-05-13 10:25:31;357142,88
2026-05-13 10:25:31;160256,4
2026-05-13 10:25:31;306372,56
2026-05-13 10:25:31;148809,52
2026-05-13 10:25:31;306372,53
2026-05-13 10:25:31;290697,7
2026-05-13 10:25:31;171232,88
2026-05-13 10:25:31;70224,72
2026-05-13 10:25:31;185643,56
2026-05-13 10:25:31;155279,5
2026-05-13 10:25:31;490196,06
2026-05-13 10:25:32;156250
2026-05-13 10:25:32;245098,03
2026-05-13 10:25:32;213068,19
2026-05-13 10:25:32;NaN
2026-05-13 10:25:32;195312,5
2026-05-13 10:25:32;206611,58
2026-05-13 10:25:32;271739,12
2026-05-13 10:25:32;130208,336
2026-05-13 10:25:32;252016,14
2026-05-13 10:25:32;235849,08
2026-05-13 10:25:32;218023,25
2026-05-13 10:25:32;174825,17
2026-05-13 10:25:32;NaN
2026-05-13 10:25:32;120967,74
2026-05-13 10:25:32;396825,4
2026-05-13 10:25:32;208333,34
2026-05-13 10:25:32;206043,95
2026-05-13 10:25:32;299657,53
2026-05-13 10:25:32;213675,23
2026-05-13 10:25:32;221238,94
2026-05-13 10:25:32;250000
2026-05-13 10:25:32;213675,2
2026-05-13 10:25:32;206611,58
2026-05-13 10:25:32;331858,4
2026-05-13 10:25:32;NaN
2026-05-13 10:25:32;121753,24
2026-05-13 10:25:32;252525,25
2026-05-13 10:25:32;70224,72
2026-05-13 10:25:32;115740,75
2026-05-13 10:25:32;317029
2026-05-13 10:25:32;131578,95
2026-05-13 10:25:32;147058,83
2026-05-13 10:25:32;156250,02
2026-05-13 10:25:32;378787,88
2026-05-13 10:25:32;202922,1
2026-05-13 10:25:32;279850,75
2026-05-13 10:25:32;223214,3
2026-05-13 10:25:32;287356,3
2026-05-13 10:25:32;130208,336
2026-05-13 10:25:32;103305,79
2026-05-13 10:25:32;235849,05
2026-05-13 10:25:32;140449,44
2026-05-13 10:25:32;297619,06
2026-05-13 10:25:32;246710,53
2026-05-13 10:25:32;135869,56
2026-05-13 10:25:32;164473,69
2026-05-13 10:25:32;185643,56
2026-05-13 10:25:32;158898,31
2026-05-13 10:25:32;152439,02
2026-05-13 10:25:32;421348,34
2026-05-13 10:25:32;206611,58
2026-05-13 10:25:32;181159,42
2026-05-13 10:25:32;195312,5
2026-05-13 10:25:32;156250
2026-05-13 10:25:32;145348,84
2026-05-13 10:25:32;235849,08
2026-05-13 10:25:32;371287,12
2026-05-13 10:25:32;160256,4
2026-05-13 10:25:32;93283,58
2026-05-13 10:25:32;181159,42
2026-05-13 10:25:32;297619,06
2026-05-13 10:25:32;307377,06
2026-05-13 10:25:32;322164,97
2026-05-13 10:25:32;138888,89
2026-05-13 10:25:32;91911,766
2026-05-13 10:25:32;193298,97
2026-05-13 10:25:32;187969,92
2026-05-13 10:25:32;242248,06
2026-05-13 10:25:32;245098,03
2026-05-13 10:25:32;185643,56
2026-05-13 10:25:32;367647,06
2026-05-13 10:25:32;378787,88
2026-05-13 10:25:32;355113,62
2026-05-13 10:25:32;301204,8
2026-05-13 10:25:32;223214,3
2026-05-13 10:25:32;274122,8
2026-05-13 10:25:32;131578,95
2026-05-13 10:25:32;147058,83
2026-05-13 10:25:32;386597,94
2026-05-13 10:25:32;176056,34
2026-05-13 10:25:32;228658,53
2026-05-13 10:25:32;176056,34
2026-05-13 10:25:32;129533,67
2026-05-13 10:25:32;221238,92
2026-05-13 10:25:32;178571,44
2026-05-13 10:25:32;302419,34
2026-05-13 10:25:32;229357,78
2026-05-13 10:25:32;171232,88
2026-05-13 10:25:32;203804,34
2026-05-13 10:25:32;206611,58
2026-05-13 10:25:32;180288,47
2026-05-13 10:25:32;151209,67
2026-05-13 10:25:32;166666,66
2026-05-13 10:25:32;185643,55
2026-05-13 10:25:32;NaN
2026-05-13 10:25:32;250000
2026-05-13 10:25:32;189393,95
2026-05-13 10:25:32;287356,3
2026-05-13 10:25:32;324675,34
2026-05-13 10:25:32;240384,61
2026-05-13 10:25:32;183823,53
2026-05-13 10:25:32;247524,75
2026-05-13 10:25:32;325520,84
2026-05-13 10:25:32;170068,03
2026-05-13 10:25:32;347222,2
2026-05-13 10:25:32;252525,25
2026-05-13 10:25:32;115740,75
2026-05-13 10:25:32;189393,95
2026-05-13 10:25:32;240384,61
2026-05-13 10:25:32;142045,45
2026-05-13 10:25:32;306372,53
2026-05-13 10:25:32;165929,2
2026-05-13 10:25:32;96899,23
2026-05-13 10:25:32;195312,5
2026-05-13 10:25:32;150602,4
2026-05-13 10:25:32;240384,61
2026-05-13 10:25:32;229357,78
2026-05-13 10:25:32;390625
2026-05-13 10:25:32;215517,23
2026-05-13 10:25:32;260416,67
2026-05-13 10:25:32;215517,23
2026-05-13 10:25:32;107758,62
2026-05-13 10:25:32;161082,48
2026-05-13 10:25:32;171232,88
2026-05-13 10:25:32;376506
2026-05-13 10:25:32;227272,73
2026-05-13 10:25:32;114678,91
2026-05-13 10:25:32;127551,02
2026-05-13 10:25:32;254065,06
2026-05-13 10:25:32;152439,03
2026-05-13 10:25:32;121359,22
2026-05-13 10:25:32;231481,5
2026-05-13 10:25:32;309405,94
2026-05-13 10:25:32;260416,67
2026-05-13 10:25:32;120192,305
2026-05-13 10:25:32;213068,19
2026-05-13 10:25:32;231481,5
2026-05-13 10:25:32;196850,39
2026-05-13 10:25:32;52521,008
2026-05-13 10:25:32;148809,52
2026-05-13 10:25:32;71022,73
2026-05-13 10:25:32;199468,08
2026-05-13 10:25:32;119047,62
2026-05-13 10:25:32;123355,266
2026-05-13 10:25:32;245098,03
2026-05-13 10:25:32;247524,75
2026-05-13 10:25:32;271739,12
2026-05-13 10:25:32;275735,3
2026-05-13 10:25:32;158227,84
2026-05-13 10:25:32;294117,66
2026-05-13 10:25:32;180288,47
2026-05-13 10:25:32;228102,19
2026-05-13 10:25:32;280898,88
2026-05-13 10:25:32;195312,5
2026-05-13 10:25:32;242718,44
2026-05-13 10:25:32;111111,12
2026-05-13 10:25:32;178571,44
2026-05-13 10:25:32;223214,3
2026-05-13 10:25:32;167410,72
2026-05-13 10:25:32;281954,88
2026-05-13 10:25:32;236742,44
2026-05-13 10:25:32;175233,64
2026-05-13 10:25:32;195312,5
2026-05-13 10:25:32;150602,4
2026-05-13 10:25:32;284090,9
2026-05-13 10:25:32;210674,14
2026-05-13 10:25:32;281531,53
2026-05-13 10:25:32;122549,016
2026-05-13 10:25:32;390625
2026-05-13 10:25:32;143678,16
2026-05-13 10:25:32;178571,44
2026-05-13 10:25:32;176886,8
2026-05-13 10:25:32;127551,02
2026-05-13 10:25:32;271739,12
2026-05-13 10:25:32;367647,06
2026-05-13 10:25:32;195312,5
2026-05-13 10:25:32;217013,89
2026-05-13 10:25:32;156250
2026-05-13 10:25:32;235849,05
2026-05-13 10:25:32;114678,91
2026-05-13 10:25:32;119426,76
2026-05-13 10:25:32;231481,5
2026-05-13 10:25:32;176886,8
2026-05-13 10:25:32;227272,73
2026-05-13 10:25:32;140449,44
2026-05-13 10:25:32;357142,88
2026-05-13 10:25:32;104166,664
2026-05-13 10:25:32;203804,34
2026-05-13 10:25:32;91911,766
2026-05-13 10:25:32;164473,67
2026-05-13 10:25:32;294117,66
2026-05-13 10:25:32;150602,4
2026-05-13 10:25:32;240384,61
2026-05-13 10:25:32;186567,16
2026-05-13 10:25:32;147058,83
2026-05-13 10:25:32;142045,47
2026-05-13 10:25:32;158898,3
2026-05-13 10:25:32;172413,81
2026-05-13 10:25:32;89285,72
2026-05-13 10:25:32;245098,03
2026-05-13 10:25:32;150000
2026-05-13 10:25:32;260416,67
2026-05-13 10:25:32;300480,75
2026-05-13 10:25:32;347222,22
2026-05-13 10:25:32;198412,7
2026-05-13 10:25:32;58962,27
2026-05-13 10:25:32;100000
2026-05-13 10:25:32;140977,44
2026-05-13 10:25:32;287356,3
2026-05-13 10:25:32;189393,94
2026-05-13 10:25:32;111607,15
2026-05-13 10:25:32;203252,05
2026-05-13 10:25:32;164473,69
2026-05-13 10:25:32;284090,9
2026-05-13 10:25:32;116822,44
2026-05-13 10:25:32;73964,49
2026-05-13 10:25:32;256147,53
2026-05-13 10:25:32;208333,33
2026-05-13 10:25:32;279850,75
2026-05-13 10:25:32;225903,61
2026-05-13 10:25:32;113636,37
2026-05-13 10:25:32;240384,61
2026-05-13 10:25:32;198412,7
2026-05-13 10:25:32;209731,55
2026-05-13 10:25:32;70224,72
2026-05-13 10:25:32;256849,33
2026-05-13 10:25:32;312500,03
2026-05-13 10:25:32;192307,69
2026-05-13 10:25:32;100806,45
2026-05-13 10:25:32;229357,81
2026-05-13 10:25:32;189393,94
2026-05-13 10:25:32;196850,39
2026-05-13 10:25:32;157232,7
2026-05-13 10:25:32;395569,6
2026-05-13 10:25:32;262605,03
2026-05-13 10:25:32;84459,46
2026-05-13 10:25:32;290697,7
2026-05-13 10:25:32;255102,05
2026-05-13 10:25:32;89928,06
2026-05-13 10:25:33;271739,12
2026-05-13 10:25:33;164473,69
2026-05-13 10:25:33;158898,31
2026-05-13 10:25:33;113636,37
2026-05-13 10:25:33;275735,28
2026-05-13 10:25:33;290697,7
2026-05-13 10:25:33;126262,625
2026-05-13 10:25:33;204918,02
2026-05-13 10:25:33;182038,83
2026-05-13 10:25:33;162337,67
2026-05-13 10:25:33;135869,56
2026-05-13 10:25:33;195312,5
2026-05-13 10:25:33;347222,22
2026-05-13 10:25:33;277777,78
2026-05-13 10:25:33;176056,34
2026-05-13 10:25:33;145348,84
2026-05-13 10:25:33;255102,05
2026-05-13 10:25:33;117924,52
2026-05-13 10:25:33;245098,03
2026-05-13 10:25:33;178571,44
2026-05-13 10:25:33;185643,56
2026-05-13 10:25:33;217013,89
2026-05-13 10:25:33;250000
2026-05-13 10:25:33;224820,16
2026-05-13 10:25:33;301204,8
2026-05-13 10:25:33;125000
2026-05-13 10:25:33;130208,336
2026-05-13 10:25:33;364077,66
2026-05-13 10:25:33;86805,555
2026-05-13 10:25:33;213675,2
2026-05-13 10:25:33;120192,32
2026-05-13 10:25:33;221238,94
2026-05-13 10:25:33;108695,65
2026-05-13 10:25:33;154320,98
2026-05-13 10:25:33;157563,02
2026-05-13 10:25:33;255102,05
2026-05-13 10:25:33;152439,02
2026-05-13 10:25:33;292968,75
2026-05-13 10:25:33;233208,95
2026-05-13 10:25:33;101626,02
2026-05-13 10:25:33;114678,91
2026-05-13 10:25:33;220588,22
2026-05-13 10:25:33;307377,06
2026-05-13 10:25:33;247524,75
2026-05-13 10:25:33;148809,53
2026-05-13 10:25:33;256147,53
2026-05-13 10:25:33;390625
2026-05-13 10:25:33;165562,9
2026-05-13 10:25:33;119426,76
2026-05-13 10:25:33;309405,94
2026-05-13 10:25:33;126262,625
2026-05-13 10:25:33;122549,016
2026-05-13 10:25:33;255102,05
2026-05-13 10:25:33;154958,67
2026-05-13 10:25:33;245098,03
2026-05-13 10:25:33;292056,1
2026-05-13 10:25:33;132978,73
2026-05-13 10:25:33;148809,53
2026-05-13 10:25:33;322164,97
2026-05-13 10:25:33;187969,92
2026-05-13 10:25:33;367647,03
2026-05-13 10:25:33;152439,02
2026-05-13 10:25:33;171232,88
2026-05-13 10:25:33;140449,44
2026-05-13 10:25:33;127551,02
2026-05-13 10:25:33;220070,42
2026-05-13 10:25:33;167410,72
2026-05-13 10:25:33;271739,16
2026-05-13 10:25:33;183823,53
2026-05-13 10:25:33;292968,75
2026-05-13 10:25:33;94696,97
2026-05-13 10:25:33;267857,16
2026-05-13 10:25:33;227272,73
2026-05-13 10:25:33;116822,42
2026-05-13 10:25:33;115740,75
2026-05-13 10:25:33;168918,92
2026-05-13 10:25:33;152439,02
2026-05-13 10:25:33;182038,83
2026-05-13 10:25:33;142045,45
2026-05-13 10:25:33;343406,6
2026-05-13 10:25:33;131578,95
2026-05-13 10:25:33;252525,25
2026-05-13 10:25:33;132042,25
2026-05-13 10:25:33;398936,2
2026-05-13 10:25:33;178571,42
2026-05-13 10:25:33;201612,9
2026-05-13 10:25:33;274725,25
2026-05-13 10:25:33;148809,53
2026-05-13 10:25:33;360576,94
2026-05-13 10:25:33;158227,86
2026-05-13 10:25:33;347222,22
2026-05-13 10:25:33;122549,03
2026-05-13 10:25:33;290697,7
2026-05-13 10:25:33;132042,25
2026-05-13 10:25:33;217391,3
2026-05-13 10:25:33;167785,25
2026-05-13 10:25:33;NaN
2026-05-13 10:25:33;172413,8
2026-05-13 10:25:33;322164,97
2026-05-13 10:25:33;210674,14
2026-05-13 10:25:33;347222,22
2026-05-13 10:25:33;275735,3
2026-05-13 10:25:33;125000
2026-05-13 10:25:33;203804,34
2026-05-13 10:25:33;302419,38
2026-05-13 10:25:33;195312,5
2026-05-13 10:25:33;215517,27
2026-05-13 10:25:33;235849,05
2026-05-13 10:25:33;91911,766
2026-05-13 10:25:33;156250
2026-05-13 10:25:33;245098,06
2026-05-13 10:25:33;156250
2026-05-13 10:25:33;178571,44
2026-05-13 10:25:33;353773,6
2026-05-13 10:25:33;172413,8
2026-05-13 10:25:33;242718,44
2026-05-13 10:25:33;105042,02
2026-05-13 10:25:33;111607,15
2026-05-13 10:25:33;61881,188
2026-05-13 10:25:33;245098,03
2026-05-13 10:25:33;108695,65
2026-05-13 10:25:33;231481,5
2026-05-13 10:25:33;147058,83
2026-05-13 10:25:33;294811,3
2026-05-13 10:25:33;135869,56
2026-05-13 10:25:33;226449,27
2026-05-13 10:25:33;375000
2026-05-13 10:25:33;140977,44
2026-05-13 10:25:33;100000
2026-05-13 10:25:33;198412,7
2026-05-13 10:25:33;217391,3
2026-05-13 10:25:33;206611,58
2026-05-13 10:25:33;236742,44
2026-05-13 10:25:33;275735,3
2026-05-13 10:25:33;123355,266
2026-05-13 10:25:33;158629,45
2026-05-13 10:25:33;152439,03
2026-05-13 10:25:33;294117,66
2026-05-13 10:25:33;367647,03
2026-05-13 10:25:33;252525,25
2026-05-13 10:25:33;223214,3
2026-05-13 10:25:33;208333,33
2026-05-13 10:25:33;312500
2026-05-13 10:25:33;210084,05
2026-05-13 10:25:33;170454,53
2026-05-13 10:25:33;265957,44
2026-05-13 10:25:33;250000
2026-05-13 10:25:33;152439,02
2026-05-13 10:25:33;156250,02
2026-05-13 10:25:33;152439,02
2026-05-13 10:25:33;176056,34
2026-05-13 10:25:33;135869,56
2026-05-13 10:25:33;258620,69
2026-05-13 10:25:33;153061,22
2026-05-13 10:25:33;189393,94
2026-05-13 10:25:33;301204,8
2026-05-13 10:25:33;192307,69
2026-05-13 10:25:33;400641,03
2026-05-13 10:25:33;306372,56
2026-05-13 10:25:33;215517,23
2026-05-13 10:25:33;240384,61
2026-05-13 10:25:33;120192,32
2026-05-13 10:25:33;94696,98
2026-05-13 10:25:33;245098,03
2026-05-13 10:25:33;231481,5
2026-05-13 10:25:33;223214,3
2026-05-13 10:25:33;292056,1
2026-05-13 10:25:33;111607,15
2026-05-13 10:25:33;219298,25
2026-05-13 10:25:33;178571,44
2026-05-13 10:25:33;323275,84
2026-05-13 10:25:33;304878,06
2026-05-13 10:25:33;263157,9
2026-05-13 10:25:33;166666,67
2026-05-13 10:25:33;203804,34
2026-05-13 10:25:33;287356,3
2026-05-13 10:25:33;258264,47
2026-05-13 10:25:33;52966,1
2026-05-13 10:25:33;179856,12
2026-05-13 10:25:33;168918,92
2026-05-13 10:25:33;326086,94
2026-05-13 10:25:33;220588,22
2026-05-13 10:25:33;63775,51
2026-05-13 10:25:33;142045,47
2026-05-13 10:25:33;142045,45
2026-05-13 10:25:33;120192,305
2026-05-13 10:25:33;223214,3
2026-05-13 10:25:33;88028,17
2026-05-13 10:25:33;156250
2026-05-13 10:25:33;238095,23
2026-05-13 10:25:33;297619,06
2026-05-13 10:25:33;182038,83
2026-05-13 10:25:33;189393,94
2026-05-13 10:25:33;328947,38
2026-05-13 10:25:33;240384,61
2026-05-13 10:25:33;353773,56
2026-05-13 10:25:33;147058,83
2026-05-13 10:25:33;180288,47
2026-05-13 10:25:33;173611,11
2026-05-13 10:25:33;143678,16
2026-05-13 10:25:33;199044,58
2026-05-13 10:25:33;231481,5
2026-05-13 10:25:33;343406,6
2026-05-13 10:25:33;183823,52
2026-05-13 10:25:33;150602,4
2026-05-13 10:25:33;119047,62
2026-05-13 10:25:33;168918,92
2026-05-13 10:25:33;220588,22
2026-05-13 10:25:33;145348,84
2026-05-13 10:25:33;260416,67
2026-05-13 10:25:33;215517,23
2026-05-13 10:25:33;360576,94
2026-05-13 10:25:33;104166,664
2026-05-13 10:25:33;NaN
2026-05-13 10:25:33;254065,03
2026-05-13 10:25:33;128865,984
2026-05-13 10:25:33;197368,42
2026-05-13 10:25:33;247524,75
2026-05-13 10:25:33;290697,7
2026-05-13 10:25:33;360576,94
2026-05-13 10:25:33;236742,44
2026-05-13 10:25:33;347222,22
2026-05-13 10:25:33;148809,53
2026-05-13 10:25:33;284090,9
2026-05-13 10:25:33;234375
2026-05-13 10:25:33;132978,72
2026-05-13 10:25:33;213068,19
2026-05-13 10:25:33;140977,44
2026-05-13 10:25:33;181159,42
2026-05-13 10:25:33;189393,95
2026-05-13 10:25:33;152439,03
2026-05-13 10:25:33;294117,66
2026-05-13 10:25:33;183823,52
2026-05-13 10:25:33;199044,58
2026-05-13 10:25:34;292968,75
2026-05-13 10:25:34;86206,91
2026-05-13 10:25:34;240384,61
2026-05-13 10:25:34;459558,84
2026-05-13 10:25:34;297619,06
2026-05-13 10:25:34;175233,64
2026-05-13 10:25:34;200000
2026-05-13 10:25:34;135869,56
2026-05-13 10:25:34;160256,4
2026-05-13 10:25:34;157563,03
2026-05-13 10:25:34;333333,3
2026-05-13 10:25:34;116459,625
2026-05-13 10:25:34;181159,4
2026-05-13 10:25:34;257731,97
2026-05-13 10:25:34;267857,16
2026-05-13 10:25:34;189393,95
2026-05-13 10:25:34;235849,08
2026-05-13 10:25:34;376506
2026-05-13 10:25:34;252525,25
2026-05-13 10:25:34;378787,88
2026-05-13 10:25:34;297619,06
2026-05-13 10:25:34;168918,92
2026-05-13 10:25:34;320512,8
2026-05-13 10:25:34;120192,305
2026-05-13 10:25:34;161637,94
2026-05-13 10:25:34;176056,34
2026-05-13 10:25:34;145348,84
2026-05-13 10:25:34;265957,47
2026-05-13 10:25:34;265957,47
2026-05-13 10:25:34;339673,9
2026-05-13 10:25:34;126689,19
2026-05-13 10:25:34;154321
2026-05-13 10:25:34;183823,53
2026-05-13 10:25:34;NaN
2026-05-13 10:25:34;211864,4
2026-05-13 10:25:34;271739,12
2026-05-13 10:25:34;176886,8
2026-05-13 10:25:34;416666,66
2026-05-13 10:25:34;187969,92
2026-05-13 10:25:34;250000
2026-05-13 10:25:34;158227,84
2026-05-13 10:25:34;140977,44
2026-05-13 10:25:34;183823,52
2026-05-13 10:25:34;NaN
2026-05-13 10:25:34;171232,88
2026-05-13 10:25:34;178571,44
2026-05-13 10:25:34;223214,3
2026-05-13 10:25:34;247524,75
2026-05-13 10:25:34;203804,34
2026-05-13 10:25:34;328947,38
2026-05-13 10:25:34;220070,42
2026-05-13 10:25:34;118670,88
2026-05-13 10:25:34;106534,09
2026-05-13 10:25:34;245098,03
2026-05-13 10:25:34;255102,05
2026-05-13 10:25:34;238095,23
2026-05-13 10:25:34;268817,22
2026-05-13 10:25:34;176056,34
2026-05-13 10:25:34;176886,8
2026-05-13 10:25:34;111607,15
2026-05-13 10:25:34;201612,9
2026-05-13 10:25:34;142045,45
2026-05-13 10:25:34;219298,25
2026-05-13 10:25:34;128865,984
2026-05-13 10:25:34;157563,02
2026-05-13 10:25:34;183823,53
2026-05-13 10:25:34;218023,25
2026-05-13 10:25:34;147058,83
2026-05-13 10:25:34;191326,52
2026-05-13 10:25:34;353773,6
2026-05-13 10:25:34;89285,72
2026-05-13 10:25:34;164473,69
2026-05-13 10:25:34;262605,03
2026-05-13 10:25:34;110946,74
2026-05-13 10:25:34;160256,4
2026-05-13 10:25:34;255102,05
2026-05-13 10:25:34;376506
2026-05-13 10:25:34;142045,45
2026-05-13 10:25:34;NaN
2026-05-13 10:25:34;250000
2026-05-13 10:25:34;164473,69
2026-05-13 10:25:34;307377,06
2026-05-13 10:25:34;115740,75
2026-05-13 10:25:34;213675,23
2026-05-13 10:25:34;132978,73
2026-05-13 10:25:34;328947,38
2026-05-13 10:25:34;195312,5
2026-05-13 10:25:34;196850,39
2026-05-13 10:25:34;185185,17
2026-05-13 10:25:34;110619,47
2026-05-13 10:25:34;147637,8
2026-05-13 10:25:34;229779,42
2026-05-13 10:25:34;162337,67
2026-05-13 10:25:34;217391,3
2026-05-13 10:25:34;99206,35
2026-05-13 10:25:34;315656,56
2026-05-13 10:25:34;229779,42
2026-05-13 10:25:34;238549,62
2026-05-13 10:25:34;238095,23
2026-05-13 10:25:34;182481,75
2026-05-13 10:25:34;275735,3
2026-05-13 10:25:34;459558,84
2026-05-13 10:25:34;143678,16
2026-05-13 10:25:34;328947,34
2026-05-13 10:25:34;143678,16
2026-05-13 10:25:34;240384,64
2026-05-13 10:25:34;195312,5
2026-05-13 10:25:34;189393,94
2026-05-13 10:25:34;203252,05
2026-05-13 10:25:34;267094,03
2026-05-13 10:25:34;174825,17
2026-05-13 10:25:34;254065,03
2026-05-13 10:25:34;294117,66
2026-05-13 10:25:34;147929
2026-05-13 10:25:34;71839,08
2026-05-13 10:25:34;229779,42
2026-05-13 10:25:34;385802,5
2026-05-13 10:25:34;127551,02
2026-05-13 10:25:34;328947,38
2026-05-13 10:25:34;245098,03
2026-05-13 10:25:34;178571,44
2026-05-13 10:25:34;135869,56
2026-05-13 10:25:34;497159,12
2026-05-13 10:25:34;228658,53
2026-05-13 10:25:34;198412,7
2026-05-13 10:25:34;204918,02
2026-05-13 10:25:34;180288,47
2026-05-13 10:25:34;256849,3
2026-05-13 10:25:34;225225,23
2026-05-13 10:25:34;225903,61
2026-05-13 10:25:34;287356,3
2026-05-13 10:25:34;225225,2
2026-05-13 10:25:34;357142,88
2026-05-13 10:25:34;189393,94
2026-05-13 10:25:34;206953,66
2026-05-13 10:25:34;195312,5
2026-05-13 10:25:34;209731,55
2026-05-13 10:25:34;290697,7
2026-05-13 10:25:34;123762,375
2026-05-13 10:25:34;332446,8
2026-05-13 10:25:34;301204,8
2026-05-13 10:25:34;208333,34
2026-05-13 10:25:34;113636,37
2026-05-13 10:25:34;234375
2026-05-13 10:25:34;97656,25
2026-05-13 10:25:34;240384,64
2026-05-13 10:25:34;120192,305
2026-05-13 10:25:34;123762,375
2026-05-13 10:25:34;173611,11
2026-05-13 10:25:34;204248,36
2026-05-13 10:25:34;206043,95
2026-05-13 10:25:34;195312,5
2026-05-13 10:25:34;130208,336
2026-05-13 10:25:34;245098,03
2026-05-13 10:25:34;96899,23
2026-05-13 10:25:34;62500
2026-05-13 10:25:34;192307,7
2026-05-13 10:25:34;339673,9
2026-05-13 10:25:34;218023,27
2026-05-13 10:25:34;102459,01
2026-05-13 10:25:34;279850,75
2026-05-13 10:25:34;367647,06
2026-05-13 10:25:34;260416,67
2026-05-13 10:25:34;228658,55
2026-05-13 10:25:34;193298,97
2026-05-13 10:25:34;144230,77
2026-05-13 10:25:34;57077,625
2026-05-13 10:25:34;111607,15
2026-05-13 10:25:34;170068,03
2026-05-13 10:25:34;255102,05
2026-05-13 10:25:34;166666,66
2026-05-13 10:25:34;260416,64
2026-05-13 10:25:34;176886,8
2026-05-13 10:25:34;134892,1
2026-05-13 10:25:34;84080,72
2026-05-13 10:25:34;128424,664
2026-05-13 10:25:34;168918,92
2026-05-13 10:25:34;172413,8
2026-05-13 10:25:34;213068,19
2026-05-13 10:25:34;218023,25
2026-05-13 10:25:34;221631,2
2026-05-13 10:25:34;202922,1
2026-05-13 10:25:34;242718,44
2026-05-13 10:25:34;146484,38
2026-05-13 10:25:34;271739,12
2026-05-13 10:25:34;85616,44
2026-05-13 10:25:34;360576,94
2026-05-13 10:25:34;139664,8
2026-05-13 10:25:34;195312,5
2026-05-13 10:25:34;234375
2026-05-13 10:25:34;473484,88
2026-05-13 10:25:34;255102,05
2026-05-13 10:25:34;245098,03
2026-05-13 10:25:34;178571,44
2026-05-13 10:25:34;168918,92
2026-05-13 10:25:34;138888,89
2026-05-13 10:25:34;156250
2026-05-13 10:25:34;226449,27
2026-05-13 10:25:34;297619,06
2026-05-13 10:25:34;183823,53
2026-05-13 10:25:34;280898,88
2026-05-13 10:25:34;183823,53
2026-05-13 10:25:34;142045,47
2026-05-13 10:25:34;263157,9
2026-05-13 10:25:34;337837,84
2026-05-13 10:25:34;161637,94
2026-05-13 10:25:34;172018,34
2026-05-13 10:25:34;152439,03
2026-05-13 10:25:34;250000
2026-05-13 10:25:34;357142,88
2026-05-13 10:25:34;156250
2026-05-13 10:25:34;267094,03
2026-05-13 10:25:34;147637,8
2026-05-13 10:25:34;140449,44
2026-05-13 10:25:34;318877,56
2026-05-13 10:25:34;275735,28
2026-05-13 10:25:34;153688,53
2026-05-13 10:25:34;180288,47
2026-05-13 10:25:34;301204,8
2026-05-13 10:25:34;398936,16
2026-05-13 10:25:34;208333,33
2026-05-13 10:25:34;88652,484
2026-05-13 10:25:34;127551,02
2026-05-13 10:25:34;240384,64
2026-05-13 10:25:34;292968,75
2026-05-13 10:25:34;168918,92
2026-05-13 10:25:34;210674,17
2026-05-13 10:25:34;183823,53
2026-05-13 10:25:34;154320,98
2026-05-13 10:25:34;181159,42
2026-05-13 10:25:34;192307,69
2026-05-13 10:25:34;251677,86
2026-05-13 10:25:34;347222,22
2026-05-13 10:25:34;473484,88
2026-05-13 10:25:34;116822,42
2026-05-13 10:25:34;187969,92
2026-05-13 10:25:34;111607,15
2026-05-13 10:25:35;347222,22
2026-05-13 10:25:35;199468,08
2026-05-13 10:25:35;193298,97
2026-05-13 10:25:35;196850,39
2026-05-13 10:25:35;121359,22
2026-05-13 10:25:35;46992,48
2026-05-13 10:25:35;120192,305
2026-05-13 10:25:35;183823,53
2026-05-13 10:25:35;117924,54
2026-05-13 10:25:35;74404,766
2026-05-13 10:25:35;271739,12
2026-05-13 10:25:35;177304,97
2026-05-13 10:25:35;74404,766
2026-05-13 10:25:35;307377,06
2026-05-13 10:25:35;132978,72
2026-05-13 10:25:35;186567,17
2026-05-13 10:25:35;162337,67
2026-05-13 10:25:35;245098,03
2026-05-13 10:25:35;134408,61
2026-05-13 10:25:35;258264,47
2026-05-13 10:25:35;122549,03
2026-05-13 10:25:35;210674,17
2026-05-13 10:25:35;250000
2026-05-13 10:25:35;201612,9
2026-05-13 10:25:35;165562,92
2026-05-13 10:25:35;254065,06
2026-05-13 10:25:35;271739,12
2026-05-13 10:25:35;240384,64
2026-05-13 10:25:35;309405,94
2026-05-13 10:25:35;157563,03
2026-05-13 10:25:35;220588,25
2026-05-13 10:25:35;74404,766
2026-05-13 10:25:35;203804,34
2026-05-13 10:25:35;125000
2026-05-13 10:25:35;201612,89
2026-05-13 10:25:35;130208,32
2026-05-13 10:25:35;215517,23
2026-05-13 10:25:35;126689,19
2026-05-13 10:25:35;152439,02
2026-05-13 10:25:35;168918,92
2026-05-13 10:25:35;172018,34
2026-05-13 10:25:35;171232,88
2026-05-13 10:25:35;206043,95
2026-05-13 10:25:35;213068,19
2026-05-13 10:25:35;199468,08
2026-05-13 10:25:35;128424,664
2026-05-13 10:25:35;203252,05
2026-05-13 10:25:35;142045,45
2026-05-13 10:25:35;104166,664
2026-05-13 10:25:35;223214,3
2026-05-13 10:25:35;116459,625
2026-05-13 10:25:35;139664,81
2026-05-13 10:25:35;416666,66
2026-05-13 10:25:35;344036,7
2026-05-13 10:25:35;331858,4
2026-05-13 10:25:35;267857,16
2026-05-13 10:25:35;373134,34
2026-05-13 10:25:35;225225,23
2026-05-13 10:25:35;180288,47
2026-05-13 10:25:35;221238,94
2026-05-13 10:25:35;294811,3
2026-05-13 10:25:35;187500
2026-05-13 10:25:35;260416,67
2026-05-13 10:25:35;117924,52
2026-05-13 10:25:35;79113,92
2026-05-13 10:25:35;304878,06
2026-05-13 10:25:35;97656,25
2026-05-13 10:25:35;280898,88
2026-05-13 10:25:35;86805,555
2026-05-13 10:25:35;137362,64
2026-05-13 10:25:35;65789,48
2026-05-13 10:25:35;200000
2026-05-13 10:25:35;277777,78
2026-05-13 10:25:35;145348,84
2026-05-13 10:25:35;124172,195
2026-05-13 10:25:35;304878,06
2026-05-13 10:25:35;185643,56
2026-05-13 10:25:35;297619,03
2026-05-13 10:25:35;176886,78
2026-05-13 10:25:35;94696,97
2026-05-13 10:25:35;208333,34
2026-05-13 10:25:35;150000
2026-05-13 10:25:35;337837,84
2026-05-13 10:25:35;185185,17
2026-05-13 10:25:35;223214,3
2026-05-13 10:25:35;220588,22
2026-05-13 10:25:35;215517,23
2026-05-13 10:25:35;166666,66
2026-05-13 10:25:35;158898,31
2026-05-13 10:25:35;263157,9
2026-05-13 10:25:35;297619,06
2026-05-13 10:25:35;201612,9
2026-05-13 10:25:35;134892,08
2026-05-13 10:25:35;360576,94
2026-05-13 10:25:35;167410,72
2026-05-13 10:25:35;240384,61
2026-05-13 10:25:35;106837,6
2026-05-13 10:25:35;178571,44
2026-05-13 10:25:35;227272,73
2026-05-13 10:25:35;239234,45
2026-05-13 10:25:35;215517,23
2026-05-13 10:25:35;150000
2026-05-13 10:25:35;297619,06
2026-05-13 10:25:35;128424,65
2026-05-13 10:25:35;235849,05
2026-05-13 10:25:35;215517,23
2026-05-13 10:25:35;189393,95
2026-05-13 10:25:35;252525,25
2026-05-13 10:25:35;206611,58
2026-05-13 10:25:35;190839,69
2026-05-13 10:25:35;88028,17
2026-05-13 10:25:35;126262,625
2026-05-13 10:25:35;240384,61
2026-05-13 10:25:35;125000
2026-05-13 10:25:35;145348,84
2026-05-13 10:25:35;353773,6
2026-05-13 10:25:35;117924,54
2026-05-13 10:25:35;238095,23
2026-05-13 10:25:35;137867,64
2026-05-13 10:25:35;58685,445
2026-05-13 10:25:35;90579,7
2026-05-13 10:25:35;102459,01
2026-05-13 10:25:35;332446,8
2026-05-13 10:25:35;215517,23
2026-05-13 10:25:35;191326,52
2026-05-13 10:25:35;284090,9
2026-05-13 10:25:35;215517,23
2026-05-13 10:25:35;246710,53
2026-05-13 10:25:35;163043,47
2026-05-13 10:25:35;57870,375
2026-05-13 10:25:35;263157,9
2026-05-13 10:25:35;151209,67
2026-05-13 10:25:35;79113,93
2026-05-13 10:25:35;138888,89
2026-05-13 10:25:35;93984,96
2026-05-13 10:25:35;93283,58
2026-05-13 10:25:35;112275,445
2026-05-13 10:25:35;284090,9
2026-05-13 10:25:35;215517,23
2026-05-13 10:25:35;112612,62
2026-05-13 10:25:35;247524,75
2026-05-13 10:25:35;307377,06
2026-05-13 10:25:35;59523,81
2026-05-13 10:25:35;267094,03
2026-05-13 10:25:35;50403,227
2026-05-13 10:25:35;221893,48
2026-05-13 10:25:35;NaN
2026-05-13 10:25:35;161290,33
2026-05-13 10:25:35;NaN
2026-05-13 10:25:35;135869,56
2026-05-13 10:25:35;363372,1
2026-05-13 10:25:35;334821,44
2026-05-13 10:25:35;178571,44
2026-05-13 10:25:35;123762,375
2026-05-13 10:25:35;NaN
2026-05-13 10:25:35;198412,7
2026-05-13 10:25:35;163043,47
2026-05-13 10:25:35;105932,2
2026-05-13 10:25:35;164473,69
2026-05-13 10:25:35;122549,03
2026-05-13 10:25:35;172413,81
2026-05-13 10:25:35;125000
2026-05-13 10:25:35;264084,53
2026-05-13 10:25:35;120192,32
2026-05-13 10:25:35;135869,56
2026-05-13 10:25:35;134408,61
2026-05-13 10:25:35;127551,02
2026-05-13 10:25:35;247524,75
2026-05-13 10:25:35;238095,23
2026-05-13 10:25:35;320512,8
2026-05-13 10:25:35;215517,23
2026-05-13 10:25:35;163043,47
2026-05-13 10:25:35;100000
2026-05-13 10:25:35;210674,17
2026-05-13 10:25:35;247524,75
2026-05-13 10:25:35;180288,47
2026-05-13 10:25:35;154958,67
2026-05-13 10:25:35;294117,66
2026-05-13 10:25:35;191326,52
2026-05-13 10:25:35;153688,53
2026-05-13 10:25:35;240384,64
2026-05-13 10:25:35;309405,94
2026-05-13 10:25:35;264084,5
2026-05-13 10:25:35;381097,56
2026-05-13 10:25:35;117924,52
2026-05-13 10:25:35;100806,45
2026-05-13 10:25:35;217391,3
2026-05-13 10:25:35;170454,55
2026-05-13 10:25:35;325520,84
2026-05-13 10:25:35;131118,89
2026-05-13 10:25:35;306372,53
2026-05-13 10:25:35;231481,5
2026-05-13 10:25:35;150000
2026-05-13 10:25:35;231481,5
2026-05-13 10:25:35;131578,95
2026-05-13 10:25:35;210674,17
2026-05-13 10:25:35;221238,94
2026-05-13 10:25:35;107758,62
2026-05-13 10:25:35;183823,53
2026-05-13 10:25:35;351123,6
2026-05-13 10:25:35;173611,11
2026-05-13 10:25:35;192901,25
2026-05-13 10:25:35;195312,5
2026-05-13 10:25:35;252016,14
2026-05-13 10:25:35;220588,25
2026-05-13 10:25:35;233208,95
2026-05-13 10:25:35;178571,44
2026-05-13 10:25:35;157563,03
2026-05-13 10:25:35;189393,94
2026-05-13 10:25:35;173611,11
2026-05-13 10:25:35;163043,47
2026-05-13 10:25:35;156250,02
2026-05-13 10:25:35;279850,72
2026-05-13 10:25:35;NaN
2026-05-13 10:25:35;88028,17
2026-05-13 10:25:35;130208,336
2026-05-13 10:25:35;168918,92
2026-05-13 10:25:35;210084,03
2026-05-13 10:25:35;79617,836
2026-05-13 10:25:35;361570,25
2026-05-13 10:25:35;201612,9
2026-05-13 10:25:35;231481,5
2026-05-13 10:25:35;192307,69
2026-05-13 10:25:35;NaN
2026-05-13 10:25:35;220588,25
2026-05-13 10:25:35;195312,5
2026-05-13 10:25:35;208333,34
2026-05-13 10:25:35;276548,7
2026-05-13 10:25:35;203804,34
2026-05-13 10:25:35;255102,05
2026-05-13 10:25:35;289351,84
2026-05-13 10:25:35;82781,46
2026-05-13 10:25:35;225903,61
2026-05-13 10:25:35;284090,9
2026-05-13 10:25:35;131578,95
2026-05-13 10:25:35;247524,75
2026-05-13 10:25:35;279017,88
2026-05-13 10:25:35;281531,53
2026-05-13 10:25:36;360576,94
2026-05-13 10:25:36;252525,25
2026-05-13 10:25:36;254065,06
2026-05-13 10:25:36;74404,766
2026-05-13 10:25:36;143678,17
2026-05-13 10:25:36;187500
2026-05-13 10:25:36;199468,1
2026-05-13 10:25:36;79113,92
2026-05-13 10:25:36;159438,78
2026-05-13 10:25:36;178571,44
2026-05-13 10:25:36;142045,47
2026-05-13 10:25:36;189393,95
2026-05-13 10:25:36;215517,27
2026-05-13 10:25:36;238095,23
2026-05-13 10:25:36;290697,7
2026-05-13 10:25:36;246710,53
2026-05-13 10:25:36;221631,2
2026-05-13 10:25:36;130890,05
2026-05-13 10:25:36;213068,19
2026-05-13 10:25:36;NaN
2026-05-13 10:25:36;336021,53
2026-05-13 10:25:36;82781,46
2026-05-13 10:25:36;211864,4
2026-05-13 10:25:36;162337,67
2026-05-13 10:25:36;157563,03
2026-05-13 10:25:36;242718,44
2026-05-13 10:25:36;121753,24
2026-05-13 10:25:36;201612,9
2026-05-13 10:25:36;91240,88
2026-05-13 10:25:36;143678,16
2026-05-13 10:25:36;255102,05
2026-05-13 10:25:36;347222,22
2026-05-13 10:25:36;150602,4
2026-05-13 10:25:36;168918,92
2026-05-13 10:25:36;NaN
2026-05-13 10:25:36;160256,4
2026-05-13 10:25:36;250000
2026-05-13 10:25:36;234375
2026-05-13 10:25:36;121359,22
2026-05-13 10:25:36;132978,72
2026-05-13 10:25:36;178571,44
2026-05-13 10:25:36;367647,03
2026-05-13 10:25:36;286697,25
2026-05-13 10:25:36;138888,89
2026-05-13 10:25:36;284090,9
2026-05-13 10:25:36;150000
2026-05-13 10:25:36;148809,53
2026-05-13 10:25:36;60096,152
2026-05-13 10:25:36;135869,56
2026-05-13 10:25:36;196850,39
2026-05-13 10:25:36;284090,94
2026-05-13 10:25:36;264084,5
2026-05-13 10:25:36;342465,75
2026-05-13 10:25:36;135869,56
2026-05-13 10:25:36;156250
2026-05-13 10:25:36;227272,73
2026-05-13 10:25:36;347222,25
2026-05-13 10:25:36;240384,64
2026-05-13 10:25:36;90579,7
2026-05-13 10:25:36;215517,23
2026-05-13 10:25:36;229357,81
2026-05-13 10:25:36;127551,02
2026-05-13 10:25:36;248015,86
2026-05-13 10:25:36;260416,67
2026-05-13 10:25:36;309405,94
2026-05-13 10:25:36;284090,9
2026-05-13 10:25:36;199468,1
2026-05-13 10:25:36;204918,02
2026-05-13 10:25:36;181159,42
2026-05-13 10:25:36;160256,4
2026-05-13 10:25:36;173611,11
2026-05-13 10:25:36;186567,16
2026-05-13 10:25:36;111607,15
2026-05-13 10:25:36;89285,72
2026-05-13 10:25:36;357142,88
2026-05-13 10:25:36;247524,75
2026-05-13 10:25:36;172018,34
2026-05-13 10:25:36;276548,7
2026-05-13 10:25:36;189393,95
2026-05-13 10:25:36;165929,2
2026-05-13 10:25:36;245098,06
2026-05-13 10:25:36;NaN
2026-05-13 10:25:36;117187,5
2026-05-13 10:25:36;158514,5
2026-05-13 10:25:36;235849,08
2026-05-13 10:25:36;138888,89
2026-05-13 10:25:36;218023,25
2026-05-13 10:25:36;416666,66
2026-05-13 10:25:36;163398,7
2026-05-13 10:25:36;135135,14
2026-05-13 10:25:36;223214,3
2026-05-13 10:25:36;154320,98
2026-05-13 10:25:36;121359,22
2026-05-13 10:25:36;367647,06
2026-05-13 10:25:36;143678,16
2026-05-13 10:25:36;128424,65
2026-05-13 10:25:36;208333,34
2026-05-13 10:25:36;97656,25
2026-05-13 10:25:36;359195,4
2026-05-13 10:25:36;223214,3
2026-05-13 10:25:36;176886,8
2026-05-13 10:25:36;308642
2026-05-13 10:25:36;309405,94
2026-05-13 10:25:36;80128,2
2026-05-13 10:25:36;315656,56
2026-05-13 10:25:36;390625
2026-05-13 10:25:36;206043,95
2026-05-13 10:25:36;142857,16
2026-05-13 10:25:36;328947,38
2026-05-13 10:25:36;225225,2
2026-05-13 10:25:36;339673,94
2026-05-13 10:25:36;185185,17
2026-05-13 10:25:36;91911,76
2026-05-13 10:25:36;171232,88
2026-05-13 10:25:36;117924,52
2026-05-13 10:25:36;353773,56
2026-05-13 10:25:36;324675,34
2026-05-13 10:25:36;119047,62
2026-05-13 10:25:36;242718,44
2026-05-13 10:25:36;135869,56
2026-05-13 10:25:36;182038,83
2026-05-13 10:25:36;120192,305
2026-05-13 10:25:36;135869,56
2026-05-13 10:25:36;220070,42
2026-05-13 10:25:36;241935,48
2026-05-13 10:25:36;147929
2026-05-13 10:25:36;306372,53
2026-05-13 10:25:36;223214,3
2026-05-13 10:25:36;229779,42
2026-05-13 10:25:36;480769,22
2026-05-13 10:25:36;154958,67
2026-05-13 10:25:36;312500,03
2026-05-13 10:25:36;177304,97
2026-05-13 10:25:36;233644,88
2026-05-13 10:25:36;215517,23
2026-05-13 10:25:36;250000
2026-05-13 10:25:36;178571,44
2026-05-13 10:25:36;378787,88
2026-05-13 10:25:36;146484,38
2026-05-13 10:25:36;181159,42
2026-05-13 10:25:36;247524,75
2026-05-13 10:25:36;114678,89
2026-05-13 10:25:36;215517,23
2026-05-13 10:25:36;375000
2026-05-13 10:25:36;153688,53
2026-05-13 10:25:36;165929,2
2026-05-13 10:25:36;236742,44
2026-05-13 10:25:36;253378,38
2026-05-13 10:25:36;215517,23
2026-05-13 10:25:36;206043,95
2026-05-13 10:25:36;250000
2026-05-13 10:25:36;186567,16
2026-05-13 10:25:36;60096,152
2026-05-13 10:25:36;84459,46
2026-05-13 10:25:36;108695,65
2026-05-13 10:25:36;215517,23
2026-05-13 10:25:36;225903,61
2026-05-13 10:25:36;134892,1
2026-05-13 10:25:36;235849,08
2026-05-13 10:25:36;199468,1
2026-05-13 10:25:36;193298,97
2026-05-13 10:25:36;225225,23
2026-05-13 10:25:36;267857,16
2026-05-13 10:25:36;328947,34
2026-05-13 10:25:36;223214,3
2026-05-13 10:25:36;83892,625
2026-05-13 10:25:36;250000
2026-05-13 10:25:36;357142,88
2026-05-13 10:25:36;240384,61
2026-05-13 10:25:36;210084,05
2026-05-13 10:25:36;164473,69
2026-05-13 10:25:36;139925,38
2026-05-13 10:25:36;221631,2
2026-05-13 10:25:36;113636,37
2026-05-13 10:25:36;104166,67
2026-05-13 10:25:36;154958,67
2026-05-13 10:25:36;187969,92
2026-05-13 10:25:36;181159,42
2026-05-13 10:25:36;390625
2026-05-13 10:25:36;73529,414
2026-05-13 10:25:36;360576,94
2026-05-13 10:25:36;304878,06
2026-05-13 10:25:36;183823,53
2026-05-13 10:25:36;245098,03
2026-05-13 10:25:36;284090,9
2026-05-13 10:25:36;243506,5
2026-05-13 10:25:36;367647,06
2026-05-13 10:25:36;200000
2026-05-13 10:25:36;173611,11
2026-05-13 10:25:36;164473,67
2026-05-13 10:25:36;143678,16
2026-05-13 10:25:36;375000
2026-05-13 10:25:36;175233,64
2026-05-13 10:25:36;164473,69
2026-05-13 10:25:36;198412,7
2026-05-13 10:25:36;120192,32
2026-05-13 10:25:36;228658,53
2026-05-13 10:25:36;254065,03
2026-05-13 10:25:36;160256,4
2026-05-13 10:25:36;122549,03
2026-05-13 10:25:36;185643,56
2026-05-13 10:25:36;255102,05
2026-05-13 10:25:36;167410,72
2026-05-13 10:25:36;191326,52
2026-05-13 10:25:36;292968,75
2026-05-13 10:25:36;85616,44
2026-05-13 10:25:36;160256,4
2026-05-13 10:25:36;172018,34
2026-05-13 10:25:36;294117,66
2026-05-13 10:25:36;198412,7
2026-05-13 10:25:36;131118,89
2026-05-13 10:25:36;226449,27
2026-05-13 10:25:36;211864,4
2026-05-13 10:25:36;290697,7
2026-05-13 10:25:36;208333,33
2026-05-13 10:25:36;168918,92
2026-05-13 10:25:36;277777,78
2026-05-13 10:25:36;189393,94
2026-05-13 10:25:36;119047,62
2026-05-13 10:25:36;256147,53
2026-05-13 10:25:36;280898,88
2026-05-13 10:25:36;195312,5
2026-05-13 10:25:36;243506,48
2026-05-13 10:25:36;240384,64
2026-05-13 10:25:36;234375
2026-05-13 10:25:36;219298,25
2026-05-13 10:25:36;242248,06
2026-05-13 10:25:36;317796,62
2026-05-13 10:25:36;91911,766
2026-05-13 10:25:36;508720,9
2026-05-13 10:25:36;156249,98
2026-05-13 10:25:36;218023,25
2026-05-13 10:25:36;182038,83
2026-05-13 10:25:36;234375
2026-05-13 10:25:36;218023,25
2026-05-13 10:25:36;303398,06
2026-05-13 10:25:37;201612,9
2026-05-13 10:25:37;326086,97
2026-05-13 10:25:37;51229,51
2026-05-13 10:25:37;294117,66
2026-05-13 10:25:37;135869,56
2026-05-13 10:25:37;154958,67
2026-05-13 10:25:37;355113,62
2026-05-13 10:25:37;111607,15
2026-05-13 10:25:37;263157,9
2026-05-13 10:25:37;206043,95
2026-05-13 10:25:37;195312,5
2026-05-13 10:25:37;174825,17
2026-05-13 10:25:37;152972,03
2026-05-13 10:25:37;309405,94
2026-05-13 10:25:37;147058,83
2026-05-13 10:25:37;312500
2026-05-13 10:25:37;250000
2026-05-13 10:25:37;191326,52
2026-05-13 10:25:37;183823,53
2026-05-13 10:25:37;176886,8
2026-05-13 10:25:37;240384,61
2026-05-13 10:25:37;250000
2026-05-13 10:25:37;277777,78
2026-05-13 10:25:37;127551,02
2026-05-13 10:25:37;285947,72
2026-05-13 10:25:37;105932,2
2026-05-13 10:25:37;237341,77
2026-05-13 10:25:37;166223,4
2026-05-13 10:25:37;81168,836
2026-05-13 10:25:37;150602,4
2026-05-13 10:25:37;245098,03
2026-05-13 10:25:37;203804,34
2026-05-13 10:25:37;172018,34
2026-05-13 10:25:37;197368,42
2026-05-13 10:25:37;227272,73
2026-05-13 10:25:37;168918,92
2026-05-13 10:25:37;126689,19
2026-05-13 10:25:37;331858,4
2026-05-13 10:25:37;215517,23
2026-05-13 10:25:37;198412,69
2026-05-13 10:25:37;183823,52
2026-05-13 10:25:37;228658,53
2026-05-13 10:25:37;250000
2026-05-13 10:25:37;96153,84
2026-05-13 10:25:37;262605,03
2026-05-13 10:25:37;180288,47
2026-05-13 10:25:37;146484,38
2026-05-13 10:25:37;193798,45
2026-05-13 10:25:37;352112,7
2026-05-13 10:25:37;367647,03
2026-05-13 10:25:37;304878,06
2026-05-13 10:25:37;198412,7
2026-05-13 10:25:37;197368,42
2026-05-13 10:25:37;140977,44
2026-05-13 10:25:37;235849,08
2026-05-13 10:25:37;178571,44
2026-05-13 10:25:37;297619,06
2026-05-13 10:25:37;224820,12
2026-05-13 10:25:37;160256,4
2026-05-13 10:25:37;210084,05
2026-05-13 10:25:37;NaN
2026-05-13 10:25:37;353773,6
2026-05-13 10:25:37;302419,34
2026-05-13 10:25:37;219298,25
2026-05-13 10:25:37;128424,664
2026-05-13 10:25:37;164473,67
2026-05-13 10:25:37;231481,47
2026-05-13 10:25:37;309405,94
2026-05-13 10:25:37;176056,34
2026-05-13 10:25:37;111607,15
2026-05-13 10:25:37;NaN
2026-05-13 10:25:37;194099,38
2026-05-13 10:25:37;214041,1
2026-05-13 10:25:37;231481,5
2026-05-13 10:25:37;130208,336
2026-05-13 10:25:37;129310,34
2026-05-13 10:25:37;178571,44
2026-05-13 10:25:37;375000
2026-05-13 10:25:37;213068,19
2026-05-13 10:25:37;271739,16
2026-05-13 10:25:37;182481,77
2026-05-13 10:25:37;132042,25
2026-05-13 10:25:37;125000
2026-05-13 10:25:37;246710,53
2026-05-13 10:25:37;101626,02
2026-05-13 10:25:37;328947,34
2026-05-13 10:25:37;204918,02
2026-05-13 10:25:37;131578,95
2026-05-13 10:25:37;300480,75
2026-05-13 10:25:37;79617,836
2026-05-13 10:25:37;262605,03
2026-05-13 10:25:37;61274,508
2026-05-13 10:25:37;80128,2
2026-05-13 10:25:37;192307,69
2026-05-13 10:25:37;381097,56
2026-05-13 10:25:37;179856,12
2026-05-13 10:25:37;260416,67
2026-05-13 10:25:37;153688,53
2026-05-13 10:25:37;208333,33
2026-05-13 10:25:37;289351,84
2026-05-13 10:25:37;105042,016
2026-05-13 10:25:37;279850,75
2026-05-13 10:25:37;307377,06
2026-05-13 10:25:37;195312,5
2026-05-13 10:25:37;180288,47
2026-05-13 10:25:37;189393,94
2026-05-13 10:25:37;107758,62
2026-05-13 10:25:37;256849,3
2026-05-13 10:25:37;267857,12
2026-05-13 10:25:37;131118,89
2026-05-13 10:25:37;264084,5
2026-05-13 10:25:37;218023,25
2026-05-13 10:25:37;189393,95
2026-05-13 10:25:37;57870,375
2026-05-13 10:25:37;177304,97
2026-05-13 10:25:37;125000
2026-05-13 10:25:37;150602,4
2026-05-13 10:25:37;187500
2026-05-13 10:25:37;119047,62
2026-05-13 10:25:37;182748,53
2026-05-13 10:25:37;197368,44
2026-05-13 10:25:37;255102,05
2026-05-13 10:25:37;115740,75
2026-05-13 10:25:37;120967,74
2026-05-13 10:25:37;284090,9
2026-05-13 10:25:37;271739,12
2026-05-13 10:25:37;203804,34
2026-05-13 10:25:37;142045,47
2026-05-13 10:25:37;127551,02
2026-05-13 10:25:37;384615,38
2026-05-13 10:25:37;364077,66
2026-05-13 10:25:37;317796,62
2026-05-13 10:25:37;284090,9
2026-05-13 10:25:37;195312,5
2026-05-13 10:25:37;105042,02
2026-05-13 10:25:37;264084,5
2026-05-13 10:25:37;294117,66
2026-05-13 10:25:37;96899,23
2026-05-13 10:25:37;128865,984
2026-05-13 10:25:37;231481,47
2026-05-13 10:25:37;65104,16
2026-05-13 10:25:37;160256,4
2026-05-13 10:25:37;117924,54
2026-05-13 10:25:37;300000
2026-05-13 10:25:37;236742,44
2026-05-13 10:25:37;213675,2
2026-05-13 10:25:37;130208,336
2026-05-13 10:25:37;371287,12
2026-05-13 10:25:37;252525,25
2026-05-13 10:25:37;158227,84
2026-05-13 10:25:37;218023,25
2026-05-13 10:25:37;52083,332
2026-05-13 10:25:37;271739,12
2026-05-13 10:25:37;235849,05
2026-05-13 10:25:37;138888,89
2026-05-13 10:25:37;143678,16
2026-05-13 10:25:37;265957,47
2026-05-13 10:25:37;219849,23
2026-05-13 10:25:37;208333,34
2026-05-13 10:25:37;333333,3
2026-05-13 10:25:37;240384,61
2026-05-13 10:25:37;111607,15
2026-05-13 10:25:37;218023,27
2026-05-13 10:25:37;127551,02
2026-05-13 10:25:37;107758,62
2026-05-13 10:25:37;173611,11
2026-05-13 10:25:37;201612,9
2026-05-13 10:25:37;250000
2026-05-13 10:25:37;231481,5
2026-05-13 10:25:37;195312,5
2026-05-13 10:25:37;289351,84
2026-05-13 10:25:37;89285,72
2026-05-13 10:25:37;175561,8
2026-05-13 10:25:37;168918,92
2026-05-13 10:25:37;181159,42
2026-05-13 10:25:37;157563,02
2026-05-13 10:25:37;256147,53
2026-05-13 10:25:37;152439,03
2026-05-13 10:25:37;151209,67
2026-05-13 10:25:37;237341,77
2026-05-13 10:25:37;73529,414
2026-05-13 10:25:37;182038,84
2026-05-13 10:25:37;301204,8
2026-05-13 10:25:37;154321
2026-05-13 10:25:37;229779,42
2026-05-13 10:25:37;230061,36
2026-05-13 10:25:37;206611,58
2026-05-13 10:25:37;183823,52
2026-05-13 10:25:37;161637,94
2026-05-13 10:25:37;367647,06
2026-05-13 10:25:37;350467,28
2026-05-13 10:25:37;218023,25
2026-05-13 10:25:37;237341,77
2026-05-13 10:25:37;196850,39
2026-05-13 10:25:37;65789,48
2026-05-13 10:25:37;256147,53
2026-05-13 10:25:37;199044,6
2026-05-13 10:25:37;135869,56
2026-05-13 10:25:37;235849,08
2026-05-13 10:25:37;104166,664
2026-05-13 10:25:37;211864,4
2026-05-13 10:25:37;166666,66
2026-05-13 10:25:37;168918,92
2026-05-13 10:25:37;240384,64
2026-05-13 10:25:37;176886,8
2026-05-13 10:25:37;292968,75
2026-05-13 10:25:37;151515,16
2026-05-13 10:25:37;186567,17
2026-05-13 10:25:37;148809,53
2026-05-13 10:25:37;211864,4
2026-05-13 10:25:37;190839,69
2026-05-13 10:25:37;108695,65
2026-05-13 10:25:37;100000
2026-05-13 10:25:37;355691,03
2026-05-13 10:25:37;173611,11
2026-05-13 10:25:37;234375
2026-05-13 10:25:37;195312,5
2026-05-13 10:25:37;178571,42
2026-05-13 10:25:37;390625
2026-05-13 10:25:37;286697,25
2026-05-13 10:25:37;89285,72
2026-05-13 10:25:37;227272,73
2026-05-13 10:25:37;157563,02
2026-05-13 10:25:37;148809,53
2026-05-13 10:25:37;157563,03
2026-05-13 10:25:37;185643,56
2026-05-13 10:25:37;164473,69
2026-05-13 10:25:37;135869,58
2026-05-13 10:25:37;147058,83
2026-05-13 10:25:37;340909,1
2026-05-13 10:25:37;347222,25
2026-05-13 10:25:37;138888,89
2026-05-13 10:25:37;77160,5
2026-05-13 10:25:37;122549,016
2026-05-13 10:25:37;220070,42
2026-05-13 10:25:37;193298,97
2026-05-13 10:25:37;197368,42
2026-05-13 10:25:38;165929,2
2026-05-13 10:25:38;138121,55
2026-05-13 10:25:38;113636,37
2026-05-13 10:25:38;127551,02
2026-05-13 10:25:38;223214,3
2026-05-13 10:25:38;105932,2
2026-05-13 10:25:38;224820,12
2026-05-13 10:25:38;213068,19
2026-05-13 10:25:38;210674,17
2026-05-13 10:25:38;215517,23
2026-05-13 10:25:38;132978,73
2026-05-13 10:25:38;364077,66
2026-05-13 10:25:38;304878,06
2026-05-13 10:25:38;134892,1
2026-05-13 10:25:38;104166,664
2026-05-13 10:25:38;243506,5
2026-05-13 10:25:38;265957,44
2026-05-13 10:25:38;320512,84
2026-05-13 10:25:38;186567,17
2026-05-13 10:25:38;231481,5
2026-05-13 10:25:38;182038,83
2026-05-13 10:25:38;480769,28
2026-05-13 10:25:38;206043,95
2026-05-13 10:25:38;172018,34
2026-05-13 10:25:38;116822,42
2026-05-13 10:25:38;135869,56
2026-05-13 10:25:38;279850,72
2026-05-13 10:25:38;140449,44
2026-05-13 10:25:38;NaN
2026-05-13 10:25:38;132978,72
2026-05-13 10:25:38;252016,14
2026-05-13 10:25:38;64432,992
2026-05-13 10:25:38;135869,58
2026-05-13 10:25:38;152439,03
2026-05-13 10:25:38;178571,44
2026-05-13 10:25:38;382653,03
2026-05-13 10:25:38;109011,625
2026-05-13 10:25:38;277777,78
2026-05-13 10:25:38;240384,61
2026-05-13 10:25:38;200000
2026-05-13 10:25:38;143678,16
2026-05-13 10:25:38;84459,46
2026-05-13 10:25:38;134408,61
2026-05-13 10:25:38;225225,23
2026-05-13 10:25:38;250000
2026-05-13 10:25:38;160256,4
2026-05-13 10:25:38;NaN
2026-05-13 10:25:38;235849,08
2026-05-13 10:25:38;215517,27
2026-05-13 10:25:38;208333,33
2026-05-13 10:25:38;179856,11
2026-05-13 10:25:38;271739,12
2026-05-13 10:25:38;130208,336
2026-05-13 10:25:38;203252,05
2026-05-13 10:25:38;304878,06
2026-05-13 10:25:38;162337,67
2026-05-13 10:25:38;137867,66
2026-05-13 10:25:38;125000
2026-05-13 10:25:38;204918,02
2026-05-13 10:25:38;237341,77
2026-05-13 10:25:38;352112,7
2026-05-13 10:25:38;264084,5
2026-05-13 10:25:38;128865,984
2026-05-13 10:25:38;228658,53
2026-05-13 10:25:38;228102,19
2026-05-13 10:25:38;378787,9
2026-05-13 10:25:38;175233,66
2026-05-13 10:25:38;162337,67
2026-05-13 10:25:38;223214,3
2026-05-13 10:25:38;333333,3
2026-05-13 10:25:38;290697,7
2026-05-13 10:25:38;127551,02
2026-05-13 10:25:38;188253,02
2026-05-13 10:25:38;195312,5
2026-05-13 10:25:38;260416,67
2026-05-13 10:25:38;240384,61
2026-05-13 10:25:38;142694,08
2026-05-13 10:25:38;235849,08
2026-05-13 10:25:38;203252,05
2026-05-13 10:25:38;277777,78
2026-05-13 10:25:38;164473,69
2026-05-13 10:25:38;127551,01
2026-05-13 10:25:38;217391,3
2026-05-13 10:25:38;178571,44
2026-05-13 10:25:38;226449,27
2026-05-13 10:25:38;132978,72
2026-05-13 10:25:38;162337,67
2026-05-13 10:25:38;156250
2026-05-13 10:25:38;71839,08
2026-05-13 10:25:38;312500
2026-05-13 10:25:38;219298,25
2026-05-13 10:25:38;235849,08
2026-05-13 10:25:38;147637,8
2026-05-13 10:25:38;115030,68
2026-05-13 10:25:38;271739,16
2026-05-13 10:25:38;195312,5
2026-05-13 10:25:38;267857,12
2026-05-13 10:25:38;182038,83
2026-05-13 10:25:38;74404,766
2026-05-13 10:25:38;104166,67
2026-05-13 10:25:38;252016,14
2026-05-13 10:25:38;147058,83
2026-05-13 10:25:38;199468,1
2026-05-13 10:25:38;225225,23
2026-05-13 10:25:38;201612,89
2026-05-13 10:25:38;260416,64
2026-05-13 10:25:38;116459,64
2026-05-13 10:25:38;353773,6
2026-05-13 10:25:38;104166,67
2026-05-13 10:25:38;250000
2026-05-13 10:25:38;152439,03
2026-05-13 10:25:38;160256,4
2026-05-13 10:25:38;183823,52
2026-05-13 10:25:38;376506,03
2026-05-13 10:25:38;252016,14
2026-05-13 10:25:38;260416,64
2026-05-13 10:25:38;367647,03
2026-05-13 10:25:38;210674,17
2026-05-13 10:25:38;136861,33
2026-05-13 10:25:38;88028,17
2026-05-13 10:25:38;61881,188
2026-05-13 10:25:38;220588,25
2026-05-13 10:25:38;84841,63
2026-05-13 10:25:38;152439,03
2026-05-13 10:25:38;176056,34
2026-05-13 10:25:38;122549,016
2026-05-13 10:25:38;317796,6
2026-05-13 10:25:38;281531,53
2026-05-13 10:25:38;128865,984
2026-05-13 10:25:38;187969,92
2026-05-13 10:25:38;189393,95
2026-05-13 10:25:38;306372,53
2026-05-13 10:25:38;164473,67
2026-05-13 10:25:38;367647,06
2026-05-13 10:25:38;223214,3
2026-05-13 10:25:38;428921,6
2026-05-13 10:25:38;211864,4
2026-05-13 10:25:38;143678,16
2026-05-13 10:25:38;153374,23
2026-05-13 10:25:38;351123,6
2026-05-13 10:25:38;312500
2026-05-13 10:25:38;148809,53
2026-05-13 10:25:38;126262,625
2026-05-13 10:25:38;203804,34
2026-05-13 10:25:38;250000
2026-05-13 10:25:38;292968,75
2026-05-13 10:25:38;186567,17
2026-05-13 10:25:38;353773,6
2026-05-13 10:25:38;176056,34
2026-05-13 10:25:38;208333,33
2026-05-13 10:25:38;171232,88
2026-05-13 10:25:38;256849,3
2026-05-13 10:25:38;146484,38
2026-05-13 10:25:38;238549,61
2026-05-13 10:25:38;225903,61
2026-05-13 10:25:38;114678,91
2026-05-13 10:25:38;NaN
2026-05-13 10:25:38;186567,17
2026-05-13 10:25:38;352112,7
2026-05-13 10:25:38;208333,33
2026-05-13 10:25:38;99206,34
2026-05-13 10:25:38;172018,34
2026-05-13 10:25:38;215517,23
2026-05-13 10:25:38;186567,17
2026-05-13 10:25:38;183823,52
2026-05-13 10:25:38;185185,17
2026-05-13 10:25:38;284090,9
2026-05-13 10:25:38;126903,55
2026-05-13 10:25:38;246710,53
2026-05-13 10:25:38;176886,78
2026-05-13 10:25:38;231481,5
2026-05-13 10:25:38;154320,98
2026-05-13 10:25:38;300480,75
2026-05-13 10:25:38;265957,44
2026-05-13 10:25:38;107758,62
2026-05-13 10:25:38;256849,3
2026-05-13 10:25:38;297619,06
2026-05-13 10:25:38;245098,03
2026-05-13 10:25:38;156250,02
2026-05-13 10:25:38;140449,44
2026-05-13 10:25:38;187500
2026-05-13 10:25:38;322164,97
2026-05-13 10:25:38;258264,47
2026-05-13 10:25:38;269396,56
2026-05-13 10:25:38;342465,75
2026-05-13 10:25:38;215517,23
2026-05-13 10:25:38;142045,45
2026-05-13 10:25:38;130208,336
2026-05-13 10:25:38;154958,67
2026-05-13 10:25:38;132978,73
2026-05-13 10:25:38;294117,66
2026-05-13 10:25:38;153688,53
2026-05-13 10:25:38;269396,53
2026-05-13 10:25:38;172018,34
2026-05-13 10:25:38;138888,89
2026-05-13 10:25:38;228102,19
2026-05-13 10:25:38;231481,5
2026-05-13 10:25:38;111607,15
2026-05-13 10:25:38;162337,66
2026-05-13 10:25:38;304878,03
2026-05-13 10:25:38;193298,95
2026-05-13 10:25:38;284090,94
2026-05-13 10:25:38;274122,8
2026-05-13 10:25:38;260416,67
2026-05-13 10:25:38;431034,47
2026-05-13 10:25:38;292968,75
2026-05-13 10:25:38;NaN
2026-05-13 10:25:38;192307,69
2026-05-13 10:25:38;231481,47
2026-05-13 10:25:38;186567,17
2026-05-13 10:25:38;372023,8
2026-05-13 10:25:38;131578,95
2026-05-13 10:25:38;211864,4
2026-05-13 10:25:38;133928,58
2026-05-13 10:25:38;262605,03
2026-05-13 10:25:38;294117,66
2026-05-13 10:25:38;200000
2026-05-13 10:25:38;190839,69
2026-05-13 10:25:38;208333,33
2026-05-13 10:25:38;178571,44
2026-05-13 10:25:38;172018,34
2026-05-13 10:25:38;257352,94
2026-05-13 10:25:38;160256,4
2026-05-13 10:25:38;253378,4
2026-05-13 10:25:38;190548,78
2026-05-13 10:25:38;134892,1
2026-05-13 10:25:38;204918,02
2026-05-13 10:25:38;138888,89
2026-05-13 10:25:38;378787,88
2026-05-13 10:25:38;88028,17
2026-05-13 10:25:39;215517,23
2026-05-13 10:25:39;65104,168
2026-05-13 10:25:39;233644,88
2026-05-13 10:25:39;312500,03
2026-05-13 10:25:39;297619,06
2026-05-13 10:25:39;256849,3
2026-05-13 10:25:39;135869,56
2026-05-13 10:25:39;146198,83
2026-05-13 10:25:39;213675,2
2026-05-13 10:25:39;292968,75
2026-05-13 10:25:39;240384,61
2026-05-13 10:25:39;137867,64
2026-05-13 10:25:39;102459,01
2026-05-13 10:25:39;166666,66
2026-05-13 10:25:39;265957,47
2026-05-13 10:25:39;89285,72
2026-05-13 10:25:39;180635,84
2026-05-13 10:25:39;385802,5
2026-05-13 10:25:39;183823,52
2026-05-13 10:25:39;181159,42
2026-05-13 10:25:39;211864,4
2026-05-13 10:25:39;231481,5
2026-05-13 10:25:39;125000
2026-05-13 10:25:39;81168,836
2026-05-13 10:25:39;250000,03
2026-05-13 10:25:39;367647,1
2026-05-13 10:25:39;221238,94
2026-05-13 10:25:39;235849,08
2026-05-13 10:25:39;189393,95
2026-05-13 10:25:39;191326,55
2026-05-13 10:25:39;520833,28
2026-05-13 10:25:39;201612,9
2026-05-13 10:25:39;358606,6
2026-05-13 10:25:39;183823,53
2026-05-13 10:25:39;260416,67
2026-05-13 10:25:39;300480,75
2026-05-13 10:25:39;312499,94
2026-05-13 10:25:39;248015,86
2026-05-13 10:25:39;88028,17
2026-05-13 10:25:39;182038,83
2026-05-13 10:25:39;240384,61
2026-05-13 10:25:39;135869,58
2026-05-13 10:25:39;157563,02
2026-05-13 10:25:39;125000
2026-05-13 10:25:39;143129,77
2026-05-13 10:25:39;99206,35
2026-05-13 10:25:39;312500
2026-05-13 10:25:39;204918,02
2026-05-13 10:25:39;94696,97
2026-05-13 10:25:39;300480,75
2026-05-13 10:25:39;213675,2
2026-05-13 10:25:39;228102,19
2026-05-13 10:25:39;NaN
2026-05-13 10:25:39;85616,44
2026-05-13 10:25:39;195312,5
2026-05-13 10:25:39;111607,15
2026-05-13 10:25:39;88028,17
2026-05-13 10:25:39;181686,05
2026-05-13 10:25:39;242718,44
2026-05-13 10:25:39;138888,89
2026-05-13 10:25:39;160256,4
2026-05-13 10:25:39;371287,12
2026-05-13 10:25:39;186567,16
2026-05-13 10:25:39;284090,94
2026-05-13 10:25:39;277777,78
2026-05-13 10:25:39;193298,97
2026-05-13 10:25:39;288461,53
2026-05-13 10:25:39;151209,69
2026-05-13 10:25:39;122549,016
2026-05-13 10:25:39;208333,33
2026-05-13 10:25:39;175233,64
2026-05-13 10:25:39;173611,11
2026-05-13 10:25:39;228658,53
2026-05-13 10:25:39;134408,61
2026-05-13 10:25:39;347222,22
2026-05-13 10:25:39;260416,67
2026-05-13 10:25:39;71839,08
2026-05-13 10:25:39;202922,1
2026-05-13 10:25:39;167785,25
2026-05-13 10:25:39;131118,89
2026-05-13 10:25:39;186567,17
2026-05-13 10:25:39;254065,03
2026-05-13 10:25:39;274725,28
2026-05-13 10:25:39;303398,03
2026-05-13 10:25:39;217391,3
2026-05-13 10:25:39;187500
2026-05-13 10:25:39;124172,18
2026-05-13 10:25:39;172018,34
2026-05-13 10:25:39;156250
2026-05-13 10:25:39;229357,78
2026-05-13 10:25:39;292056,1
2026-05-13 10:25:39;189393,94
2026-05-13 10:25:39;157232,7
2026-05-13 10:25:39;140449,44
2026-05-13 10:25:39;140449,44
2026-05-13 10:25:39;180288,47
2026-05-13 10:25:39;246063
2026-05-13 10:25:39;189393,95
2026-05-13 10:25:39;204918,02
2026-05-13 10:25:39;103305,79
2026-05-13 10:25:39;223214,3
2026-05-13 10:25:39;186567,16
2026-05-13 10:25:39;199468,1
2026-05-13 10:25:39;212585,02
2026-05-13 10:25:39;252525,25
2026-05-13 10:25:39;227272,73
2026-05-13 10:25:39;233208,95
2026-05-13 10:25:39;213068,19
2026-05-13 10:25:39;146484,38
2026-05-13 10:25:39;NaN
2026-05-13 10:25:39;130208,336
2026-05-13 10:25:39;260416,67
2026-05-13 10:25:39;135869,56
2026-05-13 10:25:39;300480,78
2026-05-13 10:25:39;250000
2026-05-13 10:25:39;167410,72
2026-05-13 10:25:39;217391,33
2026-05-13 10:25:39;210084,03
2026-05-13 10:25:39;145348,84
2026-05-13 10:25:39;71022,73
2026-05-13 10:25:39;312500
2026-05-13 10:25:39;284090,9
2026-05-13 10:25:39;NaN
2026-05-13 10:25:39;104166,664
2026-05-13 10:25:39;218023,25
2026-05-13 10:25:39;127551,02
2026-05-13 10:25:39;113636,37
2026-05-13 10:25:39;206611,58
2026-05-13 10:25:39;304878,06
2026-05-13 10:25:39;206043,95
2026-05-13 10:25:39;201612,9
2026-05-13 10:25:39;181159,42
2026-05-13 10:25:39;213068,19
2026-05-13 10:25:39;280898,88
2026-05-13 10:25:39;163043,47
2026-05-13 10:25:39;353773,6
2026-05-13 10:25:39;260416,67
2026-05-13 10:25:39;162337,67
2026-05-13 10:25:39;73529,414
2026-05-13 10:25:39;121124,03
2026-05-13 10:25:39;148809,53
2026-05-13 10:25:39;110619,46
2026-05-13 10:25:39;208333,33
2026-05-13 10:25:39;176056,34
2026-05-13 10:25:39;178571,44
2026-05-13 10:25:39;94696,97
2026-05-13 10:25:39;180288,47
2026-05-13 10:25:39;127551,02
2026-05-13 10:25:39;255102,05
2026-05-13 10:25:39;84459,46
2026-05-13 10:25:39;308642
2026-05-13 10:25:39;221631,2
2026-05-13 10:25:39;148809,53
2026-05-13 10:25:39;285947,72
2026-05-13 10:25:39;173611,11
2026-05-13 10:25:39;157563,03
2026-05-13 10:25:39;146484,38
2026-05-13 10:25:39;183823,53
2026-05-13 10:25:39;66137,56
2026-05-13 10:25:39;289351,84
2026-05-13 10:25:39;135869,56
2026-05-13 10:25:39;99206,35
2026-05-13 10:25:39;225225,23
2026-05-13 10:25:39;235849,05
2026-05-13 10:25:39;142045,47
2026-05-13 10:25:39;142045,45
2026-05-13 10:25:39;206043,95
2026-05-13 10:25:39;168918,92
2026-05-13 10:25:39;132978,72
2026-05-13 10:25:39;357142,88
2026-05-13 10:25:39;210084,05
2026-05-13 10:25:39;235849,08
2026-05-13 10:25:39;240384,64
2026-05-13 10:25:39;97656,25
2026-05-13 10:25:39;135869,56
2026-05-13 10:25:39;196850,39
2026-05-13 10:25:39;201612,9
2026-05-13 10:25:39;208333,33
2026-05-13 10:25:39;156250,02
2026-05-13 10:25:39;220588,25
2026-05-13 10:25:39;77160,49
2026-05-13 10:25:39;320512,8
2026-05-13 10:25:39;274725,28
2026-05-13 10:25:39;119047,62
2026-05-13 10:25:39;164473,69
2026-05-13 10:25:39;134408,61
2026-05-13 10:25:39;NaN
2026-05-13 10:25:39;223214,3
2026-05-13 10:25:39;271739,12
2026-05-13 10:25:39;163043,47
2026-05-13 10:25:39;173611,11
2026-05-13 10:25:39;226449,3
2026-05-13 10:25:39;146484,38
2026-05-13 10:25:39;120192,32
2026-05-13 10:25:39;186567,17
2026-05-13 10:25:39;240384,64
2026-05-13 10:25:39;107758,62
2026-05-13 10:25:39;211864,4
2026-05-13 10:25:39;378787,88
2026-05-13 10:25:39;123762,375
2026-05-13 10:25:39;109649,125
2026-05-13 10:25:39;206043,95
2026-05-13 10:25:39;138888,89
2026-05-13 10:25:39;195312,5
2026-05-13 10:25:39;131118,89
2026-05-13 10:25:39;231481,5
2026-05-13 10:25:39;229357,81
2026-05-13 10:25:39;165929,2
2026-05-13 10:25:39;147058,83
2026-05-13 10:25:39;178571,42
2026-05-13 10:25:39;328947,38
2026-05-13 10:25:39;262605,03
2026-05-13 10:25:39;218023,27
2026-05-13 10:25:39;199468,08
2026-05-13 10:25:39;185643,56
2026-05-13 10:25:39;228658,55
2026-05-13 10:25:39;176056,34
2026-05-13 10:25:39;284090,9
2026-05-13 10:25:39;164473,69
2026-05-13 10:25:39;NaN
2026-05-13 10:25:39;164473,69
2026-05-13 10:25:39;225225,2
2026-05-13 10:25:39;238095,23
2026-05-13 10:25:39;243506,48
2026-05-13 10:25:39;309405,94
2026-05-13 10:25:39;431034,47
2026-05-13 10:25:39;275735,28
2026-05-13 10:25:39;231481,5
2026-05-13 10:25:39;127551,02
2026-05-13 10:25:39;157942,23
2026-05-13 10:25:39;294117,66
2026-05-13 10:25:40;179425,84
2026-05-13 10:25:40;245098,03
2026-05-13 10:25:40;183823,53
2026-05-13 10:25:40;144230,77
2026-05-13 10:25:40;371287,12
2026-05-13 10:25:40;183823,52
2026-05-13 10:25:40;189393,94
2026-05-13 10:25:40;176056,34
2026-05-13 10:25:40;128865,984
2026-05-13 10:25:40;164473,69
2026-05-13 10:25:40;227272,73
2026-05-13 10:25:40;205592,11
2026-05-13 10:25:40;353773,6
2026-05-13 10:25:40;NaN
2026-05-13 10:25:40;178571,44
2026-05-13 10:25:40;297619,03
2026-05-13 10:25:40;201612,9
2026-05-13 10:25:40;294811,3
2026-05-13 10:25:40;156250
2026-05-13 10:25:40;133928,58
2026-05-13 10:25:40;178571,44
2026-05-13 10:25:40;256147,53
2026-05-13 10:25:40;249999,97
2026-05-13 10:25:40;235849,08
2026-05-13 10:25:40;101626,02
2026-05-13 10:25:40;182481,75
2026-05-13 10:25:40;173611,11
2026-05-13 10:25:40;122549,016
2026-05-13 10:25:40;143678,16
2026-05-13 10:25:40;189393,94
2026-05-13 10:25:40;57870,375
2026-05-13 10:25:40;260416,64
2026-05-13 10:25:40;178571,44
2026-05-13 10:25:40;357142,88
2026-05-13 10:25:40;279017,88
2026-05-13 10:25:40;221238,94
2026-05-13 10:25:40;201612,9
2026-05-13 10:25:40;225903,61
2026-05-13 10:25:40;78125,01
2026-05-13 10:25:40;82236,836
2026-05-13 10:25:40;312500
2026-05-13 10:25:40;156250
2026-05-13 10:25:40;116459,625
2026-05-13 10:25:40;279850,72
2026-05-13 10:25:40;237341,77
2026-05-13 10:25:40;180288,47
2026-05-13 10:25:40;140449,44
2026-05-13 10:25:40;206043,95
2026-05-13 10:25:40;165929,2
2026-05-13 10:25:40;163398,7
2026-05-13 10:25:40;247524,75
2026-05-13 10:25:40;161637,92
2026-05-13 10:25:40;300480,75
2026-05-13 10:25:40;218023,25
2026-05-13 10:25:40;186567,17
2026-05-13 10:25:40;180288,47
2026-05-13 10:25:40;148809,53
2026-05-13 10:25:40;113636,37
2026-05-13 10:25:40;286697,25
2026-05-13 10:25:40;228658,53
2026-05-13 10:25:40;156250,02
2026-05-13 10:25:40;107758,62
2026-05-13 10:25:40;292968,75
2026-05-13 10:25:40;183823,53
2026-05-13 10:25:40;203804,34
2026-05-13 10:25:40;164473,69
2026-05-13 10:25:40;157563,03
2026-05-13 10:25:40;150602,4
2026-05-13 10:25:40;156250
2026-05-13 10:25:40;204918,02
2026-05-13 10:25:40;189393,94
2026-05-13 10:25:40;114678,91
2026-05-13 10:25:40;173611,11
2026-05-13 10:25:40;83333,33
2026-05-13 10:25:40;367647,06
2026-05-13 10:25:40;54824,562
2026-05-13 10:25:40;294811,3
2026-05-13 10:25:40;164473,69
2026-05-13 10:25:40;105932,2
2026-05-13 10:25:40;145348,84
2026-05-13 10:25:40;110294,125
2026-05-13 10:25:40;215517,23
2026-05-13 10:25:40;138888,89
2026-05-13 10:25:40;238095,23
2026-05-13 10:25:40;182481,75
2026-05-13 10:25:40;148809,53
2026-05-13 10:25:40;210674,14
2026-05-13 10:25:40;234962,4
2026-05-13 10:25:40;231481,5
2026-05-13 10:25:40;237341,77
2026-05-13 10:25:40;69444,445
2026-05-13 10:25:40;290697,7
2026-05-13 10:25:40;167410,72
2026-05-13 10:25:40;206043,95
2026-05-13 10:25:40;143678,16
2026-05-13 10:25:40;258264,47
2026-05-13 10:25:40;252525,25
2026-05-13 10:25:40;174825,17
2026-05-13 10:25:40;228658,55
2026-05-13 10:25:40;NaN
2026-05-13 10:25:40;134408,61
2026-05-13 10:25:40;171232,88
2026-05-13 10:25:40;186567,17
2026-05-13 10:25:40;228658,53
2026-05-13 10:25:40;113636,37
2026-05-13 10:25:40;NaN
2026-05-13 10:25:40;189393,95
2026-05-13 10:25:40;168918,92
2026-05-13 10:25:40;189393,94
2026-05-13 10:25:40;126262,625
2026-05-13 10:25:40;156250
2026-05-13 10:25:40;181159,42
2026-05-13 10:25:40;150602,4
2026-05-13 10:25:40;196850,39
2026-05-13 10:25:40;264830,5
2026-05-13 10:25:40;99206,35
2026-05-13 10:25:40;256147,53
2026-05-13 10:25:40;148809,53
2026-05-13 10:25:40;164473,69
2026-05-13 10:25:40;105042,016
2026-05-13 10:25:40;260416,67
2026-05-13 10:25:40;115740,75
2026-05-13 10:25:40;115740,75
2026-05-13 10:25:40;180288,47
2026-05-13 10:25:40;218531,48
2026-05-13 10:25:40;284090,9
2026-05-13 10:25:40;115740,75
2026-05-13 10:25:40;543478,25
2026-05-13 10:25:40;136612,03
2026-05-13 10:25:40;175233,64
2026-05-13 10:25:40;208333,33
2026-05-13 10:25:40;76219,516
2026-05-13 10:25:40;249999,97
2026-05-13 10:25:40;337837,84
2026-05-13 10:25:40;254065,06
2026-05-13 10:25:40;251677,86
2026-05-13 10:25:40;189393,95
2026-05-13 10:25:40;152439,03
2026-05-13 10:25:40;228658,55
2026-05-13 10:25:40;343406,6
2026-05-13 10:25:40;231481,47
2026-05-13 10:25:40;91240,88
2026-05-13 10:25:40;174825,17
2026-05-13 10:25:40;242718,44
2026-05-13 10:25:40;154958,67
2026-05-13 10:25:40;245098,03
2026-05-13 10:25:40;166666,67
2026-05-13 10:25:40;208333,34
2026-05-13 10:25:40;187500
2026-05-13 10:25:40;67934,78
2026-05-13 10:25:40;200000
2026-05-13 10:25:40;292056,1
2026-05-13 10:25:40;189393,94
2026-05-13 10:25:40;NaN
2026-05-13 10:25:40;286697,25
2026-05-13 10:25:40;229357,78
2026-05-13 10:25:40;157232,7
2026-05-13 10:25:40;288461,53
2026-05-13 10:25:40;123762,375
2026-05-13 10:25:40;262605,03
2026-05-13 10:25:40;279850,75
2026-05-13 10:25:40;195312,5
2026-05-13 10:25:40;170454,55
2026-05-13 10:25:40;231481,5
2026-05-13 10:25:40;128865,984
2026-05-13 10:25:40;61274,508
2026-05-13 10:25:40;105042,02
2026-05-13 10:25:40;201612,9
2026-05-13 10:25:40;122549,03
2026-05-13 10:25:40;93283,586
2026-05-13 10:25:40;176056,34
2026-05-13 10:25:40;95419,84
2026-05-13 10:25:40;245098,06
2026-05-13 10:25:40;182038,84
2026-05-13 10:25:40;240384,61
2026-05-13 10:25:40;294117,66
2026-05-13 10:25:40;55309,734
2026-05-13 10:25:40;138888,89
2026-05-13 10:25:40;238095,23
2026-05-13 10:25:40;210674,14
2026-05-13 10:25:40;256147,53
2026-05-13 10:25:40;175233,64
2026-05-13 10:25:40;275735,28
2026-05-13 10:25:40;250000
2026-05-13 10:25:40;213068,19
2026-05-13 10:25:40;183823,53
2026-05-13 10:25:40;147058,83
2026-05-13 10:25:40;191717,8
2026-05-13 10:25:40;250000
2026-05-13 10:25:40;187500
2026-05-13 10:25:40;187500
2026-05-13 10:25:40;238095,23
2026-05-13 10:25:40;147637,8
2026-05-13 10:25:40;267857,16
2026-05-13 10:25:40;228658,53
2026-05-13 10:25:40;88028,17
2026-05-13 10:25:40;242718,44
2026-05-13 10:25:40;228658,53
2026-05-13 10:25:40;271739,12
2026-05-13 10:25:40;113636,37
2026-05-13 10:25:40;125000
2026-05-13 10:25:40;218023,27
2026-05-13 10:25:40;284090,9
2026-05-13 10:25:40;83333,336
2026-05-13 10:25:40;243506,48
2026-05-13 10:25:40;NaN
2026-05-13 10:25:40;297619,06
2026-05-13 10:25:40;148809,53
2026-05-13 10:25:40;130208,336
2026-05-13 10:25:40;160256,4
2026-05-13 10:25:40;67204,305
2026-05-13 10:25:40;172018,34
2026-05-13 10:25:40;159235,67
2026-05-13 10:25:40;154320,98
2026-05-13 10:25:40;117924,52
2026-05-13 10:25:40;262605,03
2026-05-13 10:25:40;158898,31
2026-05-13 10:25:40;190839,69
2026-05-13 10:25:40;172018,34
2026-05-13 10:25:40;206611,58
2026-05-13 10:25:40;163398,7
2026-05-13 10:25:40;245098,03
2026-05-13 10:25:40;NaN
2026-05-13 10:25:40;106837,6
2026-05-13 10:25:40;86206,9
2026-05-13 10:25:40;156250
2026-05-13 10:25:40;225903,61
2026-05-13 10:25:40;189393,95
2026-05-13 10:25:40;168010,77
2026-05-13 10:25:40;215517,23
2026-05-13 10:25:41;154958,67
2026-05-13 10:25:41;303398,03
2026-05-13 10:25:41;218531,48
2026-05-13 10:25:41;126262,625
2026-05-13 10:25:41;407608,7
2026-05-13 10:25:41;122549,016
2026-05-13 10:25:41;120192,32
2026-05-13 10:25:41;231481,5
2026-05-13 10:25:41;82236,836
2026-05-13 10:25:41;109649,125
2026-05-13 10:25:41;198412,7
2026-05-13 10:25:41;153688,53
2026-05-13 10:25:41;294811,3
2026-05-13 10:25:41;206953,62
2026-05-13 10:25:41;164473,69
2026-05-13 10:25:41;92592,59
2026-05-13 10:25:41;281531,53
2026-05-13 10:25:41;159438,78
2026-05-13 10:25:41;237341,77
2026-05-13 10:25:41;235849,08
2026-05-13 10:25:41;390625
2026-05-13 10:25:41;80645,164
2026-05-13 10:25:41;227272,73
2026-05-13 10:25:41;134892,08
2026-05-13 10:25:41;156250
2026-05-13 10:25:41;446428,6
2026-05-13 10:25:41;181159,42
2026-05-13 10:25:41;267094,03
2026-05-13 10:25:41;147058,83
2026-05-13 10:25:41;292056,1
2026-05-13 10:25:41;193298,97
2026-05-13 10:25:41;201612,9
2026-05-13 10:25:41;144508,67
2026-05-13 10:25:41;221238,94
2026-05-13 10:25:41;300480,78
2026-05-13 10:25:41;192307,69
2026-05-13 10:25:41;153688,53
2026-05-13 10:25:41;183823,52
2026-05-13 10:25:41;160256,4
2026-05-13 10:25:41;200000
2026-05-13 10:25:41;139925,38
2026-05-13 10:25:41;145348,84
2026-05-13 10:25:41;174825,17
2026-05-13 10:25:41;236486,48
2026-05-13 10:25:41;247524,75
2026-05-13 10:25:41;182038,84
2026-05-13 10:25:41;160256,4
2026-05-13 10:25:41;100806,445
2026-05-13 10:25:41;111607,15
2026-05-13 10:25:41;132978,73
2026-05-13 10:25:41;201612,9
2026-05-13 10:25:41;284090,94
2026-05-13 10:25:41;208333,33
2026-05-13 10:25:41;220588,25
2026-05-13 10:25:41;178571,44
2026-05-13 10:25:41;178571,42
2026-05-13 10:25:41;164473,67
2026-05-13 10:25:41;215517,23
2026-05-13 10:25:41;NaN
2026-05-13 10:25:41;254360,45
2026-05-13 10:25:41;287356,3
2026-05-13 10:25:41;143678,16
2026-05-13 10:25:41;206611,58
2026-05-13 10:25:41;173611,11
2026-05-13 10:25:41;229357,78
2026-05-13 10:25:41;125838,93
2026-05-13 10:25:41;250000
2026-05-13 10:25:41;262605,03
2026-05-13 10:25:41;229357,78
2026-05-13 10:25:41;154321
2026-05-13 10:25:41;250000
2026-05-13 10:25:41;328947,38
2026-05-13 10:25:41;416666,66
2026-05-13 10:25:41;105932,2
2026-05-13 10:25:41;189393,95
2026-05-13 10:25:41;223214,3
2026-05-13 10:25:41;213675,2
2026-05-13 10:25:41;223214,3
2026-05-13 10:25:41;234375
2026-05-13 10:25:41;81168,836
2026-05-13 10:25:41;240384,61
2026-05-13 10:25:41;328947,34
2026-05-13 10:25:41;186567,16
2026-05-13 10:25:41;88652,48
2026-05-13 10:25:41;264084,5
2026-05-13 10:25:41;312500,03
2026-05-13 10:25:41;70224,72
2026-05-13 10:25:41;192307,69
2026-05-13 10:25:41;224820,12
2026-05-13 10:25:41;206043,95
2026-05-13 10:25:41;300480,78
2026-05-13 10:25:41;294811,3
2026-05-13 10:25:41;359195,38
2026-05-13 10:25:41;148809,52
2026-05-13 10:25:41;117924,54
2026-05-13 10:25:41;274725,28
2026-05-13 10:25:41;160256,4
2026-05-13 10:25:41;176056,34
2026-05-13 10:25:41;147637,8
2026-05-13 10:25:41;121359,22
2026-05-13 10:25:41;218023,27
2026-05-13 10:25:41;213675,23
2026-05-13 10:25:41;351123,6
2026-05-13 10:25:41;257731,97
2026-05-13 10:25:41;213068,19
2026-05-13 10:25:41;93283,58
2026-05-13 10:25:41;135869,56
2026-05-13 10:25:41;360576,94
2026-05-13 10:25:41;61274,508
2026-05-13 10:25:41;165929,2
2026-05-13 10:25:41;170068,03
2026-05-13 10:25:41;99206,35
2026-05-13 10:25:41;175233,64
2026-05-13 10:25:41;127551,02
2026-05-13 10:25:41;117924,54
2026-05-13 10:25:41;215517,23
2026-05-13 10:25:41;367647,06
2026-05-13 10:25:41;183823,53
2026-05-13 10:25:41;178571,44
2026-05-13 10:25:41;135869,56
2026-05-13 10:25:41;158898,3
2026-05-13 10:25:41;NaN
2026-05-13 10:25:41;231481,5
2026-05-13 10:25:41;198412,7
2026-05-13 10:25:41;58962,27
2026-05-13 10:25:41;90579,71
2026-05-13 10:25:41;238095,23
2026-05-13 10:25:41;375000
2026-05-13 10:25:41;153688,53
2026-05-13 10:25:41;324675,34
2026-05-13 10:25:41;242718,44
2026-05-13 10:25:41;114678,89
2026-05-13 10:25:41;190839,69
2026-05-13 10:25:41;125000
2026-05-13 10:25:41;168918,92
2026-05-13 10:25:41;146484,38
2026-05-13 10:25:41;120192,305
2026-05-13 10:25:41;279850,72
2026-05-13 10:25:41;109011,63
2026-05-13 10:25:41;83333,336
2026-05-13 10:25:41;231481,5
2026-05-13 10:25:41;114678,89
2026-05-13 10:25:41;220588,22
2026-05-13 10:25:41;105042,02
2026-05-13 10:25:41;148809,53
2026-05-13 10:25:41;143678,16
2026-05-13 10:25:41;NaN
2026-05-13 10:25:41;210674,17
2026-05-13 10:25:41;130208,336
2026-05-13 10:25:41;312500
2026-05-13 10:25:41;135869,58
2026-05-13 10:25:41;73529,414
2026-05-13 10:25:41;225225,2
2026-05-13 10:25:41;182038,83
2026-05-13 10:25:41;186567,16
2026-05-13 10:25:41;121359,22
2026-05-13 10:25:41;161637,94
2026-05-13 10:25:41;167410,72
2026-05-13 10:25:41;304878,06
2026-05-13 10:25:41;NaN
2026-05-13 10:25:41;231481,5
2026-05-13 10:25:41;176886,78
2026-05-13 10:25:41;373134,34
2026-05-13 10:25:41;132042,25
2026-05-13 10:25:41;211864,4
2026-05-13 10:25:41;287356,3
2026-05-13 10:25:41;312500
2026-05-13 10:25:41;152439,02
2026-05-13 10:25:41;294117,66
2026-05-13 10:25:41;217391,3
2026-05-13 10:25:41;160256,4
2026-05-13 10:25:41;166666,66
2026-05-13 10:25:41;274725,28
2026-05-13 10:25:41;179856,12
2026-05-13 10:25:41;252016,14
2026-05-13 10:25:41;87412,586
2026-05-13 10:25:41;160256,4
2026-05-13 10:25:41;191326,55
2026-05-13 10:25:41;347222,22
2026-05-13 10:25:41;152439,03
2026-05-13 10:25:41;204918,05
2026-05-13 10:25:41;173611,11
2026-05-13 10:25:41;274122,8
2026-05-13 10:25:41;287356,3
2026-05-13 10:25:41;150000
2026-05-13 10:25:41;163043,47
2026-05-13 10:25:41;355113,62
2026-05-13 10:25:41;160256,4
2026-05-13 10:25:41;284090,9
2026-05-13 10:25:41;279850,75
2026-05-13 10:25:41;NaN
2026-05-13 10:25:41;260416,67
2026-05-13 10:25:41;300480,78
2026-05-13 10:25:41;268817,22
2026-05-13 10:25:41;238095,23
2026-05-13 10:25:41;240384,64
2026-05-13 10:25:41;227272,73
2026-05-13 10:25:41;225903,61
2026-05-13 10:25:41;223214,3
2026-05-13 10:25:41;147929
2026-05-13 10:25:41;152439,02
2026-05-13 10:25:41;240384,61
2026-05-13 10:25:41;351123,6
2026-05-13 10:25:41;180288,47
2026-05-13 10:25:41;269396,56
2026-05-13 10:25:41;208333,33
2026-05-13 10:25:41;250000
2026-05-13 10:25:41;208333,33
2026-05-13 10:25:41;263157,9
2026-05-13 10:25:41;172018,34
2026-05-13 10:25:41;325520,84
2026-05-13 10:25:41;130208,336
2026-05-13 10:25:41;170454,55
2026-05-13 10:25:41;178571,44
2026-05-13 10:25:41;117924,52
2026-05-13 10:25:41;257731,97
2026-05-13 10:25:41;63131,312
2026-05-13 10:25:41;NaN
2026-05-13 10:25:41;303398,06
2026-05-13 10:25:41;156250
2026-05-13 10:25:41;220588,22
2026-05-13 10:25:41;446428,6
2026-05-13 10:25:41;108695,65
2026-05-13 10:25:41;210084,05
2026-05-13 10:25:42;269396,53
2026-05-13 10:25:42;145348,84
2026-05-13 10:25:42;238095,23
2026-05-13 10:25:42;332446,8
2026-05-13 10:25:42;390625,03
2026-05-13 10:25:42;275735,3
2026-05-13 10:25:42;127551,02
2026-05-13 10:25:42;84459,46
2026-05-13 10:25:42;250000
2026-05-13 10:25:42;189393,94
2026-05-13 10:25:42;199468,1
2026-05-13 10:25:42;176056,34
2026-05-13 10:25:42;192307,69
2026-05-13 10:25:42;109649,125
2026-05-13 10:25:42;149700,6
2026-05-13 10:25:42;367647,06
2026-05-13 10:25:42;182038,84
2026-05-13 10:25:42;284090,94
2026-05-13 10:25:42;201612,9
2026-05-13 10:25:42;152439,03
2026-05-13 10:25:42;158227,84
2026-05-13 10:25:42;238095,23
2026-05-13 10:25:42;213675,2
2026-05-13 10:25:42;156250
2026-05-13 10:25:42;378787,88
2026-05-13 10:25:42;249999,97
2026-05-13 10:25:42;315656,56
2026-05-13 10:25:42;277777,8
2026-05-13 10:25:42;158898,31
2026-05-13 10:25:42;193798,45
2026-05-13 10:25:42;144230,77
2026-05-13 10:25:42;145348,84
2026-05-13 10:25:42;220588,25
2026-05-13 10:25:42;242718,44
2026-05-13 10:25:42;181159,42
2026-05-13 10:25:42;143678,16
2026-05-13 10:25:42;245098,03
2026-05-13 10:25:42;173611,11
2026-05-13 10:25:42;174825,19
2026-05-13 10:25:42;147058,83
2026-05-13 10:25:42;173611,11
2026-05-13 10:25:42;165929,2
2026-05-13 10:25:42;242718,44
2026-05-13 10:25:42;286697,25
2026-05-13 10:25:42;168918,92
2026-05-13 10:25:42;186567,16
2026-05-13 10:25:42;156250,02
2026-05-13 10:25:42;367647,03
2026-05-13 10:25:42;185643,56
2026-05-13 10:25:42;228658,53
2026-05-13 10:25:42;168918,92
2026-05-13 10:25:42;204918,02
2026-05-13 10:25:42;210084,05
2026-05-13 10:25:42;271739,16
2026-05-13 10:25:42;157563,03
2026-05-13 10:25:42;360576,94
2026-05-13 10:25:42;215517,23
2026-05-13 10:25:42;164473,69
2026-05-13 10:25:42;219298,25
2026-05-13 10:25:42;240384,61
2026-05-13 10:25:42;221238,94
2026-05-13 10:25:42;82781,46
2026-05-13 10:25:42;257731,97
2026-05-13 10:25:42;150602,4
2026-05-13 10:25:42;375000
2026-05-13 10:25:42;168918,92
2026-05-13 10:25:42;192307,69
2026-05-13 10:25:42;173611,11
2026-05-13 10:25:42;135869,56
2026-05-13 10:25:42;177304,97
2026-05-13 10:25:42;174825,17
2026-05-13 10:25:42;183823,53
2026-05-13 10:25:42;367647,06
2026-05-13 10:25:42;242718,44
2026-05-13 10:25:42;138888,89
2026-05-13 10:25:42;363372,1
2026-05-13 10:25:42;250000
2026-05-13 10:25:42;116822,42
2026-05-13 10:25:42;233644,88
2026-05-13 10:25:42;97656,25
2026-05-13 10:25:42;208333,34
2026-05-13 10:25:42;208333,34
2026-05-13 10:25:42;116822,42
2026-05-13 10:25:42;145348,84
2026-05-13 10:25:42;173611,11
2026-05-13 10:25:42;264830,53
2026-05-13 10:25:42;157563,02
2026-05-13 10:25:42;166666,66
2026-05-13 10:25:42;83333,336
2026-05-13 10:25:42;115740,75
2026-05-13 10:25:42;197368,42
2026-05-13 10:25:42;178571,42
2026-05-13 10:25:42;255102,05
2026-05-13 10:25:42;238549,62
2026-05-13 10:25:42;234375
2026-05-13 10:25:42;288461,53
2026-05-13 10:25:42;260416,67
2026-05-13 10:25:42;NaN
2026-05-13 10:25:42;255102,05
2026-05-13 10:25:42;171232,88
2026-05-13 10:25:42;147058,83
2026-05-13 10:25:42;240384,61
2026-05-13 10:25:42;127551,02
2026-05-13 10:25:42;120192,305
2026-05-13 10:25:42;158227,86
2026-05-13 10:25:42;231481,5
2026-05-13 10:25:42;140449,44
2026-05-13 10:25:42;173611,11
2026-05-13 10:25:42;247524,75
2026-05-13 10:25:42;242718,44
2026-05-13 10:25:42;373134,34
2026-05-13 10:25:42;NaN
2026-05-13 10:25:42;183823,52
2026-05-13 10:25:42;143678,16
2026-05-13 10:25:42;106837,6
2026-05-13 10:25:42;160256,4
2026-05-13 10:25:42;304878,03
2026-05-13 10:25:42;157563,03
2026-05-13 10:25:42;125000
2026-05-13 10:25:42;315656,56
2026-05-13 10:25:42;220588,25
2026-05-13 10:25:42;227272,73
2026-05-13 10:25:42;120192,32
2026-05-13 10:25:42;126689,19
2026-05-13 10:25:42;189393,94
2026-05-13 10:25:42;211864,4
2026-05-13 10:25:42;47348,484
2026-05-13 10:25:42;69444,445
2026-05-13 10:25:42;126262,625
2026-05-13 10:25:42;132978,73
2026-05-13 10:25:42;233644,88
2026-05-13 10:25:42;213068,19
2026-05-13 10:25:42;175233,64
2026-05-13 10:25:42;148809,53
2026-05-13 10:25:42;234375
2026-05-13 10:25:42;284090,9
2026-05-13 10:25:42;294811,3
2026-05-13 10:25:42;324675,34
2026-05-13 10:25:42;320512,8
2026-05-13 10:25:42;131118,89
2026-05-13 10:25:42;109649,125
2026-05-13 10:25:42;226449,3
2026-05-13 10:25:42;381097,56
2026-05-13 10:25:42;125000
2026-05-13 10:25:42;250000
2026-05-13 10:25:42;257731,97
2026-05-13 10:25:42;154958,67
2026-05-13 10:25:42;153688,53
2026-05-13 10:25:42;210084,05
2026-05-13 10:25:42;119047,62
2026-05-13 10:25:42;160256,4
2026-05-13 10:25:42;287356,3
2026-05-13 10:25:42;112612,6
2026-05-13 10:25:42;156250
2026-05-13 10:25:42;197368,42
2026-05-13 10:25:42;245098,03
2026-05-13 10:25:42;480769,28
2026-05-13 10:25:42;105042,02
2026-05-13 10:25:42;140449,44
2026-05-13 10:25:42;240384,61
2026-05-13 10:25:42;253378,38
2026-05-13 10:25:42;156250
2026-05-13 10:25:42;158227,84
2026-05-13 10:25:42;376506
2026-05-13 10:25:42;82236,84
2026-05-13 10:25:42;160256,4
2026-05-13 10:25:42;142045,45
2026-05-13 10:25:42;403225,8
2026-05-13 10:25:42;301204,8
2026-05-13 10:25:42;119047,62
2026-05-13 10:25:42;375000
2026-05-13 10:25:42;210084,05
2026-05-13 10:25:42;175233,64
2026-05-13 10:25:42;151209,69
2026-05-13 10:25:42;238095,23
2026-05-13 10:25:42;119426,76
2026-05-13 10:25:42;132978,73
2026-05-13 10:25:42;167410,72
2026-05-13 10:25:42;96153,84
2026-05-13 10:25:42;134408,61
2026-05-13 10:25:42;225903,61
2026-05-13 10:25:42;180288,47
2026-05-13 10:25:42;328947,38
2026-05-13 10:25:42;43706,293
2026-05-13 10:25:42;367647
2026-05-13 10:25:42;208333,33
2026-05-13 10:25:42;221238,94
2026-05-13 10:25:42;193798,45
2026-05-13 10:25:42;117924,54
2026-05-13 10:25:42;156250
2026-05-13 10:25:42;446428,6
2026-05-13 10:25:42;74404,766
2026-05-13 10:25:42;219298,25
2026-05-13 10:25:42;125000
2026-05-13 10:25:42;200000
2026-05-13 10:25:42;213068,19
2026-05-13 10:25:42;213068,19
2026-05-13 10:25:42;271739,12
2026-05-13 10:25:42;280898,88
2026-05-13 10:25:42;168918,92
2026-05-13 10:25:42;243506,5
2026-05-13 10:25:42;343406,6
2026-05-13 10:25:42;127551,02
2026-05-13 10:25:42;179856,12
2026-05-13 10:25:42;67934,78
2026-05-13 10:25:42;381097,56
2026-05-13 10:25:42;235849,05
2026-05-13 10:25:42;176886,8
2026-05-13 10:25:42;199468,08
2026-05-13 10:25:42;121359,22
2026-05-13 10:25:42;93984,96
2026-05-13 10:25:42;173611,11
2026-05-13 10:25:42;276548,7
2026-05-13 10:25:42;187500
2026-05-13 10:25:42;260416,67
2026-05-13 10:25:42;178571,44
2026-05-13 10:25:42;192307,69
2026-05-13 10:25:42;287356,3
2026-05-13 10:25:42;240384,61
2026-05-13 10:25:42;143678,16
2026-05-13 10:25:42;158898,3
2026-05-13 10:25:42;258264,47
2026-05-13 10:25:42;446428,6
2026-05-13 10:25:42;328947,38
2026-05-13 10:25:42;93283,586
2026-05-13 10:25:42;189393,94
2026-05-13 10:25:42;276548,7
2026-05-13 10:25:43;96153,85
2026-05-13 10:25:43;185643,56
2026-05-13 10:25:43;181159,42
2026-05-13 10:25:43;121359,22
2026-05-13 10:25:43;162760,42
2026-05-13 10:25:43;164473,69
2026-05-13 10:25:43;238095,23
2026-05-13 10:25:43;240384,61
2026-05-13 10:25:43;312500
2026-05-13 10:25:43;170454,55
2026-05-13 10:25:43;147058,83
2026-05-13 10:25:43;148809,53
2026-05-13 10:25:43;294117,66
2026-05-13 10:25:43;300480,75
2026-05-13 10:25:43;240384,64
2026-05-13 10:25:43;200000
2026-05-13 10:25:43;343406,6
2026-05-13 10:25:43;206043,95
2026-05-13 10:25:43;140449,44
2026-05-13 10:25:43;115740,75
2026-05-13 10:25:43;182748,55
2026-05-13 10:25:43;160256,4
2026-05-13 10:25:43;78125
2026-05-13 10:25:43;166666,66
2026-05-13 10:25:43;178571,44
2026-05-13 10:25:43;201612,89
2026-05-13 10:25:43;100806,445
2026-05-13 10:25:43;77800,836
2026-05-13 10:25:43;243506,48
2026-05-13 10:25:43;127551,02
2026-05-13 10:25:43;250000
2026-05-13 10:25:43;204248,36
2026-05-13 10:25:43;172018,34
2026-05-13 10:25:43;208333,33
2026-05-13 10:25:43;134408,61
2026-05-13 10:25:43;NaN
2026-05-13 10:25:43;297619,06
2026-05-13 10:25:43;189393,94
2026-05-13 10:25:43;302419,34
2026-05-13 10:25:43;60679,61
2026-05-13 10:25:43;221238,94
2026-05-13 10:25:43;292968,75
2026-05-13 10:25:43;190839,69
2026-05-13 10:25:43;112612,62
2026-05-13 10:25:43;187500
2026-05-13 10:25:43;208333,34
2026-05-13 10:25:43;82236,84
2026-05-13 10:25:43;163398,7
2026-05-13 10:25:43;85616,44
2026-05-13 10:25:43;153688,53
2026-05-13 10:25:43;NaN
2026-05-13 10:25:43;201612,89
2026-05-13 10:25:43;140449,44
2026-05-13 10:25:43;210674,14
2026-05-13 10:25:43;176886,8
2026-05-13 10:25:43;143678,16
2026-05-13 10:25:43;206611,58
2026-05-13 10:25:43;178571,44
2026-05-13 10:25:43;223214,3
2026-05-13 10:25:43;309405,94
2026-05-13 10:25:43;193798,45
2026-05-13 10:25:43;99206,35
2026-05-13 10:25:43;93984,96
2026-05-13 10:25:43;250000
2026-05-13 10:25:43;381097,56
2026-05-13 10:25:43;223214,3
2026-05-13 10:25:43;132978,72
2026-05-13 10:25:43;145348,84
2026-05-13 10:25:43;363372,1
2026-05-13 10:25:43;260416,67
2026-05-13 10:25:43;231481,5
2026-05-13 10:25:43;97656,25
2026-05-13 10:25:43;135869,56
2026-05-13 10:25:43;143348,62
2026-05-13 10:25:43;267857,16
2026-05-13 10:25:43;216763,02
2026-05-13 10:25:43;210674,14
2026-05-13 10:25:43;294117,66
2026-05-13 10:25:43;112951,805
2026-05-13 10:25:43;156250
2026-05-13 10:25:43;199468,08
2026-05-13 10:25:43;161637,92
2026-05-13 10:25:43;157563,03
2026-05-13 10:25:43;142045,45
2026-05-13 10:25:43;180288,47
2026-05-13 10:25:43;292968,75
2026-05-13 10:25:43;142045,47
2026-05-13 10:25:43;94696,97
2026-05-13 10:25:43;176056,34
2026-05-13 10:25:43;191326,55
2026-05-13 10:25:43;132978,72
2026-05-13 10:25:43;183823,53
2026-05-13 10:25:43;123762,375
2026-05-13 10:25:43;156250,02
2026-05-13 10:25:43;245098,03
2026-05-13 10:25:43;183823,53
2026-05-13 10:25:43;252525,25
2026-05-13 10:25:43;NaN
2026-05-13 10:25:43;166223,4
2026-05-13 10:25:43;143678,16
2026-05-13 10:25:43;NaN
2026-05-13 10:25:43;120967,74
2026-05-13 10:25:43;183823,52
2026-05-13 10:25:43;189393,94
2026-05-13 10:25:43;93750
2026-05-13 10:25:43;186567,16
2026-05-13 10:25:43;225225,2
2026-05-13 10:25:43;160256,4
2026-05-13 10:25:43;206611,56
2026-05-13 10:25:43;193298,97
2026-05-13 10:25:43;105932,2
2026-05-13 10:25:43;267857,16
2026-05-13 10:25:43;367647
2026-05-13 10:25:43;312500
2026-05-13 10:25:43;323275,88
2026-05-13 10:25:43;189393,94
2026-05-13 10:25:43;304878,06
2026-05-13 10:25:43;107296,14
2026-05-13 10:25:43;360576,94
2026-05-13 10:25:43;123762,375
2026-05-13 10:25:43;136861,31
2026-05-13 10:25:43;215517,23
2026-05-13 10:25:43;130208,32
2026-05-13 10:25:43;70224,72
2026-05-13 10:25:43;101626,02
2026-05-13 10:25:43;254065,03
2026-05-13 10:25:43;164473,67
2026-05-13 10:25:43;175233,64
2026-05-13 10:25:43;122549,016
2026-05-13 10:25:43;213068,19
2026-05-13 10:25:43;172811,05
2026-05-13 10:25:43;195312,5
2026-05-13 10:25:43;89285,72
2026-05-13 10:25:43;178571,44
2026-05-13 10:25:43;247524,75
2026-05-13 10:25:43;103305,79
2026-05-13 10:25:43;260416,67
2026-05-13 10:25:43;355113,62
2026-05-13 10:25:43;257731,97
2026-05-13 10:25:43;NaN
2026-05-13 10:25:43;100806,445
2026-05-13 10:25:43;242718,44
2026-05-13 10:25:43;173611,11
2026-05-13 10:25:43;357142,88
2026-05-13 10:25:43;242718,44
2026-05-13 10:25:43;98425,195
2026-05-13 10:25:43;353773,56
2026-05-13 10:25:43;301204,8
2026-05-13 10:25:43;176886,78
2026-05-13 10:25:43;106837,6
2026-05-13 10:25:43;333333,3
2026-05-13 10:25:43;220588,25
2026-05-13 10:25:43;116822,44
2026-05-13 10:25:43;186567,17
2026-05-13 10:25:43;191326,55
2026-05-13 10:25:43;187969,92
2026-05-13 10:25:43;137867,64
2026-05-13 10:25:43;195312,5
2026-05-13 10:25:43;277777,78
2026-05-13 10:25:43;213675,23
2026-05-13 10:25:43;280898,88
2026-05-13 10:25:43;201612,9
2026-05-13 10:25:43;182481,75
2026-05-13 10:25:43;160256,4
2026-05-13 10:25:43;187969,92
2026-05-13 10:25:43;167410,72
2026-05-13 10:25:43;100267,38
2026-05-13 10:25:43;179856,11
2026-05-13 10:25:43;67204,305
2026-05-13 10:25:43;163398,7
2026-05-13 10:25:43;287356,3
2026-05-13 10:25:43;225903,61
2026-05-13 10:25:43;97656,25
2026-05-13 10:25:43;309405,94
2026-05-13 10:25:43;245098,03
2026-05-13 10:25:43;211864,4
2026-05-13 10:25:43;104166,67
2026-05-13 10:25:43;168918,92
2026-05-13 10:25:43;154321
2026-05-13 10:25:43;152439,02
2026-05-13 10:25:43;117924,52
2026-05-13 10:25:43;183823,53
2026-05-13 10:25:43;312500
2026-05-13 10:25:43;323275,84
2026-05-13 10:25:43;284090,94
2026-05-13 10:25:43;267857,12
2026-05-13 10:25:43;92592,586
2026-05-13 10:25:43;277777,78
2026-05-13 10:25:43;297619,06
2026-05-13 10:25:43;135869,56
2026-05-13 10:25:43;183823,52
2026-05-13 10:25:43;96649,484
2026-05-13 10:25:43;286259,56
2026-05-13 10:25:43;129310,34
2026-05-13 10:25:43;117924,54
2026-05-13 10:25:43;228658,53
2026-05-13 10:25:43;245098,03
2026-05-13 10:25:43;334821,44
2026-05-13 10:25:43;302419,34
2026-05-13 10:25:43;225903,61
2026-05-13 10:25:43;147058,83
2026-05-13 10:25:43;130208,336
2026-05-13 10:25:43;164473,69
2026-05-13 10:25:43;225903,61
2026-05-13 10:25:43;128865,984
2026-05-13 10:25:43;302419,38
2026-05-13 10:25:43;113636,37
2026-05-13 10:25:43;240384,64
2026-05-13 10:25:43;NaN
2026-05-13 10:25:43;304878,06
2026-05-13 10:25:43;306372,53
2026-05-13 10:25:43;170454,55
2026-05-13 10:25:43;111607,15
2026-05-13 10:25:43;99206,35
2026-05-13 10:25:43;360576,9
2026-05-13 10:25:43;228658,53
2026-05-13 10:25:43;178571,44
2026-05-13 10:25:43;309405,94
2026-05-13 10:25:43;189393,94
2026-05-13 10:25:43;NaN
2026-05-13 10:25:43;182481,75
2026-05-13 10:25:43;289351,84
2026-05-13 10:25:43;131118,89
2026-05-13 10:25:43;367647,06
2026-05-13 10:25:43;147637,8
2026-05-13 10:25:43;148809,53
2026-05-13 10:25:43;225225,23
2026-05-13 10:25:43;173611,11
2026-05-13 10:25:43;163043,48
2026-05-13 10:25:43;100806,45
2026-05-13 10:25:44;231481,5
2026-05-13 10:25:44;103305,79
2026-05-13 10:25:44;182748,55
2026-05-13 10:25:44;114329,266
2026-05-13 10:25:44;61576,36
2026-05-13 10:25:44;158227,86
2026-05-13 10:25:44;143678,16
2026-05-13 10:25:44;109649,125
2026-05-13 10:25:44;182481,75
2026-05-13 10:25:44;111607,15
2026-05-13 10:25:44;126689,19
2026-05-13 10:25:44;304878,06
2026-05-13 10:25:44;98425,195
2026-05-13 10:25:44;240384,61
2026-05-13 10:25:44;359195,4
2026-05-13 10:25:44;252525,25
2026-05-13 10:25:44;236742,44
2026-05-13 10:25:44;111607,15
2026-05-13 10:25:44;233208,95
2026-05-13 10:25:44;219298,25
2026-05-13 10:25:44;150602,4
2026-05-13 10:25:44;223214,3
2026-05-13 10:25:44;115740,75
2026-05-13 10:25:44;127551,02
2026-05-13 10:25:44;250000
2026-05-13 10:25:44;54347,824
2026-05-13 10:25:44;174418,61
2026-05-13 10:25:44;127551,02
2026-05-13 10:25:44;255102,05
2026-05-13 10:25:44;142045,47
2026-05-13 10:25:44;137362,64
2026-05-13 10:25:44;306372,53
2026-05-13 10:25:44;142045,47
2026-05-13 10:25:44;312500,03
2026-05-13 10:25:44;186567,17
2026-05-13 10:25:44;122549,016
2026-05-13 10:25:44;126689,19
2026-05-13 10:25:44;176886,8
2026-05-13 10:25:44;235849,05
2026-05-13 10:25:44;75301,2
2026-05-13 10:25:44;150602,4
2026-05-13 10:25:44;136861,33
2026-05-13 10:25:44;210084,05
2026-05-13 10:25:44;375000
2026-05-13 10:25:44;134892,1
2026-05-13 10:25:44;265957,47
2026-05-13 10:25:44;139925,38
2026-05-13 10:25:44;140449,44
2026-05-13 10:25:44;126262,625
2026-05-13 10:25:44;347222,22
2026-05-13 10:25:44;355113,62
2026-05-13 10:25:44;286697,25
2026-05-13 10:25:44;201612,89
2026-05-13 10:25:44;324675,34
2026-05-13 10:25:44;81168,83
2026-05-13 10:25:44;403225,8
2026-05-13 10:25:44;148809,52
2026-05-13 10:25:44;180288,47
2026-05-13 10:25:44;372023,8
2026-05-13 10:25:44;213068,19
2026-05-13 10:25:44;187500
2026-05-13 10:25:44;143678,16
2026-05-13 10:25:44;197368,42
2026-05-13 10:25:44;164473,67
2026-05-13 10:25:44;189393,94
2026-05-13 10:25:44;211864,4
2026-05-13 10:25:44;264830,53
2026-05-13 10:25:44;76687,12
2026-05-13 10:25:44;337837,84
2026-05-13 10:25:44;297619,06
2026-05-13 10:25:44;122549,03
2026-05-13 10:25:44;238095,23
2026-05-13 10:25:44;171232,88
2026-05-13 10:25:44;213675,23
2026-05-13 10:25:44;172018,34
2026-05-13 10:25:44;191326,55
2026-05-13 10:25:44;135869,56
2026-05-13 10:25:44;156250
2026-05-13 10:25:44;62500
2026-05-13 10:25:44;128424,664
2026-05-13 10:25:44;204918,02
2026-05-13 10:25:44;76219,51
2026-05-13 10:25:44;247524,75
2026-05-13 10:25:44;235849,05
2026-05-13 10:25:44;75301,2
2026-05-13 10:25:44;225903,61
2026-05-13 10:25:44;156250,02
2026-05-13 10:25:44;148809,53
2026-05-13 10:25:44;183823,52
2026-05-13 10:25:44;195312,5
2026-05-13 10:25:44;51652,895
2026-05-13 10:25:44;215517,23
2026-05-13 10:25:44;123762,375
2026-05-13 10:25:44;390625
2026-05-13 10:25:44;390625,03
2026-05-13 10:25:44;168918,92
2026-05-13 10:25:44;185643,56
2026-05-13 10:25:44;142045,45
2026-05-13 10:25:44;187500
2026-05-13 10:25:44;206043,95
2026-05-13 10:25:44;223214,3
2026-05-13 10:25:44;250000
2026-05-13 10:25:44;240384,64
2026-05-13 10:25:44;244140,62
2026-05-13 10:25:44;206611,58
2026-05-13 10:25:44;61881,188
2026-05-13 10:25:44;146484,38
2026-05-13 10:25:44;294811,3
2026-05-13 10:25:44;312500,03
2026-05-13 10:25:44;158227,84
2026-05-13 10:25:44;235849,08
2026-05-13 10:25:44;142045,45
2026-05-13 10:25:44;176056,34
2026-05-13 10:25:44;181159,4
2026-05-13 10:25:44;186567,17
2026-05-13 10:25:44;210674,17
2026-05-13 10:25:44;250000
2026-05-13 10:25:44;231481,47
2026-05-13 10:25:44;225903,61
2026-05-13 10:25:44;275735,28
2026-05-13 10:25:44;129310,34
2026-05-13 10:25:44;229357,78
2026-05-13 10:25:44;137867,64
2026-05-13 10:25:44;342465,75
2026-05-13 10:25:44;362318,84
2026-05-13 10:25:44;150000
2026-05-13 10:25:44;260416,67
2026-05-13 10:25:44;136861,33
2026-05-13 10:25:44;315656,56
2026-05-13 10:25:44;47709,92
2026-05-13 10:25:44;259067,34
2026-05-13 10:25:44;183823,53
2026-05-13 10:25:44;183823,53
2026-05-13 10:25:44;186567,17
2026-05-13 10:25:44;120192,32
2026-05-13 10:25:44;148809,53
2026-05-13 10:25:44;185643,56
2026-05-13 10:25:44;80128,21
2026-05-13 10:25:44;152439,03
2026-05-13 10:25:44;215517,23
2026-05-13 10:25:44;271739,12
2026-05-13 10:25:44;347222,22
2026-05-13 10:25:44;194300,52
2026-05-13 10:25:44;114678,89
2026-05-13 10:25:44;182038,84
2026-05-13 10:25:44;153688,53
2026-05-13 10:25:44;202922,1
2026-05-13 10:25:44;132042,25
2026-05-13 10:25:44;390625
2026-05-13 10:25:44;416666,66
2026-05-13 10:25:44;160256,4
2026-05-13 10:25:44;77160,5
2026-05-13 10:25:44;94696,97
2026-05-13 10:25:44;97656,25
2026-05-13 10:25:44;297619,06
2026-05-13 10:25:44;228658,53
2026-05-13 10:25:44;215517,23
2026-05-13 10:25:44;127551,02
2026-05-13 10:25:44;135869,56
2026-05-13 10:25:44;172018,34
2026-05-13 10:25:44;225903,61
2026-05-13 10:25:44;127551,01
2026-05-13 10:25:44;210674,17
2026-05-13 10:25:44;53418,8
2026-05-13 10:25:44;357142,9
2026-05-13 10:25:44;98425,195
2026-05-13 10:25:44;337837,84
2026-05-13 10:25:44;245098,03
2026-05-13 10:25:44;193798,45
2026-05-13 10:25:44;145348,84
2026-05-13 10:25:44;300480,78
2026-05-13 10:25:44;217391,3
2026-05-13 10:25:44;303398,06
2026-05-13 10:25:44;243506,5
2026-05-13 10:25:44;151209,67
2026-05-13 10:25:44;166666,67
2026-05-13 10:25:44;187500
2026-05-13 10:25:44;90579,7
2026-05-13 10:25:44;162337,67
2026-05-13 10:25:44;145348,84
2026-05-13 10:25:44;130208,336
2026-05-13 10:25:44;236742,44
2026-05-13 10:25:44;176886,8
2026-05-13 10:25:44;160256,4
2026-05-13 10:25:44;101626,02
2026-05-13 10:25:44;83333,336
2026-05-13 10:25:44;112612,62
2026-05-13 10:25:44;196850,39
2026-05-13 10:25:44;180288,47
2026-05-13 10:25:44;123762,375
2026-05-13 10:25:44;218023,25
2026-05-13 10:25:44;110294,125
2026-05-13 10:25:44;88652,48
2026-05-13 10:25:44;NaN
2026-05-13 10:25:44;185643,56
2026-05-13 10:25:44;280898,88
2026-05-13 10:25:44;152439,02
2026-05-13 10:25:44;237341,77
2026-05-13 10:25:44;183823,53
2026-05-13 10:25:44;108381,51
2026-05-13 10:25:44;123355,266
2026-05-13 10:25:44;203252,05
2026-05-13 10:25:44;168918,92
2026-05-13 10:25:44;161637,92
2026-05-13 10:25:44;284090,9
2026-05-13 10:25:44;119047,62
2026-05-13 10:25:44;173611,11
2026-05-13 10:25:44;76219,51
2026-05-13 10:25:44;170454,53
2026-05-13 10:25:44;228658,53
2026-05-13 10:25:44;265957,44
2026-05-13 10:25:44;173611,11
2026-05-13 10:25:44;220588,25
2026-05-13 10:25:44;360576,94
2026-05-13 10:25:44;115740,75
2026-05-13 10:25:44;191326,52
2026-05-13 10:25:44;279850,72
2026-05-13 10:25:44;213068,19
2026-05-13 10:25:44;123762,375
2026-05-13 10:25:44;323275,84
2026-05-13 10:25:44;162337,67
2026-05-13 10:25:44;257731,97
2026-05-13 10:25:44;80128,2
2026-05-13 10:25:44;238095,23
2026-05-13 10:25:44;297619,06
2026-05-13 10:25:44;180288,47
2026-05-13 10:25:44;309917,34
2026-05-13 10:25:44;360576,94
2026-05-13 10:25:45;189393,95
2026-05-13 10:25:45;154958,67
2026-05-13 10:25:45;156250
2026-05-13 10:25:45;225903,61
2026-05-13 10:25:45;220588,25
2026-05-13 10:25:45;185643,56
2026-05-13 10:25:45;143678,16
2026-05-13 10:25:45;183823,53
2026-05-13 10:25:45;198412,7
2026-05-13 10:25:45;137362,62
2026-05-13 10:25:45;146484,38
2026-05-13 10:25:45;119047,62
2026-05-13 10:25:45;223214,3
2026-05-13 10:25:45;262605,03
2026-05-13 10:25:45;336021,53
2026-05-13 10:25:45;NaN
2026-05-13 10:25:45;116459,625
2026-05-13 10:25:45;359195,4
2026-05-13 10:25:45;160256,4
2026-05-13 10:25:45;204918,05
2026-05-13 10:25:45;304878,06
2026-05-13 10:25:45;NaN
2026-05-13 10:25:45;340909,06
2026-05-13 10:25:45;173611,11
2026-05-13 10:25:45;227864,6
2026-05-13 10:25:45;175233,64
2026-05-13 10:25:45;186567,16
2026-05-13 10:25:45;183823,53
2026-05-13 10:25:45;225903,61
2026-05-13 10:25:45;245098,03
2026-05-13 10:25:45;217391,3
2026-05-13 10:25:45;235849,05
2026-05-13 10:25:45;247524,75
2026-05-13 10:25:45;95419,84
2026-05-13 10:25:45;156250
2026-05-13 10:25:45;271739,12
2026-05-13 10:25:45;193798,45
2026-05-13 10:25:45;294117,66
2026-05-13 10:25:45;208333,33
2026-05-13 10:25:45;520833,4
2026-05-13 10:25:45;252525,25
2026-05-13 10:25:45;183823,53
2026-05-13 10:25:45;219298,25
2026-05-13 10:25:45;61881,188
2026-05-13 10:25:45;198412,7
2026-05-13 10:25:45;220588,25
2026-05-13 10:25:45;462962,94
2026-05-13 10:25:45;153688,53
2026-05-13 10:25:45;173611,11
2026-05-13 10:25:45;119426,76
2026-05-13 10:25:45;229357,78
2026-05-13 10:25:45;108695,65
2026-05-13 10:25:45;NaN
2026-05-13 10:25:45;255102,05
2026-05-13 10:25:45;233644,88
2026-05-13 10:25:45;69444,445
2026-05-13 10:25:45;142045,45
2026-05-13 10:25:45;255102,05
2026-05-13 10:25:45;126262,625
2026-05-13 10:25:45;176886,8
2026-05-13 10:25:45;148809,53
2026-05-13 10:25:45;332446,8
2026-05-13 10:25:45;64432,992
2026-05-13 10:25:45;213068,19
2026-05-13 10:25:45;175233,64
2026-05-13 10:25:45;116459,625
2026-05-13 10:25:45;196850,39
2026-05-13 10:25:45;90579,71
2026-05-13 10:25:45;294811,3
2026-05-13 10:25:45;203252,05
2026-05-13 10:25:45;262605,03
2026-05-13 10:25:45;199468,08
2026-05-13 10:25:45;133928,58
2026-05-13 10:25:45;290697,7
2026-05-13 10:25:45;306372,53
2026-05-13 10:25:45;250000
2026-05-13 10:25:45;189393,95
2026-05-13 10:25:45;156250
2026-05-13 10:25:45;83333,33
2026-05-13 10:25:45;323275,84
2026-05-13 10:25:45;271739,16
2026-05-13 10:25:45;210674,14
2026-05-13 10:25:45;290697,7
2026-05-13 10:25:45;229779,42
2026-05-13 10:25:45;154320,98
2026-05-13 10:25:45;309917,34
2026-05-13 10:25:45;304878,03
2026-05-13 10:25:45;231481,5
2026-05-13 10:25:45;209497,2
2026-05-13 10:25:45;71839,08
2026-05-13 10:25:45;260416,67
2026-05-13 10:25:45;131118,89
2026-05-13 10:25:45;164473,69
2026-05-13 10:25:45;138888,89
2026-05-13 10:25:45;229357,81
2026-05-13 10:25:45;189393,94
2026-05-13 10:25:45;187969,92
2026-05-13 10:25:45;287356,3
2026-05-13 10:25:45;254360,45
2026-05-13 10:25:45;342465,75
2026-05-13 10:25:45;284090,9
2026-05-13 10:25:45;128865,984
2026-05-13 10:25:45;115740,75
2026-05-13 10:25:45;109649,125
2026-05-13 10:25:45;227272,73
2026-05-13 10:25:45;199203,19
2026-05-13 10:25:45;220588,25
2026-05-13 10:25:45;240384,64
2026-05-13 10:25:45;86805,555
2026-05-13 10:25:45;79113,92
2026-05-13 10:25:45;126262,625
2026-05-13 10:25:45;187500
2026-05-13 10:25:45;309917,34
2026-05-13 10:25:45;181159,42
2026-05-13 10:25:45;167410,72
2026-05-13 10:25:45;180288,47
2026-05-13 10:25:45;189393,94
2026-05-13 10:25:45;176056,34
2026-05-13 10:25:45;170454,53
2026-05-13 10:25:45;264830,53
2026-05-13 10:25:45;265957,47
2026-05-13 10:25:45;262605,03
2026-05-13 10:25:45;125000
2026-05-13 10:25:45;176886,8
2026-05-13 10:25:45;206043,95
2026-05-13 10:25:45;267857,16
2026-05-13 10:25:45;370762,75
2026-05-13 10:25:45;264084,5
2026-05-13 10:25:45;125000
2026-05-13 10:25:45;158227,84
2026-05-13 10:25:45;128424,65
2026-05-13 10:25:45;287356,3
2026-05-13 10:25:45;171232,88
2026-05-13 10:25:45;300480,75
2026-05-13 10:25:45;114678,91
2026-05-13 10:25:45;240384,61
2026-05-13 10:25:45;187500
2026-05-13 10:25:45;142045,45
2026-05-13 10:25:45;252525,25
2026-05-13 10:25:45;260416,67
2026-05-13 10:25:45;152439,03
2026-05-13 10:25:45;177304,97
2026-05-13 10:25:45;256849,3
2026-05-13 10:25:45;130208,336
2026-05-13 10:25:45;170454,53
2026-05-13 10:25:45;168918,92
2026-05-13 10:25:45;154320,98
2026-05-13 10:25:45;171232,88
2026-05-13 10:25:45;168918,92
2026-05-13 10:25:45;160256,4
2026-05-13 10:25:45;254065,03
2026-05-13 10:25:45;210674,17
2026-05-13 10:25:45;114329,266
2026-05-13 10:25:45;178571,44
2026-05-13 10:25:45;213675,2
2026-05-13 10:25:45;46296,293
2026-05-13 10:25:45;229357,78
2026-05-13 10:25:45;245098,03
2026-05-13 10:25:45;309917,34
2026-05-13 10:25:45;185643,55
2026-05-13 10:25:45;233957,22
2026-05-13 10:25:45;120967,74
2026-05-13 10:25:45;154321
2026-05-13 10:25:45;217391,3
2026-05-13 10:25:45;185185,17
2026-05-13 10:25:45;164473,67
2026-05-13 10:25:45;96899,23
2026-05-13 10:25:45;219298,25
2026-05-13 10:25:45;235849,08
2026-05-13 10:25:45;90579,7
2026-05-13 10:25:45;153940,89
2026-05-13 10:25:45;446428,6
2026-05-13 10:25:45;120192,305
2026-05-13 10:25:45;286697,25
2026-05-13 10:25:45;173611,11
2026-05-13 10:25:45;125000
2026-05-13 10:25:45;132042,25
2026-05-13 10:25:45;30788,18
2026-05-13 10:25:45;228658,53
2026-05-13 10:25:45;256849,33
2026-05-13 10:25:45;142045,45
2026-05-13 10:25:45;84459,46
2026-05-13 10:25:45;147637,8
2026-05-13 10:25:45;223214,3
2026-05-13 10:25:45;206611,58
2026-05-13 10:25:45;154321
2026-05-13 10:25:45;229779,42
2026-05-13 10:25:45;136861,31
2026-05-13 10:25:45;260416,67
2026-05-13 10:25:45;74404,766
2026-05-13 10:25:45;148809,53
2026-05-13 10:25:45;90144,234
2026-05-13 10:25:45;297619,06
2026-05-13 10:25:45;150000
2026-05-13 10:25:45;386597,94
2026-05-13 10:25:45;140449,44
2026-05-13 10:25:45;198412,7
2026-05-13 10:25:45;287356,3
2026-05-13 10:25:45;213675,2
2026-05-13 10:25:45;242718,44
2026-05-13 10:25:45;220588,25
2026-05-13 10:25:45;108695,65
2026-05-13 10:25:45;181159,42
2026-05-13 10:25:45;178571,44
2026-05-13 10:25:45;143678,16
2026-05-13 10:25:45;187500
2026-05-13 10:25:45;264084,5
2026-05-13 10:25:45;166666,67
2026-05-13 10:25:45;142045,47
2026-05-13 10:25:45;100806,445
2026-05-13 10:25:45;82236,836
2026-05-13 10:25:45;63131,312
2026-05-13 10:25:45;198412,7
2026-05-13 10:25:45;367647,03
2026-05-13 10:25:45;189393,95
2026-05-13 10:25:45;208333,33
2026-05-13 10:25:45;201612,89
2026-05-13 10:25:45;265957,44
2026-05-13 10:25:45;227272,73
2026-05-13 10:25:45;159235,67
2026-05-13 10:25:45;210674,17
2026-05-13 10:25:45;147058,83
2026-05-13 10:25:45;208333,33
2026-05-13 10:25:45;174825,17
2026-05-13 10:25:45;140449,44
2026-05-13 10:25:45;157563,02
2026-05-13 10:25:45;100806,45
2026-05-13 10:25:46;264830,5
2026-05-13 10:25:46;136861,33
2026-05-13 10:25:46;146484,38
2026-05-13 10:25:46;198412,7
2026-05-13 10:25:46;211864,4
2026-05-13 10:25:46;284090,9
2026-05-13 10:25:46;247524,75
2026-05-13 10:25:46;109649,125
2026-05-13 10:25:46;279850,75
2026-05-13 10:25:46;242718,44
2026-05-13 10:25:46;183823,52
2026-05-13 10:25:46;154320,98
2026-05-13 10:25:46;206611,58
2026-05-13 10:25:46;301204,8
2026-05-13 10:25:46;160256,4
2026-05-13 10:25:46;238095,23
2026-05-13 10:25:46;198412,7
2026-05-13 10:25:46;220588,25
2026-05-13 10:25:46;178571,44
2026-05-13 10:25:46;213068,19
2026-05-13 10:25:46;300480,78
2026-05-13 10:25:46;91911,76
2026-05-13 10:25:46;123762,375
2026-05-13 10:25:46;250000
2026-05-13 10:25:46;83333,336
2026-05-13 10:25:46;367647,06
2026-05-13 10:25:46;240384,61
2026-05-13 10:25:46;245098,03
2026-05-13 10:25:46;238095,23
2026-05-13 10:25:46;245098,03
2026-05-13 10:25:46;297619,03
2026-05-13 10:25:46;260416,64
2026-05-13 10:25:46;120967,74
2026-05-13 10:25:46;186567,17
2026-05-13 10:25:46;165929,2
2026-05-13 10:25:46;209731,55
2026-05-13 10:25:46;245098,06
2026-05-13 10:25:46;127551,02
2026-05-13 10:25:46;201612,9
2026-05-13 10:25:46;163043,47
2026-05-13 10:25:46;242718,44
2026-05-13 10:25:46;NaN
2026-05-13 10:25:46;198412,69
2026-05-13 10:25:46;105042,02
2026-05-13 10:25:46;208333,33
2026-05-13 10:25:46;240384,61
2026-05-13 10:25:46;227272,73
2026-05-13 10:25:46;520833,28
2026-05-13 10:25:46;132978,72
2026-05-13 10:25:46;219298,25
2026-05-13 10:25:46;146484,38
2026-05-13 10:25:46;240384,64
2026-05-13 10:25:46;144230,77
2026-05-13 10:25:46;231481,47
2026-05-13 10:25:46;263157,9
2026-05-13 10:25:46;41390,727
2026-05-13 10:25:46;95419,84
2026-05-13 10:25:46;334821,44
2026-05-13 10:25:46;225225,23
2026-05-13 10:25:46;120192,32
2026-05-13 10:25:46;204918,05
2026-05-13 10:25:46;119047,62
2026-05-13 10:25:46;166666,66
2026-05-13 10:25:46;79617,836
2026-05-13 10:25:46;292968,75
2026-05-13 10:25:46;279017,88
2026-05-13 10:25:46;115740,75
2026-05-13 10:25:46;140977,44
2026-05-13 10:25:46;142045,45
2026-05-13 10:25:46;288461,53
2026-05-13 10:25:46;367647,06
2026-05-13 10:25:46;287356,3
2026-05-13 10:25:46;152439,02
2026-05-13 10:25:46;96153,84
2026-05-13 10:25:46;164473,67
2026-05-13 10:25:46;262605,03
2026-05-13 10:25:46;236742,44
2026-05-13 10:25:46;172413,81
2026-05-13 10:25:46;81168,836
2026-05-13 10:25:46;158898,3
2026-05-13 10:25:46;390624,97
2026-05-13 10:25:46;77639,75
2026-05-13 10:25:46;189393,94
2026-05-13 10:25:46;117924,52
2026-05-13 10:25:46;72674,42
2026-05-13 10:25:46;262605,03
2026-05-13 10:25:46;247524,75
2026-05-13 10:25:46;115030,68
2026-05-13 10:25:46;235849,08
2026-05-13 10:25:46;284090,9
2026-05-13 10:25:46;93984,97
2026-05-13 10:25:46;199468,08
2026-05-13 10:25:46;132978,72
2026-05-13 10:25:46;218023,25
2026-05-13 10:25:46;303398,03
2026-05-13 10:25:46;219298,25
2026-05-13 10:25:46;168918,92
2026-05-13 10:25:46;347222,16
2026-05-13 10:25:46;168918,92
2026-05-13 10:25:46;215517,23
2026-05-13 10:25:46;127551,02
2026-05-13 10:25:46;227272,73
2026-05-13 10:25:46;231481,5
2026-05-13 10:25:46;109649,125
2026-05-13 10:25:46;264084,5
2026-05-13 10:25:46;185185,17
2026-05-13 10:25:46;154321
2026-05-13 10:25:46;152439,02
2026-05-13 10:25:46;128865,984
2026-05-13 10:25:46;375000
2026-05-13 10:25:46;178571,44
2026-05-13 10:25:46;143678,16
2026-05-13 10:25:46;162337,66
2026-05-13 10:25:46;133928,56
2026-05-13 10:25:46;364077,66
2026-05-13 10:25:46;254065,06
2026-05-13 10:25:46;215517,23
2026-05-13 10:25:46;215517,23
2026-05-13 10:25:46;204248,36
2026-05-13 10:25:46;337837,84
2026-05-13 10:25:46;182748,55
2026-05-13 10:25:46;143678,16
2026-05-13 10:25:46;218023,27
2026-05-13 10:25:46;200000
2026-05-13 10:25:46;186567,17
2026-05-13 10:25:46;176886,8
2026-05-13 10:25:46;167410,72
2026-05-13 10:25:46;131578,95
2026-05-13 10:25:46;156250,02
2026-05-13 10:25:46;145348,84
2026-05-13 10:25:46;182038,83
2026-05-13 10:25:46;93283,586
2026-05-13 10:25:46;NaN
2026-05-13 10:25:46;208333,33
2026-05-13 10:25:46;252525,25
2026-05-13 10:25:46;193798,45
2026-05-13 10:25:46;152439,02
2026-05-13 10:25:46;156250
2026-05-13 10:25:46;NaN
2026-05-13 10:25:46;363372,1
2026-05-13 10:25:46;200000
2026-05-13 10:25:46;213068,19
2026-05-13 10:25:46;115740,75
2026-05-13 10:25:46;186567,16
2026-05-13 10:25:46;215517,23
2026-05-13 10:25:46;246063
2026-05-13 10:25:46;228658,53
2026-05-13 10:25:46;128865,984
2026-05-13 10:25:46;315656,56
2026-05-13 10:25:46;NaN
2026-05-13 10:25:46;238095,23
2026-05-13 10:25:46;211864,4
2026-05-13 10:25:46;105932,2
2026-05-13 10:25:46;234375
2026-05-13 10:25:46;223214,3
2026-05-13 10:25:46;215517,23
2026-05-13 10:25:46;100000
2026-05-13 10:25:46;177304,97
2026-05-13 10:25:46;271739,12
2026-05-13 10:25:46;182038,83
2026-05-13 10:25:46;279850,75
2026-05-13 10:25:46;119047,62
2026-05-13 10:25:46;309917,34
2026-05-13 10:25:46;242718,44
2026-05-13 10:25:46;NaN
2026-05-13 10:25:46;256849,33
2026-05-13 10:25:46;168918,92
2026-05-13 10:25:46;247524,75
2026-05-13 10:25:46;63131,312
2026-05-13 10:25:46;170068,03
2026-05-13 10:25:46;58411,21
2026-05-13 10:25:46;173611,11
2026-05-13 10:25:46;220588,25
2026-05-13 10:25:46;301204,8
2026-05-13 10:25:46;231481,5
2026-05-13 10:25:46;203804,34
2026-05-13 10:25:46;187969,92
2026-05-13 10:25:46;NaN
2026-05-13 10:25:46;267857,16
2026-05-13 10:25:46;99206,35
2026-05-13 10:25:46;231481,5
2026-05-13 10:25:46;290697,7
2026-05-13 10:25:46;287356,3
2026-05-13 10:25:46;128865,984
2026-05-13 10:25:46;238095,23
2026-05-13 10:25:46;568181,8
2026-05-13 10:25:46;271739,12
2026-05-13 10:25:46;178571,44
2026-05-13 10:25:46;378787,88
2026-05-13 10:25:46;158898,31
2026-05-13 10:25:46;160256,4
2026-05-13 10:25:46;132042,25
2026-05-13 10:25:46;85616,44
2026-05-13 10:25:46;119047,62
2026-05-13 10:25:46;215517,23
2026-05-13 10:25:46;201612,89
2026-05-13 10:25:46;90579,71
2026-05-13 10:25:46;83892,625
2026-05-13 10:25:46;96153,85
2026-05-13 10:25:46;255102,05
2026-05-13 10:25:46;173611,11
2026-05-13 10:25:46;183823,52
2026-05-13 10:25:46;160256,4
2026-05-13 10:25:46;154321
2026-05-13 10:25:46;264830,53
2026-05-13 10:25:46;83333,33
2026-05-13 10:25:46;115207,375
2026-05-13 10:25:46;233644,84
2026-05-13 10:25:46;177304,97
2026-05-13 10:25:46;152439,03
2026-05-13 10:25:46;252525,25
2026-05-13 10:25:46;407608,7
2026-05-13 10:25:46;97656,25
2026-05-13 10:25:46;189393,94
2026-05-13 10:25:46;186567,17
2026-05-13 10:25:46;156250
2026-05-13 10:25:46;135869,56
2026-05-13 10:25:46;102459,01
2026-05-13 10:25:46;213675,2
2026-05-13 10:25:46;225903,61
2026-05-13 10:25:46;146028,05
2026-05-13 10:25:46;271739,12
2026-05-13 10:25:46;195312,5
2026-05-13 10:25:46;182038,83
2026-05-13 10:25:46;138888,89
2026-05-13 10:25:46;240384,61
2026-05-13 10:25:47;98425,195
2026-05-13 10:25:47;225903,61
2026-05-13 10:25:47;41390,73
2026-05-13 10:25:47;161637,92
2026-05-13 10:25:47;245098,03
2026-05-13 10:25:47;183823,52
2026-05-13 10:25:47;173611,12
2026-05-13 10:25:47;183823,52
2026-05-13 10:25:47;NaN
2026-05-13 10:25:47;100806,45
2026-05-13 10:25:47;210674,17
2026-05-13 10:25:47;250000
2026-05-13 10:25:47;279850,75
2026-05-13 10:25:47;315656,56
2026-05-13 10:25:47;139664,81
2026-05-13 10:25:47;143129,77
2026-05-13 10:25:47;173611,11
2026-05-13 10:25:47;143129,78
2026-05-13 10:25:47;362318,8
2026-05-13 10:25:47;156249,98
2026-05-13 10:25:47;258264,47
2026-05-13 10:25:47;242718,44
2026-05-13 10:25:47;198412,7
2026-05-13 10:25:47;147637,8
2026-05-13 10:25:47;160256,4
2026-05-13 10:25:47;204918,05
2026-05-13 10:25:47;182038,83
2026-05-13 10:25:47;147058,83
2026-05-13 10:25:47;253378,38
2026-05-13 10:25:47;275735,28
2026-05-13 10:25:47;240384,64
2026-05-13 10:25:47;156250
2026-05-13 10:25:47;309405,94
2026-05-13 10:25:47;256849,3
2026-05-13 10:25:47;158898,31
2026-05-13 10:25:47;194099,38
2026-05-13 10:25:47;178571,42
2026-05-13 10:25:47;265957,44
2026-05-13 10:25:47;213068,19
2026-05-13 10:25:47;264084,5
2026-05-13 10:25:47;195312,5
2026-05-13 10:25:47;292968,75
2026-05-13 10:25:47;219298,25
2026-05-13 10:25:47;182038,84
2026-05-13 10:25:47;147058,83
2026-05-13 10:25:47;137867,64
2026-05-13 10:25:47;132978,73
2026-05-13 10:25:47;190839,69
2026-05-13 10:25:47;137867,64
2026-05-13 10:25:47;173611,11
2026-05-13 10:25:47;132042,25
2026-05-13 10:25:47;189393,94
2026-05-13 10:25:47;161637,92
2026-05-13 10:25:47;NaN
2026-05-13 10:25:47;292056,1
2026-05-13 10:25:47;206611,58
2026-05-13 10:25:47;242718,44
2026-05-13 10:25:47;145348,84
2026-05-13 10:25:47;227272,73
2026-05-13 10:25:47;317796,62
2026-05-13 10:25:47;60096,152
2026-05-13 10:25:47;204918,02
2026-05-13 10:25:47;189393,95
2026-05-13 10:25:47;267857,16
2026-05-13 10:25:47;304878,03
2026-05-13 10:25:47;176886,78
2026-05-13 10:25:47;247524,75
2026-05-13 10:25:47;125000
2026-05-13 10:25:47;185643,56
2026-05-13 10:25:47;138888,89
2026-05-13 10:25:47;102459,01
2026-05-13 10:25:47;240384,61
2026-05-13 10:25:47;109649,125
2026-05-13 10:25:47;208333,34
2026-05-13 10:25:47;359195,4
2026-05-13 10:25:47;240384,61
2026-05-13 10:25:47;61274,508
2026-05-13 10:25:47;185643,56
2026-05-13 10:25:47;284090,94
2026-05-13 10:25:47;353773,6
2026-05-13 10:25:47;116822,42
2026-05-13 10:25:47;181159,42
2026-05-13 10:25:47;158227,84
2026-05-13 10:25:47;206043,95
2026-05-13 10:25:47;242718,44
2026-05-13 10:25:47;148809,52
2026-05-13 10:25:47;145348,84
2026-05-13 10:25:47;NaN
2026-05-13 10:25:47;189393,94
2026-05-13 10:25:47;210674,17
2026-05-13 10:25:47;118821,29
2026-05-13 10:25:47;179597,7
2026-05-13 10:25:47;147058,83
2026-05-13 10:25:47;104748,6
2026-05-13 10:25:47;186567,16
2026-05-13 10:25:47;260416,67
2026-05-13 10:25:47;250000
2026-05-13 10:25:47;127551,02
2026-05-13 10:25:47;101626,02
2026-05-13 10:25:47;104166,664
2026-05-13 10:25:47;165929,2
2026-05-13 10:25:47;57339,453
2026-05-13 10:25:47;309405,94
2026-05-13 10:25:47;119047,62
2026-05-13 10:25:47;223214,3
2026-05-13 10:25:47;150602,4
2026-05-13 10:25:47;178571,44
2026-05-13 10:25:47;131578,95
2026-05-13 10:25:47;246062,98
2026-05-13 10:25:47;223214,3
2026-05-13 10:25:47;183823,53
2026-05-13 10:25:47;127551,02
2026-05-13 10:25:47;367647,03
2026-05-13 10:25:47;223214,3
2026-05-13 10:25:47;74404,766
2026-05-13 10:25:47;277777,78
2026-05-13 10:25:47;260416,67
2026-05-13 10:25:47;196850,39
2026-05-13 10:25:47;84459,46
2026-05-13 10:25:47;233208,95
2026-05-13 10:25:47;168918,92
2026-05-13 10:25:47;112951,805
2026-05-13 10:25:47;160256,4
2026-05-13 10:25:47;260416,67
2026-05-13 10:25:47;238095,23
2026-05-13 10:25:47;223214,3
2026-05-13 10:25:47;162337,67
2026-05-13 10:25:47;201612,9
2026-05-13 10:25:47;328947,38
2026-05-13 10:25:47;142045,45
2026-05-13 10:25:47;135869,56
2026-05-13 10:25:47;308642
2026-05-13 10:25:47;115740,75
2026-05-13 10:25:47;131578,95
2026-05-13 10:25:47;126689,19
2026-05-13 10:25:47;367647,06
2026-05-13 10:25:47;378787,88
2026-05-13 10:25:47;170454,55
2026-05-13 10:25:47;267857,12
2026-05-13 10:25:47;228658,53
2026-05-13 10:25:47;260416,64
2026-05-13 10:25:47;199468,1
2026-05-13 10:25:47;105932,2
2026-05-13 10:25:47;130208,336
2026-05-13 10:25:47;87616,82
2026-05-13 10:25:47;145348,84
2026-05-13 10:25:47;193298,97
2026-05-13 10:25:47;88028,17
2026-05-13 10:25:47;107142,85
2026-05-13 10:25:47;267857,12
2026-05-13 10:25:47;73529,414
2026-05-13 10:25:47;183823,53
2026-05-13 10:25:47;279017,88
2026-05-13 10:25:47;176056,34
2026-05-13 10:25:47;186567,17
2026-05-13 10:25:47;323275,84
2026-05-13 10:25:47;262605,03
2026-05-13 10:25:47;290697,7
2026-05-13 10:25:47;376506
2026-05-13 10:25:47;210674,17
2026-05-13 10:25:47;215517,23
2026-05-13 10:25:47;185185,17
2026-05-13 10:25:47;185185,17
2026-05-13 10:25:47;203804,34
2026-05-13 10:25:47;284090,9
2026-05-13 10:25:47;217391,3
2026-05-13 10:25:47;140449,44
2026-05-13 10:25:47;63131,312
2026-05-13 10:25:47;140977,44
2026-05-13 10:25:47;129310,34
2026-05-13 10:25:47;352112,7
2026-05-13 10:25:47;111607,15
2026-05-13 10:25:47;109011,625
2026-05-13 10:25:47;168918,92
2026-05-13 10:25:47;107758,62
2026-05-13 10:25:47;181159,4
2026-05-13 10:25:47;178571,44
2026-05-13 10:25:47;161637,92
2026-05-13 10:25:47;260416,67
2026-05-13 10:25:47;128865,984
2026-05-13 10:25:47;166666,67
2026-05-13 10:25:47;111607,15
2026-05-13 10:25:47;142045,45
2026-05-13 10:25:47;297619,06
2026-05-13 10:25:47;187500
2026-05-13 10:25:47;172413,81
2026-05-13 10:25:47;395569,66
2026-05-13 10:25:47;183823,53
2026-05-13 10:25:47;100806,45
2026-05-13 10:25:47;154958,67
2026-05-13 10:25:47;176056,34
2026-05-13 10:25:47;339673,9
2026-05-13 10:25:47;178571,44
2026-05-13 10:25:47;116279,07
2026-05-13 10:25:47;176886,78
2026-05-13 10:25:47;183823,53
2026-05-13 10:25:47;173611,11
2026-05-13 10:25:47;173611,11
2026-05-13 10:25:47;90579,71
2026-05-13 10:25:47;119047,62
2026-05-13 10:25:47;138888,89
2026-05-13 10:25:47;199468,08
2026-05-13 10:25:47;337837,84
2026-05-13 10:25:47;138888,89
2026-05-13 10:25:47;121753,25
2026-05-13 10:25:47;235849,08
2026-05-13 10:25:47;136861,31
2026-05-13 10:25:47;378787,88
2026-05-13 10:25:47;95419,84
2026-05-13 10:25:47;248344,39
2026-05-13 10:25:47;135869,58
2026-05-13 10:25:47;114678,89
2026-05-13 10:25:47;323275,84
2026-05-13 10:25:47;117924,54
2026-05-13 10:25:47;165562,92
2026-05-13 10:25:47;144230,77
2026-05-13 10:25:47;250000
2026-05-13 10:25:47;217013,89
2026-05-13 10:25:47;213068,19
2026-05-13 10:25:47;206043,95
2026-05-13 10:25:47;120192,305
2026-05-13 10:25:47;201612,89
2026-05-13 10:25:47;242718,44
2026-05-13 10:25:47;318877,56
2026-05-13 10:25:47;114678,91
2026-05-13 10:25:47;301204,8
2026-05-13 10:25:47;178571,44
2026-05-13 10:25:47;174825,17
2026-05-13 10:25:48;161637,92
2026-05-13 10:25:48;120192,305
2026-05-13 10:25:48;231481,5
2026-05-13 10:25:48;138888,89
2026-05-13 10:25:48;145348,84
2026-05-13 10:25:48;294117,66
2026-05-13 10:25:48;120192,32
2026-05-13 10:25:48;219298,25
2026-05-13 10:25:48;148809,53
2026-05-13 10:25:48;225903,61
2026-05-13 10:25:48;260416,67
2026-05-13 10:25:48;132978,72
2026-05-13 10:25:48;111607,15
2026-05-13 10:25:48;122549,016
2026-05-13 10:25:48;180288,47
2026-05-13 10:25:48;106837,6
2026-05-13 10:25:48;204918,02
2026-05-13 10:25:48;245098,03
2026-05-13 10:25:48;229779,42
2026-05-13 10:25:48;294811,3
2026-05-13 10:25:48;350467,28
2026-05-13 10:25:48;246710,53
2026-05-13 10:25:48;173611,11
2026-05-13 10:25:48;189393,94
2026-05-13 10:25:48;218023,25
2026-05-13 10:25:48;137867,64
2026-05-13 10:25:48;156250,02
2026-05-13 10:25:48;67204,305
2026-05-13 10:25:48;111607,15
2026-05-13 10:25:48;219298,25
2026-05-13 10:25:48;172018,34
2026-05-13 10:25:48;242718,44
2026-05-13 10:25:48;245098,03
2026-05-13 10:25:48;190548,78
2026-05-13 10:25:48;284090,94
2026-05-13 10:25:48;134892,1
2026-05-13 10:25:48;165562,92
2026-05-13 10:25:48;146198,83
2026-05-13 10:25:48;269396,53
2026-05-13 10:25:48;274725,25
2026-05-13 10:25:48;NaN
2026-05-13 10:25:48;304878,06
2026-05-13 10:25:48;206043,95
2026-05-13 10:25:48;220588,25
2026-05-13 10:25:48;225225,23
2026-05-13 10:25:48;NaN
2026-05-13 10:25:48;111607,15
2026-05-13 10:25:48;154958,67
2026-05-13 10:25:48;246710,53
2026-05-13 10:25:48;76219,516
2026-05-13 10:25:48;106837,6
2026-05-13 10:25:48;173611,11
2026-05-13 10:25:48;248015,86
2026-05-13 10:25:48;113636,37
2026-05-13 10:25:48;130208,336
2026-05-13 10:25:48;279850,75
2026-05-13 10:25:48;197784,8
2026-05-13 10:25:48;253378,38
2026-05-13 10:25:48;328947,34
2026-05-13 10:25:48;351123,6
2026-05-13 10:25:48;297619,06
2026-05-13 10:25:48;191326,55
2026-05-13 10:25:48;200000
2026-05-13 10:25:48;173611,11
2026-05-13 10:25:48;227272,73
2026-05-13 10:25:48;229357,78
2026-05-13 10:25:48;60096,16
2026-05-13 10:25:48;208333,33
2026-05-13 10:25:48;192307,69
2026-05-13 10:25:48;183823,53
2026-05-13 10:25:48;132978,72
2026-05-13 10:25:48;220070,42
2026-05-13 10:25:48;195312,48
2026-05-13 10:25:48;99206,34
2026-05-13 10:25:48;106837,62
2026-05-13 10:25:48;180288,47
2026-05-13 10:25:48;195312,5
2026-05-13 10:25:48;178571,44
2026-05-13 10:25:48;274122,8
2026-05-13 10:25:48;367647,06
2026-05-13 10:25:48;187969,92
2026-05-13 10:25:48;87412,586
2026-05-13 10:25:48;181159,42
2026-05-13 10:25:48;267857,16
2026-05-13 10:25:48;306372,53
2026-05-13 10:25:48;206611,58
2026-05-13 10:25:48;264830,5
2026-05-13 10:25:48;147058,83
2026-05-13 10:25:48;179856,12
2026-05-13 10:25:48;170454,55
2026-05-13 10:25:48;102459,01
2026-05-13 10:25:48;189393,94
2026-05-13 10:25:48;254065,03
2026-05-13 10:25:48;78616,35
2026-05-13 10:25:48;171703,3
2026-05-13 10:25:48;367647
2026-05-13 10:25:48;233644,84
2026-05-13 10:25:48;203804,34
2026-05-13 10:25:48;80128,2
2026-05-13 10:25:48;164473,67
2026-05-13 10:25:48;124172,195
2026-05-13 10:25:48;126262,625
2026-05-13 10:25:48;312500
2026-05-13 10:25:48;173611,11
2026-05-13 10:25:48;182481,75
2026-05-13 10:25:48;275735,28
2026-05-13 10:25:48;279850,72
2026-05-13 10:25:48;158227,84
2026-05-13 10:25:48;151209,67
2026-05-13 10:25:48;115740,75
2026-05-13 10:25:48;148809,53
2026-05-13 10:25:48;256849,33
2026-05-13 10:25:48;104166,664
2026-05-13 10:25:48;160256,4
2026-05-13 10:25:48;210084,03
2026-05-13 10:25:48;186567,17
2026-05-13 10:25:48;NaN
2026-05-13 10:25:48;195312,48
2026-05-13 10:25:48;223214,3
2026-05-13 10:25:48;352112,7
2026-05-13 10:25:48;289351,88
2026-05-13 10:25:48;223214,3
2026-05-13 10:25:48;303398,03
2026-05-13 10:25:48;160256,4
2026-05-13 10:25:48;240384,64
2026-05-13 10:25:48;210674,17
2026-05-13 10:25:48;150000
2026-05-13 10:25:48;156250,02
2026-05-13 10:25:48;201612,9
2026-05-13 10:25:48;120192,305
2026-05-13 10:25:48;297619,06
2026-05-13 10:25:48;134408,61
2026-05-13 10:25:48;284090,9
2026-05-13 10:25:48;242718,44
2026-05-13 10:25:48;199044,6
2026-05-13 10:25:48;79113,92
2026-05-13 10:25:48;172413,8
2026-05-13 10:25:48;258264,47
2026-05-13 10:25:48;191326,55
2026-05-13 10:25:48;228658,55
2026-05-13 10:25:48;228658,53
2026-05-13 10:25:48;180288,47
2026-05-13 10:25:48;400641,03
2026-05-13 10:25:48;88443,4
2026-05-13 10:25:48;210084,03
2026-05-13 10:25:48;130208,32
2026-05-13 10:25:48;91911,766
2026-05-13 10:25:48;146484,38
2026-05-13 10:25:48;160256,4
2026-05-13 10:25:48;306372,53
2026-05-13 10:25:48;280898,88
2026-05-13 10:25:48;107758,62
2026-05-13 10:25:48;271739,12
2026-05-13 10:25:48;271739,12
2026-05-13 10:25:48;204918,05
2026-05-13 10:25:48;210084,03
2026-05-13 10:25:48;123762,375
2026-05-13 10:25:48;117924,54
2026-05-13 10:25:48;148809,52
2026-05-13 10:25:48;101626,02
2026-05-13 10:25:48;113636,37
2026-05-13 10:25:48;183823,52
2026-05-13 10:25:48;NaN
2026-05-13 10:25:48;110946,74
2026-05-13 10:25:48;84459,46
2026-05-13 10:25:48;223214,3
2026-05-13 10:25:48;384615,4
2026-05-13 10:25:48;189393,92
2026-05-13 10:25:48;250000
2026-05-13 10:25:48;347222,22
2026-05-13 10:25:48;126689,19
2026-05-13 10:25:48;111607,15
2026-05-13 10:25:48;195312,5
2026-05-13 10:25:48;250000
2026-05-13 10:25:48;138888,89
2026-05-13 10:25:48;144230,77
2026-05-13 10:25:48;178571,44
2026-05-13 10:25:48;322164,94
2026-05-13 10:25:48;175233,64
2026-05-13 10:25:48;189393,94
2026-05-13 10:25:48;173611,11
2026-05-13 10:25:48;218023,25
2026-05-13 10:25:48;167410,72
2026-05-13 10:25:48;196850,39
2026-05-13 10:25:48;140449,44
2026-05-13 10:25:48;71839,08
2026-05-13 10:25:48;260416,67
2026-05-13 10:25:48;145348,84
2026-05-13 10:25:48;197784,8
2026-05-13 10:25:48;357142,88
2026-05-13 10:25:48;284090,9
2026-05-13 10:25:48;114329,27
2026-05-13 10:25:48;231481,5
2026-05-13 10:25:48;152439,03
2026-05-13 10:25:48;309405,94
2026-05-13 10:25:48;132042,25
2026-05-13 10:25:48;221238,94
2026-05-13 10:25:48;102459,01
2026-05-13 10:25:48;136861,31
2026-05-13 10:25:48;183823,53
2026-05-13 10:25:48;176886,8
2026-05-13 10:25:48;82781,46
2026-05-13 10:25:48;79113,92
2026-05-13 10:25:48;301204,8
2026-05-13 10:25:48;80645,164
2026-05-13 10:25:48;407608,7
2026-05-13 10:25:48;121359,22
2026-05-13 10:25:48;238853,52
2026-05-13 10:25:48;93283,586
2026-05-13 10:25:48;208333,33
2026-05-13 10:25:48;125000
2026-05-13 10:25:48;127551,02
2026-05-13 10:25:48;160256,4
2026-05-13 10:25:48;235849,08
2026-05-13 10:25:48;145348,84
2026-05-13 10:25:48;225225,23
2026-05-13 10:25:48;130208,336
2026-05-13 10:25:48;195312,5
2026-05-13 10:25:48;165562,92
2026-05-13 10:25:48;50000
2026-05-13 10:25:48;99206,35
2026-05-13 10:25:48;110619,47
2026-05-13 10:25:48;144508,67
2026-05-13 10:25:48;97656,25
2026-05-13 10:25:48;206043,95
2026-05-13 10:25:48;154958,67
2026-05-13 10:25:48;328947,38
2026-05-13 10:25:48;158898,31
2026-05-13 10:25:48;86805,555
2026-05-13 10:25:48;117924,52
2026-05-13 10:25:48;304878,03
2026-05-13 10:25:48;126262,625
2026-05-13 10:25:48;183823,52
2026-05-13 10:25:48;320512,8
2026-05-13 10:25:49;NaN
2026-05-13 10:25:49;183823,53
2026-05-13 10:25:49;64102,562
2026-05-13 10:25:49;246710,53
2026-05-13 10:25:49;123762,375
2026-05-13 10:25:49;NaN
2026-05-13 10:25:49;390625,03
2026-05-13 10:25:49;218023,25
2026-05-13 10:25:49;279850,72
2026-05-13 10:25:49;NaN
2026-05-13 10:25:49;61881,188
2026-05-13 10:25:49;304878,06
2026-05-13 10:25:49;150602,4
2026-05-13 10:25:49;164473,69
2026-05-13 10:25:49;156250
2026-05-13 10:25:49;210084,03
2026-05-13 10:25:49;333333,3
2026-05-13 10:25:49;NaN
2026-05-13 10:25:49;297619,03
2026-05-13 10:25:49;306372,53
2026-05-13 10:25:49;240384,64
2026-05-13 10:25:49;210084,03
2026-05-13 10:25:49;362318,84
2026-05-13 10:25:49;367647,06
2026-05-13 10:25:49;134408,61
2026-05-13 10:25:49;187500
2026-05-13 10:25:49;NaN
2026-05-13 10:25:49;142857,16
2026-05-13 10:25:49;208333,34
2026-05-13 10:25:49;168918,92
2026-05-13 10:25:49;187500
2026-05-13 10:25:49;62500
2026-05-13 10:25:49;250000
2026-05-13 10:25:49;104166,664
2026-05-13 10:25:49;154320,98
2026-05-13 10:25:49;138888,89
2026-05-13 10:25:49;290697,7
2026-05-13 10:25:49;223214,3
2026-05-13 10:25:49;86206,91
2026-05-13 10:25:49;189393,94
2026-05-13 10:25:49;183823,53
2026-05-13 10:25:49;140449,44
2026-05-13 10:25:49;167410,72
2026-05-13 10:25:49;178571,44
2026-05-13 10:25:49;206611,58
2026-05-13 10:25:49;227272,73
2026-05-13 10:25:49;94696,97
2026-05-13 10:25:49;185643,56
2026-05-13 10:25:49;183823,53
2026-05-13 10:25:49;217013,89
2026-05-13 10:25:49;132042,25
2026-05-13 10:25:49;238095,23
2026-05-13 10:25:49;367647,06
2026-05-13 10:25:49;172413,81
2026-05-13 10:25:49;167112,3
2026-05-13 10:25:49;250000
2026-05-13 10:25:49;240384,64
2026-05-13 10:25:49;315656,56
2026-05-13 10:25:49;193298,97
2026-05-13 10:25:49;145348,84
2026-05-13 10:25:49;142045,47
2026-05-13 10:25:49;238095,23
2026-05-13 10:25:49;193798,45
2026-05-13 10:25:49;104166,664
2026-05-13 10:25:49;260416,67
2026-05-13 10:25:49;151209,67
2026-05-13 10:25:49;167112,3
2026-05-13 10:25:49;128865,984
2026-05-13 10:25:49;211864,4
2026-05-13 10:25:49;160256,4
2026-05-13 10:25:49;145348,84
2026-05-13 10:25:49;182481,75
2026-05-13 10:25:49;357142,88
2026-05-13 10:25:49;127551,02
2026-05-13 10:25:49;390625
2026-05-13 10:25:49;178571,44
2026-05-13 10:25:49;189393,95
2026-05-13 10:25:49;183823,53
2026-05-13 10:25:49;176886,78
2026-05-13 10:25:49;245098,03
2026-05-13 10:25:49;99206,35
2026-05-13 10:25:49;140977,44
2026-05-13 10:25:49;126262,625
2026-05-13 10:25:49;77639,75
2026-05-13 10:25:49;210674,17
2026-05-13 10:25:49;156250
2026-05-13 10:25:49;192307,69
2026-05-13 10:25:49;105932,2
2026-05-13 10:25:49;125000
2026-05-13 10:25:49;120192,305
2026-05-13 10:25:49;328947,34
2026-05-13 10:25:49;192307,69
2026-05-13 10:25:49;NaN
2026-05-13 10:25:49;225225,23
2026-05-13 10:25:49;231481,5
2026-05-13 10:25:49;122549,016
2026-05-13 10:25:49;122549,016
2026-05-13 10:25:49;233644,84
2026-05-13 10:25:49;171232,88
2026-05-13 10:25:49;375000
2026-05-13 10:25:49;245098,03
2026-05-13 10:25:49;250000
2026-05-13 10:25:49;218023,27
2026-05-13 10:25:49;183823,53
2026-05-13 10:25:49;100806,45
2026-05-13 10:25:49;143678,16
2026-05-13 10:25:49;208333,33
2026-05-13 10:25:49;89285,72
2026-05-13 10:25:49;137867,64
2026-05-13 10:25:49;286697,25
2026-05-13 10:25:49;234375
2026-05-13 10:25:49;185643,56
2026-05-13 10:25:49;173611,11
2026-05-13 10:25:49;61881,188
2026-05-13 10:25:49;225903,61
2026-05-13 10:25:49;151209,69
2026-05-13 10:25:49;157563,03
2026-05-13 10:25:49;267857,16
2026-05-13 10:25:49;223214,3
2026-05-13 10:25:49;328947,3
2026-05-13 10:25:49;185185,17
2026-05-13 10:25:49;235849,08
2026-05-13 10:25:49;126689,19
2026-05-13 10:25:49;183823,52
2026-05-13 10:25:49;145348,84
2026-05-13 10:25:49;300480,75
2026-05-13 10:25:49;101626,02
2026-05-13 10:25:49;100806,45
2026-05-13 10:25:49;312500
2026-05-13 10:25:49;123355,266
2026-05-13 10:25:49;187500
2026-05-13 10:25:49;148809,53
2026-05-13 10:25:49;143678,16
2026-05-13 10:25:49;176056,34
2026-05-13 10:25:49;NaN
2026-05-13 10:25:49;208333,33
2026-05-13 10:25:49;347222,22
2026-05-13 10:25:49;233644,84
2026-05-13 10:25:49;126262,625
2026-05-13 10:25:49;240384,64
2026-05-13 10:25:49;111607,15
2026-05-13 10:25:49;180288,47
2026-05-13 10:25:49;215517,23
2026-05-13 10:25:49;93283,586
2026-05-13 10:25:49;301204,8
2026-05-13 10:25:49;250000
2026-05-13 10:25:49;143678,16
2026-05-13 10:25:49;315126,06
2026-05-13 10:25:49;192307,69
2026-05-13 10:25:49;208333,34
2026-05-13 10:25:49;235849,08
2026-05-13 10:25:49;260416,67
2026-05-13 10:25:49;123355,266
2026-05-13 10:25:49;254065,03
2026-05-13 10:25:49;176886,78
2026-05-13 10:25:49;183823,53
2026-05-13 10:25:49;378787,88
2026-05-13 10:25:49;107758,62
2026-05-13 10:25:49;181159,42
2026-05-13 10:25:49;362318,84
2026-05-13 10:25:49;39308,176
2026-05-13 10:25:49;107758,62
2026-05-13 10:25:49;172018,34
2026-05-13 10:25:49;109649,125
2026-05-13 10:25:49;199468,08
2026-05-13 10:25:49;284090,94
2026-05-13 10:25:49;225903,61
2026-05-13 10:25:49;215517,23
2026-05-13 10:25:49;403225,8
2026-05-13 10:25:49;284090,94
2026-05-13 10:25:49;178571,44
2026-05-13 10:25:49;79113,92
2026-05-13 10:25:49;231481,5
2026-05-13 10:25:49;178571,44
2026-05-13 10:25:49;215517,23
2026-05-13 10:25:49;81699,34
2026-05-13 10:25:49;172018,34
2026-05-13 10:25:49;211148,66
2026-05-13 10:25:49;101626,02
2026-05-13 10:25:49;217391,33
2026-05-13 10:25:49;223214,3
2026-05-13 10:25:49;245098,03
2026-05-13 10:25:49;237341,77
2026-05-13 10:25:49;217391,3
2026-05-13 10:25:49;145348,84
2026-05-13 10:25:49;206043,95
2026-05-13 10:25:49;186567,17
2026-05-13 10:25:49;193298,97
2026-05-13 10:25:49;206611,56
2026-05-13 10:25:49;231481,47
2026-05-13 10:25:49;178571,44
2026-05-13 10:25:49;219298,25
2026-05-13 10:25:49;192307,7
2026-05-13 10:25:49;208333,33
2026-05-13 10:25:49;150000
2026-05-13 10:25:49;166666,66
2026-05-13 10:25:49;231481,47
2026-05-13 10:25:49;208333,33
2026-05-13 10:25:49;113636,37
2026-05-13 10:25:49;336021,5
2026-05-13 10:25:49;183823,53
2026-05-13 10:25:49;117924,54
2026-05-13 10:25:49;200000
2026-05-13 10:25:49;185185,17
2026-05-13 10:25:49;91019,414
2026-05-13 10:25:49;144230,77
2026-05-13 10:25:49;159235,67
2026-05-13 10:25:49;130208,336
2026-05-13 10:25:49;318877,56
2026-05-13 10:25:49;91240,88
2026-05-13 10:25:49;284090,9
2026-05-13 10:25:49;351123,6
2026-05-13 10:25:49;143129,78
2026-05-13 10:25:49;168918,92
2026-05-13 10:25:49;117187,5
2026-05-13 10:25:49;142045,45
2026-05-13 10:25:49;223214,3
2026-05-13 10:25:49;306372,53
2026-05-13 10:25:49;143678,16
2026-05-13 10:25:49;90579,71
2026-05-13 10:25:49;290697,7
2026-05-13 10:25:49;192307,69
2026-05-13 10:25:49;132978,72
2026-05-13 10:25:49;134892,08
2026-05-13 10:25:49;62500
2026-05-13 10:25:49;206611,56
2026-05-13 10:25:49;172413,81
2026-05-13 10:25:49;304878,06
2026-05-13 10:25:49;181159,42
2026-05-13 10:25:49;168918,92
2026-05-13 10:25:49;NaN
2026-05-13 10:25:49;223214,3
2026-05-13 10:25:50;256147,53
2026-05-13 10:25:50;292968,75
2026-05-13 10:25:50;164473,67
2026-05-13 10:25:50;78616,35
2026-05-13 10:25:50;87412,586
2026-05-13 10:25:50;139925,38
2026-05-13 10:25:50;186567,17
2026-05-13 10:25:50;245098,03
2026-05-13 10:25:50;122549,016
2026-05-13 10:25:50;140449,44
2026-05-13 10:25:50;145348,84
2026-05-13 10:25:50;93283,586
2026-05-13 10:25:50;294811,3
2026-05-13 10:25:50;163612,56
2026-05-13 10:25:50;180288,47
2026-05-13 10:25:50;287356,3
2026-05-13 10:25:50;167410,72
2026-05-13 10:25:50;154958,67
2026-05-13 10:25:50;223214,3
2026-05-13 10:25:50;32383,418
2026-05-13 10:25:50;152439,02
2026-05-13 10:25:50;102459,01
2026-05-13 10:25:50;157563,03
2026-05-13 10:25:50;206043,95
2026-05-13 10:25:50;167410,72
2026-05-13 10:25:50;208333,34
2026-05-13 10:25:50;150602,4
2026-05-13 10:25:50;163043,47
2026-05-13 10:25:50;104166,67
2026-05-13 10:25:50;189393,95
2026-05-13 10:25:50;245098,03
2026-05-13 10:25:50;128865,984
2026-05-13 10:25:50;95419,84
2026-05-13 10:25:50;131578,95
2026-05-13 10:25:50;167410,72
2026-05-13 10:25:50;115030,68
2026-05-13 10:25:50;183823,53
2026-05-13 10:25:50;312500
2026-05-13 10:25:50;175233,64
2026-05-13 10:25:50;223214,3
2026-05-13 10:25:50;152439,03
2026-05-13 10:25:50;370762,75
2026-05-13 10:25:50;131118,89
2026-05-13 10:25:50;145348,84
2026-05-13 10:25:50;146484,38
2026-05-13 10:25:50;153688,53
2026-05-13 10:25:50;227272,73
2026-05-13 10:25:50;127551,02
2026-05-13 10:25:50;269396,53
2026-05-13 10:25:50;152439,03
2026-05-13 10:25:50;287356,3
2026-05-13 10:25:50;260416,67
2026-05-13 10:25:50;NaN
2026-05-13 10:25:50;186567,17
2026-05-13 10:25:50;91911,76
2026-05-13 10:25:50;279850,75
2026-05-13 10:25:50;271739,12
2026-05-13 10:25:50;288461,53
2026-05-13 10:25:50;191326,55
2026-05-13 10:25:50;117924,52
2026-05-13 10:25:50;158227,86
2026-05-13 10:25:50;60679,61
2026-05-13 10:25:50;115740,75
2026-05-13 10:25:50;128865,984
2026-05-13 10:25:50;312500,03
2026-05-13 10:25:50;181686,05
2026-05-13 10:25:50;297619,06
2026-05-13 10:25:50;138888,89
2026-05-13 10:25:50;192307,69
2026-05-13 10:25:50;226449,27
2026-05-13 10:25:50;297619,06
2026-05-13 10:25:50;277777,78
2026-05-13 10:25:50;211864,4
2026-05-13 10:25:50;132275,12
2026-05-13 10:25:50;189393,94
2026-05-13 10:25:50;191048,03
2026-05-13 10:25:50;96899,23
2026-05-13 10:25:50;120192,305
2026-05-13 10:25:50;189393,95
2026-05-13 10:25:50;153688,53
2026-05-13 10:25:50;213675,23
2026-05-13 10:25:50;225903,61
2026-05-13 10:25:50;245098,03
2026-05-13 10:25:50;73529,414
2026-05-13 10:25:50;112951,805
2026-05-13 10:25:50;111607,15
2026-05-13 10:25:50;271739,12
2026-05-13 10:25:50;140449,44
2026-05-13 10:25:50;262605,03
2026-05-13 10:25:50;89285,72
2026-05-13 10:25:50;111607,15
2026-05-13 10:25:50;170454,55
2026-05-13 10:25:50;86805,555
2026-05-13 10:25:50;164473,69
2026-05-13 10:25:50;186567,17
2026-05-13 10:25:50;105932,2
2026-05-13 10:25:50;211148,66
2026-05-13 10:25:50;176056,34
2026-05-13 10:25:50;140449,44
2026-05-13 10:25:50;219298,25
2026-05-13 10:25:50;115740,75
2026-05-13 10:25:50;257731,97
2026-05-13 10:25:50;136861,31
2026-05-13 10:25:50;162337,67
2026-05-13 10:25:50;147637,8
2026-05-13 10:25:50;165929,2
2026-05-13 10:25:50;219298,25
2026-05-13 10:25:50;308641,97
2026-05-13 10:25:50;151209,67
2026-05-13 10:25:50;218531,48
2026-05-13 10:25:50;120192,305
2026-05-13 10:25:50;250000
2026-05-13 10:25:50;235849,08
2026-05-13 10:25:50;119426,76
2026-05-13 10:25:50;173611,11
2026-05-13 10:25:50;77639,75
2026-05-13 10:25:50;347222,22
2026-05-13 10:25:50;324675,34
2026-05-13 10:25:50;173611,11
2026-05-13 10:25:50;150602,4
2026-05-13 10:25:50;127551,02
2026-05-13 10:25:50;318877,56
2026-05-13 10:25:50;168918,92
2026-05-13 10:25:50;94696,98
2026-05-13 10:25:50;191717,78
2026-05-13 10:25:50;200000
2026-05-13 10:25:50;218023,27
2026-05-13 10:25:50;297619,06
2026-05-13 10:25:50;231481,5
2026-05-13 10:25:50;211864,4
2026-05-13 10:25:50;172018,34
2026-05-13 10:25:50;183823,53
2026-05-13 10:25:50;122549,016
2026-05-13 10:25:50;228658,53
2026-05-13 10:25:50;115030,68
2026-05-13 10:25:50;347222,22
2026-05-13 10:25:50;178571,44
2026-05-13 10:25:50;203804,34
2026-05-13 10:25:50;312500
2026-05-13 10:25:50;193298,97
2026-05-13 10:25:50;120192,305
2026-05-13 10:25:50;124172,18
2026-05-13 10:25:50;108695,65
2026-05-13 10:25:50;168918,92
2026-05-13 10:25:50;136861,33
2026-05-13 10:25:50;150602,4
2026-05-13 10:25:50;294811,3
2026-05-13 10:25:50;121359,22
2026-05-13 10:25:50;221631,2
2026-05-13 10:25:50;125838,93
2026-05-13 10:25:50;178571,42
2026-05-13 10:25:50;109649,125
2026-05-13 10:25:50;284090,9
2026-05-13 10:25:50;211148,66
2026-05-13 10:25:50;271739,12
2026-05-13 10:25:50;115740,75
2026-05-13 10:25:50;195312,5
2026-05-13 10:25:50;164473,69
2026-05-13 10:25:50;262605,06
2026-05-13 10:25:50;128424,664
2026-05-13 10:25:50;260416,67
2026-05-13 10:25:50;167410,72
2026-05-13 10:25:50;215517,23
2026-05-13 10:25:50;119047,62
2026-05-13 10:25:50;206953,66
2026-05-13 10:25:50;130208,336
2026-05-13 10:25:50;203804,34
2026-05-13 10:25:50;279850,75
2026-05-13 10:25:50;256849,33
2026-05-13 10:25:50;82236,84
2026-05-13 10:25:50;166666,66
2026-05-13 10:25:50;284090,9
2026-05-13 10:25:50;138888,89
2026-05-13 10:25:50;127551,02
2026-05-13 10:25:50;NaN
2026-05-13 10:25:50;301204,8
2026-05-13 10:25:50;267094,03
2026-05-13 10:25:50;78125
2026-05-13 10:25:50;145348,84
2026-05-13 10:25:50;143129,78
2026-05-13 10:25:50;148809,53
2026-05-13 10:25:50;40849,676
2026-05-13 10:25:50;67567,57
2026-05-13 10:25:50;303398,06
2026-05-13 10:25:50;240384,61
2026-05-13 10:25:50;58411,21
2026-05-13 10:25:50;267094,03
2026-05-13 10:25:50;123355,266
2026-05-13 10:25:50;168918,92
2026-05-13 10:25:50;148809,53
2026-05-13 10:25:50;181159,42
2026-05-13 10:25:50;182038,83
2026-05-13 10:25:50;275735,28
2026-05-13 10:25:50;267857,16
2026-05-13 10:25:50;110619,47
2026-05-13 10:25:50;250000
2026-05-13 10:25:50;173611,11
2026-05-13 10:25:50;153688,53
2026-05-13 10:25:50;142857,16
2026-05-13 10:25:50;193298,97
2026-05-13 10:25:50;191326,55
2026-05-13 10:25:50;208333,33
2026-05-13 10:25:50;172018,34
2026-05-13 10:25:50;252525,25
2026-05-13 10:25:50;245098,03
2026-05-13 10:25:50;160256,4
2026-05-13 10:25:50;107758,62
2026-05-13 10:25:51;124172,195
2026-05-13 10:25:51;142045,45
2026-05-13 10:25:51;171232,88
2026-05-13 10:25:51;267857,12
2026-05-13 10:25:51;166666,67
2026-05-13 10:25:51;240384,61
2026-05-13 10:25:51;213068,19
2026-05-13 10:25:51;256849,33
2026-05-13 10:25:51;364077,66
2026-05-13 10:25:51;183823,52
2026-05-13 10:25:51;128865,984
2026-05-13 10:25:51;121359,22
2026-05-13 10:25:51;337837,84
2026-05-13 10:25:51;256147,53
2026-05-13 10:25:51;297619,06
2026-05-13 10:25:51;69444,445
2026-05-13 10:25:51;446428,6
2026-05-13 10:25:51;132978,73
2026-05-13 10:25:51;117924,54
2026-05-13 10:25:51;168918,92
2026-05-13 10:25:51;150602,4
2026-05-13 10:25:51;144230,77
2026-05-13 10:25:51;250000
2026-05-13 10:25:51;120192,32
2026-05-13 10:25:51;122549,016
2026-05-13 10:25:51;250000
2026-05-13 10:25:51;236742,44
2026-05-13 10:25:51;253378,38
2026-05-13 10:25:51;170898,44
2026-05-13 10:25:51;81168,836
2026-05-13 10:25:51;168918,92
2026-05-13 10:25:51;143678,16
2026-05-13 10:25:51;240384,64
2026-05-13 10:25:51;271739,12
2026-05-13 10:25:51;134892,1
2026-05-13 10:25:51;108381,51
2026-05-13 10:25:51;225225,2
2026-05-13 10:25:51;218023,25
2026-05-13 10:25:51;176056,34
2026-05-13 10:25:51;137362,62
2026-05-13 10:25:51;206043,95
2026-05-13 10:25:51;231481,5
2026-05-13 10:25:51;167785,23
2026-05-13 10:25:51;109649,125
2026-05-13 10:25:51;264830,5
2026-05-13 10:25:51;181159,42
2026-05-13 10:25:51;416666,7
2026-05-13 10:25:51;117924,54
2026-05-13 10:25:51;225225,23
2026-05-13 10:25:51;126262,625
2026-05-13 10:25:51;208333,33
2026-05-13 10:25:51;143678,16
2026-05-13 10:25:51;178571,44
2026-05-13 10:25:51;178571,44
2026-05-13 10:25:51;233644,84
2026-05-13 10:25:51;255102,05
2026-05-13 10:25:51;198412,7
2026-05-13 10:25:51;294117,66
2026-05-13 10:25:51;240384,64
2026-05-13 10:25:51;322164,94
2026-05-13 10:25:51;367647,06
2026-05-13 10:25:51;273722,62
2026-05-13 10:25:51;115740,75
2026-05-13 10:25:51;269396,56
2026-05-13 10:25:51;269784,2
2026-05-13 10:25:51;287356,3
2026-05-13 10:25:51;175233,66
2026-05-13 10:25:51;208333,33
2026-05-13 10:25:51;178571,44
2026-05-13 10:25:51;287356,3
2026-05-13 10:25:51;185643,56
2026-05-13 10:25:51;201612,89
2026-05-13 10:25:51;185643,56
2026-05-13 10:25:51;187969,92
2026-05-13 10:25:51;136861,31
2026-05-13 10:25:51;147058,83
2026-05-13 10:25:51;229357,78
2026-05-13 10:25:51;363372,1
2026-05-13 10:25:51;284090,9
2026-05-13 10:25:51;178571,44
2026-05-13 10:25:51;148809,53
2026-05-13 10:25:51;103305,79
2026-05-13 10:25:51;146484,38
2026-05-13 10:25:51;112612,6
2026-05-13 10:25:51;213068,19
2026-05-13 10:25:51;100806,445
2026-05-13 10:25:51;150602,4
2026-05-13 10:25:51;240384,61
2026-05-13 10:25:51;219298,25
2026-05-13 10:25:51;273722,62
2026-05-13 10:25:51;101626,02
2026-05-13 10:25:51;176886,8
2026-05-13 10:25:51;318877,56
2026-05-13 10:25:51;250000
2026-05-13 10:25:51;157563,03
2026-05-13 10:25:51;224820,16
2026-05-13 10:25:51;161290,33
2026-05-13 10:25:51;NaN
2026-05-13 10:25:51;166666,66
2026-05-13 10:25:51;176886,8
2026-05-13 10:25:51;158898,31
2026-05-13 10:25:51;132978,73
2026-05-13 10:25:51;183823,53
2026-05-13 10:25:51;218023,25
2026-05-13 10:25:51;208333,33
2026-05-13 10:25:51;119047,62
2026-05-13 10:25:51;182038,83
2026-05-13 10:25:51;215517,23
2026-05-13 10:25:51;NaN
2026-05-13 10:25:51;110619,47
2026-05-13 10:25:51;306372,53
2026-05-13 10:25:51;152439,02
2026-05-13 10:25:51;NaN
2026-05-13 10:25:51;231481,5
2026-05-13 10:25:51;250000
2026-05-13 10:25:51;189393,94
2026-05-13 10:25:51;240384,61
2026-05-13 10:25:51;83892,625
2026-05-13 10:25:51;183823,52
2026-05-13 10:25:51;130208,336
2026-05-13 10:25:51;297619,06
2026-05-13 10:25:51;213675,2
2026-05-13 10:25:51;233208,95
2026-05-13 10:25:51;245098,03
2026-05-13 10:25:51;204918,02
2026-05-13 10:25:51;372023,8
2026-05-13 10:25:51;275735,28
2026-05-13 10:25:51;297619,06
2026-05-13 10:25:51;312500
2026-05-13 10:25:51;187500
2026-05-13 10:25:51;363372,1
2026-05-13 10:25:51;107758,62
2026-05-13 10:25:51;213675,23
2026-05-13 10:25:51;94696,98
2026-05-13 10:25:51;198412,7
2026-05-13 10:25:51;262605,03
2026-05-13 10:25:51;297619,06
2026-05-13 10:25:51;217013,89
2026-05-13 10:25:51;108225,1
2026-05-13 10:25:51;113636,37
2026-05-13 10:25:51;101626,02
2026-05-13 10:25:51;223214,3
2026-05-13 10:25:51;172018,34
2026-05-13 10:25:51;238095,23
2026-05-13 10:25:51;127551,02
2026-05-13 10:25:51;103305,79
2026-05-13 10:25:51;260416,67
2026-05-13 10:25:51;347222,22
2026-05-13 10:25:51;130208,336
2026-05-13 10:25:51;160256,4
2026-05-13 10:25:51;250000
2026-05-13 10:25:51;160256,4
2026-05-13 10:25:51;312500,03
2026-05-13 10:25:51;112612,62
2026-05-13 10:25:51;144230,77
2026-05-13 10:25:51;244140,62
2026-05-13 10:25:51;81699,35
2026-05-13 10:25:51;347222,22
2026-05-13 10:25:51;228102,19
2026-05-13 10:25:51;297619,06
2026-05-13 10:25:51;130208,336
2026-05-13 10:25:51;198412,7
2026-05-13 10:25:51;73529,414
2026-05-13 10:25:51;178571,44
2026-05-13 10:25:51;175233,64
2026-05-13 10:25:51;183823,52
2026-05-13 10:25:51;238095,23
2026-05-13 10:25:51;136861,31
2026-05-13 10:25:51;225225,2
2026-05-13 10:25:51;258264,47
2026-05-13 10:25:51;119047,62
2026-05-13 10:25:51;195312,5
2026-05-13 10:25:51;181159,42
2026-05-13 10:25:51;189393,95
2026-05-13 10:25:51;168918,92
2026-05-13 10:25:51;100806,445
2026-05-13 10:25:51;213068,19
2026-05-13 10:25:51;219298,25
2026-05-13 10:25:51;225225,23
2026-05-13 10:25:51;133928,58
2026-05-13 10:25:51;156250
2026-05-13 10:25:51;253378,38
2026-05-13 10:25:51;122549,016
2026-05-13 10:25:51;360576,94
2026-05-13 10:25:51;175233,64
2026-05-13 10:25:51;111607,15
2026-05-13 10:25:51;172413,81
2026-05-13 10:25:51;225903,61
2026-05-13 10:25:51;228658,53
2026-05-13 10:25:51;105932,2
2026-05-13 10:25:51;132978,72
2026-05-13 10:25:51;279017,84
2026-05-13 10:25:51;113636,37
2026-05-13 10:25:51;390625
2026-05-13 10:25:51;172018,34
2026-05-13 10:25:51;292056,1
2026-05-13 10:25:51;290697,7
2026-05-13 10:25:51;134408,61
2026-05-13 10:25:51;160256,4
2026-05-13 10:25:51;161637,92
2026-05-13 10:25:51;250000
2026-05-13 10:25:51;275735,3
2026-05-13 10:25:51;133928,56
2026-05-13 10:25:51;250000
2026-05-13 10:25:51;240384,61
2026-05-13 10:25:51;287356,3
2026-05-13 10:25:51;257731,97
2026-05-13 10:25:51;292968,75
2026-05-13 10:25:51;105042,02
2026-05-13 10:25:51;255102,05
2026-05-13 10:25:51;186011,9
2026-05-13 10:25:51;49603,17
2026-05-13 10:25:51;158227,84
2026-05-13 10:25:51;323275,88
2026-05-13 10:25:51;367647,03
2026-05-13 10:25:51;152439,03
2026-05-13 10:25:51;182038,83
2026-05-13 10:25:51;215517,23
2026-05-13 10:25:51;304878,06
2026-05-13 10:25:51;90579,71
2026-05-13 10:25:51;81168,836
2026-05-13 10:25:51;191326,52
2026-05-13 10:25:51;152439,02
2026-05-13 10:25:51;192307,7
2026-05-13 10:25:51;279017,88
2026-05-13 10:25:51;288461,53
2026-05-13 10:25:51;215517,23
2026-05-13 10:25:51;215517,23
2026-05-13 10:25:52;113636,37
2026-05-13 10:25:52;161637,94
2026-05-13 10:25:52;233644,84
2026-05-13 10:25:52;247524,75
2026-05-13 10:25:52;260416,67
2026-05-13 10:25:52;171232,88
2026-05-13 10:25:52;286697,25
2026-05-13 10:25:52;367647,03
2026-05-13 10:25:52;183823,53
2026-05-13 10:25:52;119426,76
2026-05-13 10:25:52;168918,92
2026-05-13 10:25:52;135869,56
2026-05-13 10:25:52;279850,75
2026-05-13 10:25:52;88028,17
2026-05-13 10:25:52;130208,336
2026-05-13 10:25:52;167410,72
2026-05-13 10:25:52;104166,67
2026-05-13 10:25:52;156250
2026-05-13 10:25:52;120192,32
2026-05-13 10:25:52;220588,25
2026-05-13 10:25:52;262605,03
2026-05-13 10:25:52;303398,06
2026-05-13 10:25:52;89285,71
2026-05-13 10:25:52;120192,32
2026-05-13 10:25:52;288461,53
2026-05-13 10:25:52;137362,64
2026-05-13 10:25:52;257731,97
2026-05-13 10:25:52;150966,19
2026-05-13 10:25:52;284090,94
2026-05-13 10:25:52;245098,03
2026-05-13 10:25:52;82781,46
2026-05-13 10:25:52;164473,69
2026-05-13 10:25:52;315126,06
2026-05-13 10:25:52;144230,77
2026-05-13 10:25:52;63775,51
2026-05-13 10:25:52;245098,03
2026-05-13 10:25:52;351123,6
2026-05-13 10:25:52;168918,92
2026-05-13 10:25:52;90579,71
2026-05-13 10:25:52;257731,97
2026-05-13 10:25:52;142045,47
2026-05-13 10:25:52;178571,44
2026-05-13 10:25:52;59808,613
2026-05-13 10:25:52;125000
2026-05-13 10:25:52;277777,78
2026-05-13 10:25:52;81168,836
2026-05-13 10:25:52;176886,78
2026-05-13 10:25:52;126689,19
2026-05-13 10:25:52;164473,69
2026-05-13 10:25:52;154958,67
2026-05-13 10:25:52;351123,6
2026-05-13 10:25:52;122549,016
2026-05-13 10:25:52;211864,4
2026-05-13 10:25:52;260416,67
2026-05-13 10:25:52;123762,375
2026-05-13 10:25:52;416666,66
2026-05-13 10:25:52;309405,94
2026-05-13 10:25:52;328947,34
2026-05-13 10:25:52;191326,52
2026-05-13 10:25:52;215517,23
2026-05-13 10:25:52;225225,23
2026-05-13 10:25:52;304878,06
2026-05-13 10:25:52;144230,77
2026-05-13 10:25:52;157563,02
2026-05-13 10:25:52;178571,44
2026-05-13 10:25:52;274725,28
2026-05-13 10:25:52;260416,64
2026-05-13 10:25:52;103305,79
2026-05-13 10:25:52;178571,44
2026-05-13 10:25:52;246063
2026-05-13 10:25:52;416666,66
2026-05-13 10:25:52;195312,5
2026-05-13 10:25:52;137362,62
2026-05-13 10:25:52;373134,34
2026-05-13 10:25:52;195312,5
2026-05-13 10:25:52;85616,44
2026-05-13 10:25:52;NaN
2026-05-13 10:25:52;132042,25
2026-05-13 10:25:52;367647,03
2026-05-13 10:25:52;173611,11
2026-05-13 10:25:52;287356,3
2026-05-13 10:25:52;214041,1
2026-05-13 10:25:52;286697,25
2026-05-13 10:25:52;328947,38
2026-05-13 10:25:52;147637,8
2026-05-13 10:25:52;160256,4
2026-05-13 10:25:52;243506,48
2026-05-13 10:25:52;292968,75
2026-05-13 10:25:52;61274,508
2026-05-13 10:25:52;135869,56
2026-05-13 10:25:52;228658,53
2026-05-13 10:25:52;181159,4
2026-05-13 10:25:52;NaN
2026-05-13 10:25:52;206611,58
2026-05-13 10:25:52;127551,02
2026-05-13 10:25:52;281531,53
2026-05-13 10:25:52;357142,88
2026-05-13 10:25:52;62189,05
2026-05-13 10:25:52;132978,73
2026-05-13 10:25:52;225903,61
2026-05-13 10:25:52;142045,47
2026-05-13 10:25:52;334821,44
2026-05-13 10:25:52;206043,95
2026-05-13 10:25:52;100806,45
2026-05-13 10:25:52;172018,34
2026-05-13 10:25:52;189393,95
2026-05-13 10:25:52;247524,75
2026-05-13 10:25:52;186567,16
2026-05-13 10:25:52;176886,8
2026-05-13 10:25:52;231481,5
2026-05-13 10:25:52;294117,66
2026-05-13 10:25:52;178571,44
2026-05-13 10:25:52;246305,44
2026-05-13 10:25:52;130208,336
2026-05-13 10:25:52;210674,17
2026-05-13 10:25:52;209731,55
2026-05-13 10:25:52;81168,836
2026-05-13 10:25:52;88028,17
2026-05-13 10:25:52;273722,62
2026-05-13 10:25:52;304878,06
2026-05-13 10:25:52;210674,17
2026-05-13 10:25:52;189393,94
2026-05-13 10:25:52;181159,42
2026-05-13 10:25:52;245098,06
2026-05-13 10:25:52;229057,6
2026-05-13 10:25:52;246063
2026-05-13 10:25:52;173611,11
2026-05-13 10:25:52;155279,5
2026-05-13 10:25:52;312500
2026-05-13 10:25:52;344036,7
2026-05-13 10:25:52;128424,65
2026-05-13 10:25:52;192307,69
2026-05-13 10:25:52;194099,38
2026-05-13 10:25:52;147058,83
2026-05-13 10:25:52;143678,16
2026-05-13 10:25:52;309405,94
2026-05-13 10:25:52;171232,88
2026-05-13 10:25:52;164473,67
2026-05-13 10:25:52;138888,89
2026-05-13 10:25:52;347222,28
2026-05-13 10:25:52;186567,16
2026-05-13 10:25:52;215517,23
2026-05-13 10:25:52;201612,9
2026-05-13 10:25:52;152439,03
2026-05-13 10:25:52;229357,78
2026-05-13 10:25:52;140765,77
2026-05-13 10:25:52;208333,33
2026-05-13 10:25:52;274122,8
2026-05-13 10:25:52;173611,11
2026-05-13 10:25:52;284090,94
2026-05-13 10:25:52;93283,586
2026-05-13 10:25:52;290697,7
2026-05-13 10:25:52;178571,44
2026-05-13 10:25:52;135869,56
2026-05-13 10:25:52;309917,34
2026-05-13 10:25:52;131118,88
2026-05-13 10:25:52;185643,56
2026-05-13 10:25:52;480769,28
2026-05-13 10:25:52;115740,75
2026-05-13 10:25:52;150602,4
2026-05-13 10:25:52;312500
2026-05-13 10:25:52;375000
2026-05-13 10:25:52;182038,83
2026-05-13 10:25:52;321691,2
2026-05-13 10:25:52;257731,97
2026-05-13 10:25:52;231481,5
2026-05-13 10:25:52;102459,01
2026-05-13 10:25:52;256147,53
2026-05-13 10:25:52;303398,03
2026-05-13 10:25:52;134408,6
2026-05-13 10:25:52;247175,14
2026-05-13 10:25:52;165562,92
2026-05-13 10:25:52;364077,66
2026-05-13 10:25:52;164473,67
2026-05-13 10:25:52;284090,9
2026-05-13 10:25:52;347222,22
2026-05-13 10:25:52;267857,16
2026-05-13 10:25:52;185643,56
2026-05-13 10:25:52;146484,38
2026-05-13 10:25:52;250000
2026-05-13 10:25:52;183823,53
2026-05-13 10:25:52;191326,55
2026-05-13 10:25:52;74850,3
2026-05-13 10:25:52;83333,33
2026-05-13 10:25:52;195312,5
2026-05-13 10:25:52;161917,11
2026-05-13 10:25:52;290697,7
2026-05-13 10:25:52;275735,28
2026-05-13 10:25:52;198412,7
2026-05-13 10:25:52;192307,7
2026-05-13 10:25:52;224820,12
2026-05-13 10:25:52;197368,42
2026-05-13 10:25:52;79113,92
2026-05-13 10:25:52;215517,23
2026-05-13 10:25:52;223214,3
2026-05-13 10:25:52;242248,06
2026-05-13 10:25:52;255102,05
2026-05-13 10:25:52;215517,23
2026-05-13 10:25:52;80128,2
2026-05-13 10:25:52;215517,23
2026-05-13 10:25:52;284090,9
2026-05-13 10:25:52;290697,7
2026-05-13 10:25:52;276548,7
2026-05-13 10:25:52;183823,53
2026-05-13 10:25:52;135869,56
2026-05-13 10:25:52;168918,92
2026-05-13 10:25:52;210674,17
2026-05-13 10:25:52;117924,52
2026-05-13 10:25:52;245098,03
2026-05-13 10:25:52;203804,34
2026-05-13 10:25:52;292056,1
2026-05-13 10:25:52;117924,52
2026-05-13 10:25:52;267857,16
2026-05-13 10:25:52;126262,625
2026-05-13 10:25:52;137362,64
2026-05-13 10:25:52;208333,33
2026-05-13 10:25:52;241935,48
2026-05-13 10:25:52;192307,69
2026-05-13 10:25:52;228102,19
2026-05-13 10:25:52;186567,16
2026-05-13 10:25:52;145348,84
2026-05-13 10:25:52;158898,31
2026-05-13 10:25:52;199468,08
2026-05-13 10:25:53;228658,53
2026-05-13 10:25:53;168918,92
2026-05-13 10:25:53;275735,3
2026-05-13 10:25:53;NaN
2026-05-13 10:25:53;215517,23
2026-05-13 10:25:53;148809,53
2026-05-13 10:25:53;170454,55
2026-05-13 10:25:53;145348,84
2026-05-13 10:25:53;164473,69
2026-05-13 10:25:53;135869,58
2026-05-13 10:25:53;144230,77
2026-05-13 10:25:53;113636,37
2026-05-13 10:25:53;NaN
2026-05-13 10:25:53;133689,84
2026-05-13 10:25:53;245098,03
2026-05-13 10:25:53;101626,02
2026-05-13 10:25:53;265957,44
2026-05-13 10:25:53;204918,02
2026-05-13 10:25:53;210084,03
2026-05-13 10:25:53;140977,44
2026-05-13 10:25:53;168918,92
2026-05-13 10:25:53;161082,48
2026-05-13 10:25:53;390625
2026-05-13 10:25:53;142045,45
2026-05-13 10:25:53;176056,34
2026-05-13 10:25:53;303398,03
2026-05-13 10:25:53;290697,7
2026-05-13 10:25:53;64432,992
2026-05-13 10:25:53;166666,66
2026-05-13 10:25:53;138888,89
2026-05-13 10:25:53;227272,73
2026-05-13 10:25:53;189393,95
2026-05-13 10:25:53;279850,75
2026-05-13 10:25:53;93283,586
2026-05-13 10:25:53;173611,11
2026-05-13 10:25:53;67204,305
2026-05-13 10:25:53;182481,75
2026-05-13 10:25:53;210084,03
2026-05-13 10:25:53;135869,56
2026-05-13 10:25:53;201612,89
2026-05-13 10:25:53;189393,94
2026-05-13 10:25:53;186567,17
2026-05-13 10:25:53;186567,16
2026-05-13 10:25:53;152439,02
2026-05-13 10:25:53;186567,16
2026-05-13 10:25:53;297619,06
2026-05-13 10:25:53;286697,25
2026-05-13 10:25:53;111607,15
2026-05-13 10:25:53;367647,06
2026-05-13 10:25:53;121753,25
2026-05-13 10:25:53;154958,67
2026-05-13 10:25:53;178571,42
2026-05-13 10:25:53;95419,84
2026-05-13 10:25:53;300480,78
2026-05-13 10:25:53;115740,75
2026-05-13 10:25:53;312500,03
2026-05-13 10:25:53;120192,305
2026-05-13 10:25:53;203252,05
2026-05-13 10:25:53;142045,47
2026-05-13 10:25:53;271739,12
2026-05-13 10:25:53;157232,7
2026-05-13 10:25:53;187969,92
2026-05-13 10:25:53;107758,62
2026-05-13 10:25:53;167410,72
2026-05-13 10:25:53;93283,586
2026-05-13 10:25:53;378787,88
2026-05-13 10:25:53;252525,25
2026-05-13 10:25:53;235849,08
2026-05-13 10:25:53;189393,94
2026-05-13 10:25:53;238095,23
2026-05-13 10:25:53;192307,67
2026-05-13 10:25:53;188253,02
2026-05-13 10:25:53;111607,15
2026-05-13 10:25:53;157563,03
2026-05-13 10:25:53;277777,78
2026-05-13 10:25:53;172018,34
2026-05-13 10:25:53;NaN
2026-05-13 10:25:53;226449,27
2026-05-13 10:25:53;147929
2026-05-13 10:25:53;250000
2026-05-13 10:25:53;288461,53
2026-05-13 10:25:53;213675,23
2026-05-13 10:25:53;164473,67
2026-05-13 10:25:53;116822,44
2026-05-13 10:25:53;134408,61
2026-05-13 10:25:53;102459,02
2026-05-13 10:25:53;126262,625
2026-05-13 10:25:53;166666,66
2026-05-13 10:25:53;292968,75
2026-05-13 10:25:53;191326,55
2026-05-13 10:25:53;290697,7
2026-05-13 10:25:53;334821,44
2026-05-13 10:25:53;168918,92
2026-05-13 10:25:53;231481,47
2026-05-13 10:25:53;120192,305
2026-05-13 10:25:53;180635,83
2026-05-13 10:25:53;151209,67
2026-05-13 10:25:53;264084,5
2026-05-13 10:25:53;165929,2
2026-05-13 10:25:53;115030,68
2026-05-13 10:25:53;183823,53
2026-05-13 10:25:53;143678,16
2026-05-13 10:25:53;208333,33
2026-05-13 10:25:53;145348,84
2026-05-13 10:25:53;362318,8
2026-05-13 10:25:53;160256,4
2026-05-13 10:25:53;211864,4
2026-05-13 10:25:53;268817,22
2026-05-13 10:25:53;343406,6
2026-05-13 10:25:53;124172,18
2026-05-13 10:25:53;78125
2026-05-13 10:25:53;138121,55
2026-05-13 10:25:53;132978,73
2026-05-13 10:25:53;228658,53
2026-05-13 10:25:53;119047,62
2026-05-13 10:25:53;86206,91
2026-05-13 10:25:53;286259,53
2026-05-13 10:25:53;77639,75
2026-05-13 10:25:53;240384,61
2026-05-13 10:25:53;96153,84
2026-05-13 10:25:53;189393,94
2026-05-13 10:25:53;312500
2026-05-13 10:25:53;156250,02
2026-05-13 10:25:53;378787,84
2026-05-13 10:25:53;91911,76
2026-05-13 10:25:53;220070,42
2026-05-13 10:25:53;271739,16
2026-05-13 10:25:53;367647,06
2026-05-13 10:25:53;252016,14
2026-05-13 10:25:53;143678,16
2026-05-13 10:25:53;244140,62
2026-05-13 10:25:53;142045,45
2026-05-13 10:25:53;182038,84
2026-05-13 10:25:53;244140,62
2026-05-13 10:25:53;240384,64
2026-05-13 10:25:53;105932,2
2026-05-13 10:25:53;NaN
2026-05-13 10:25:53;208333,33
2026-05-13 10:25:53;213675,2
2026-05-13 10:25:53;172018,36
2026-05-13 10:25:53;176886,78
2026-05-13 10:25:53;186567,17
2026-05-13 10:25:53;160256,4
2026-05-13 10:25:53;217013,89
2026-05-13 10:25:53;312500,03
2026-05-13 10:25:53;38343,56
2026-05-13 10:25:53;74850,305
2026-05-13 10:25:53;183823,53
2026-05-13 10:25:53;121359,22
2026-05-13 10:25:53;223214,3
2026-05-13 10:25:53;160256,4
2026-05-13 10:25:53;271739,12
2026-05-13 10:25:53;145348,84
2026-05-13 10:25:53;113636,37
2026-05-13 10:25:53;162337,66
2026-05-13 10:25:53;150000
2026-05-13 10:25:53;144230,77
2026-05-13 10:25:53;245098,03
2026-05-13 10:25:53;277777,78
2026-05-13 10:25:53;173611,11
2026-05-13 10:25:53;157563,03
2026-05-13 10:25:53;164473,67
2026-05-13 10:25:53;126903,55
2026-05-13 10:25:53;132978,72
2026-05-13 10:25:53;198412,7
2026-05-13 10:25:53;192307,69
2026-05-13 10:25:53;142045,47
2026-05-13 10:25:53;267857,16
2026-05-13 10:25:53;333333,3
2026-05-13 10:25:53;240384,61
2026-05-13 10:25:53;142045,45
2026-05-13 10:25:53;182481,75
2026-05-13 10:25:53;255102,05
2026-05-13 10:25:53;180288,47
2026-05-13 10:25:53;96153,84
2026-05-13 10:25:53;177304,97
2026-05-13 10:25:53;229357,81
2026-05-13 10:25:53;176886,78
2026-05-13 10:25:53;187125,75
2026-05-13 10:25:53;166666,67
2026-05-13 10:25:53;172413,81
2026-05-13 10:25:53;306372,53
2026-05-13 10:25:53;161637,92
2026-05-13 10:25:53;129310,34
2026-05-13 10:25:53;201612,9
2026-05-13 10:25:53;90579,71
2026-05-13 10:25:53;153374,23
2026-05-13 10:25:53;220588,25
2026-05-13 10:25:53;204918,02
2026-05-13 10:25:53;193298,97
2026-05-13 10:25:53;195312,5
2026-05-13 10:25:53;112951,805
2026-05-13 10:25:53;176056,34
2026-05-13 10:25:53;353773,6
2026-05-13 10:25:53;390625
2026-05-13 10:25:53;390625
2026-05-13 10:25:53;302419,34
2026-05-13 10:25:53;171232,89
2026-05-13 10:25:53;260416,67
2026-05-13 10:25:53;176056,34
2026-05-13 10:25:53;138888,89
2026-05-13 10:25:53;140449,44
2026-05-13 10:25:53;112275,45
2026-05-13 10:25:53;130890,05
2026-05-13 10:25:53;176886,78
2026-05-13 10:25:53;240384,64
2026-05-13 10:25:53;184911,23
2026-05-13 10:25:53;264084,5
2026-05-13 10:25:53;61881,188
2026-05-13 10:25:53;210674,14
2026-05-13 10:25:53;83333,33
2026-05-13 10:25:53;257731,97
2026-05-13 10:25:53;176056,34
2026-05-13 10:25:53;183823,53
2026-05-13 10:25:53;208333,33
2026-05-13 10:25:53;175233,64
2026-05-13 10:25:53;221238,94
2026-05-13 10:25:53;195312,5
2026-05-13 10:25:53;195312,48
2026-05-13 10:25:53;134892,1
2026-05-13 10:25:53;NaN
2026-05-13 10:25:53;234375
2026-05-13 10:25:53;193298,97
2026-05-13 10:25:53;117924,52
2026-05-13 10:25:53;231481,5
2026-05-13 10:25:53;122549,016
2026-05-13 10:25:53;215517,23
2026-05-13 10:25:53;164473,69
2026-05-13 10:25:53;175233,64
2026-05-13 10:25:54;276548,7
2026-05-13 10:25:54;312500
2026-05-13 10:25:54;100806,445
2026-05-13 10:25:54;121753,24
2026-05-13 10:25:54;154321
2026-05-13 10:25:54;245098,03
2026-05-13 10:25:54;173611,11
2026-05-13 10:25:54;176056,34
2026-05-13 10:25:54;223214,3
2026-05-13 10:25:54;164473,69
2026-05-13 10:25:54;125000
2026-05-13 10:25:54;203252,05
2026-05-13 10:25:54;347222,22
2026-05-13 10:25:54;117924,54
2026-05-13 10:25:54;143129,78
2026-05-13 10:25:54;134408,6
2026-05-13 10:25:54;306372,53
2026-05-13 10:25:54;245098,03
2026-05-13 10:25:54;116822,42
2026-05-13 10:25:54;294811,3
2026-05-13 10:25:54;255102,05
2026-05-13 10:25:54;328947,34
2026-05-13 10:25:54;111607,15
2026-05-13 10:25:54;180288,47
2026-05-13 10:25:54;91911,766
2026-05-13 10:25:54;132978,72
2026-05-13 10:25:54;182038,84
2026-05-13 10:25:54;84459,46
2026-05-13 10:25:54;126689,19
2026-05-13 10:25:54;94696,98
2026-05-13 10:25:54;140449,44
2026-05-13 10:25:54;250000
2026-05-13 10:25:54;173611,11
2026-05-13 10:25:54;85616,44
2026-05-13 10:25:54;166666,67
2026-05-13 10:25:54;152439,03
2026-05-13 10:25:54;304878,06
2026-05-13 10:25:54;189393,95
2026-05-13 10:25:54;132978,73
2026-05-13 10:25:54;185643,56
2026-05-13 10:25:54;223214,3
2026-05-13 10:25:54;178571,44
2026-05-13 10:25:54;218023,27
2026-05-13 10:25:54;154958,67
2026-05-13 10:25:54;142045,45
2026-05-13 10:25:54;106837,62
2026-05-13 10:25:54;117187,5
2026-05-13 10:25:54;231481,47
2026-05-13 10:25:54;129310,34
2026-05-13 10:25:54;131118,89
2026-05-13 10:25:54;147058,83
2026-05-13 10:25:54;250000
2026-05-13 10:25:54;189393,94
2026-05-13 10:25:54;192307,69
2026-05-13 10:25:54;93750
2026-05-13 10:25:54;137665,2
2026-05-13 10:25:54;94696,97
